pincode,lat,lon
110001,28.6327,77.2196
110002,28.6352,77.2469
110003,28.5916,77.2318
110004,28.6142,77.1960
110005,28.6557,77.1875
110006,28.6611,77.2346
110007,28.6786,77.1916
110008,28.6482,77.1641
110009,28.7109,77.2031
110010,28.5929,77.1218
110011,28.6041,77.2116
110012,28.6282,77.1494
110013,28.5891,77.2568
110014,28.5793,77.2585
110015,28.6589,77.1458
110016,28.5472,77.2003
110017,28.5279,77.2089
110018,28.6436,77.0870
110019,28.5347,77.2602
110020,28.5388,77.2754
110021,28.5884,77.1859
110022,28.5641,77.1737
110023,28.5748,77.1991
110024,28.5684,77.2416
110025,28.5621,77.2857
110026,28.6683,77.1365
110027,28.6465,77.1169
110028,28.6318,77.1388
110029,28.5647,77.2003
110030,28.4957,77.1665
110031,28.6508,77.2676
110032,28.6866,77.2922
110033,28.7236,77.1757
110034,28.6930,77.1351
110035,28.6738,77.1643
110036,28.8222,77.1718
110037,28.5441,77.1160
110038,28.5132,77.1093
110039,28.8002,77.0355
110040,28.8349,77.0899
110041,28.6697,77.0569
110042,28.7506,77.1420
110043,28.6117,76.9787
110044,28.5007,77.3152
110045,28.5966,77.0826
110046,28.6041,77.0980
110047,28.4718,77.1315
110048,28.5479,77.2376
110049,28.5624,77.2231
110051,28.6569,77.2823
110052,28.6895,77.1754
110053,28.6757,77.2596
110054,28.6904,77.2275
110055,28.6456,77.2111
110056,28.6812,77.1211
110057,28.5616,77.1559
110058,28.6217,77.0883
110059,28.6218,77.0558
110060,28.6354,77.1857
110061,28.5351,77.0566
110062,28.5100,77.2355
110063,28.6699,77.1069
110064,28.6259,77.1143
110065,28.5678,77.2616
110066,28.5674,77.1873
110067,28.5433,77.1683
110068,28.4820,77.2171
110069,28.6097,77.2279
110070,28.5124,77.1370
110071,28.5613,77.0021
110072,28.6838,76.9709
110073,28.5709,76.9058
110074,28.4550,77.1837
110075,28.5900,77.0444
110076,28.5320,77.2959
110077,28.5710,77.0718
110078,28.6102,77.0301
110080,28.4966,77.2386
110081,28.7344,77.0110
110082,28.7762,77.1002
110083,28.6925,77.0884
110084,28.7579,77.1998
110085,28.7153,77.1088
110086,28.7020,77.0789
110087,28.6703,77.0858
110088,28.7122,77.1590
110089,28.7359,77.1287
110090,28.5488,77.2538
110091,28.6079,77.3055
110092,28.6362,77.2922
110093,28.6974,77.3156
110094,28.7157,77.2780
110095,28.6762,77.3159
110096,28.5953,77.3119
110097,28.5267,77.0792
121001,28.3900,77.2980
121002,28.4194,77.3669
121003,28.4539,77.3033
121004,28.2919,77.3554
121005,28.3700,77.2692
121006,28.3734,77.3353
121007,28.3890,77.3181
121008,28.4349,77.3181
121009,28.4870,77.2922
121010,28.4667,77.2894
121012,28.4207,77.2894
121013,28.4868,77.3352
121101,28.3799,77.4358
121102,28.1373,77.4243
121103,28.0446,77.1715
121105,28.0241,77.3210
121106,27.9237,77.3554
121107,27.9825,77.4931
122001,28.4555,77.0219
122002,28.4747,77.1049
122003,28.4421,77.0652
122004,28.4051,76.9758
122005,28.4362,77.0305
122006,28.4814,76.9931
122007,28.4719,77.0579
122008,28.4930,77.0724
122009,28.4642,77.0823
122010,28.4859,77.1058
122011,28.4259,77.0976
122015,28.4964,77.0593
122016,28.5079,77.0752
122017,28.5077,77.0277
122018,28.4181,77.0507
122051,28.3484,76.9240
122052,28.3703,76.9124
122101,28.3637,77.0219
122102,28.3118,77.0795
122103,28.1739,77.0795
122104,27.7465,76.9413
122105,28.4229,76.9197
122107,28.0775,77.0334
122108,27.9395,77.0334
122413,28.3043,76.8836
122414,28.2701,76.7683
122502,28.2714,76.6644
122503,28.3309,76.8029
122504,28.3849,76.7683
122505,28.4317,76.8952
122506,28.4330,76.7914
122508,27.8604,77.1715
123001,28.0318,76.1088
123021,28.1378,76.2479
123023,27.8893,76.0624
123024,28.3841,75.9695
123027,28.4076,76.2178
123028,28.2153,76.1088
123029,28.4098,76.1745
123034,28.2754,76.2479
123035,28.3712,76.6297
123101,28.1991,76.5141
123102,28.1851,76.3753
123103,28.2127,76.4216
123106,28.1760,76.7452
123110,28.2296,76.7942
123301,28.3643,76.5604
123302,28.3985,76.4447
123303,28.4120,76.3522
123401,28.2622,76.5719
123411,28.2942,76.4332
123412,28.0883,76.4968
123501,28.0579,76.5951
124001,28.9034,76.5719
124010,28.8459,76.5402
124021,28.8670,76.6644
124022,28.8767,76.4216
124102,28.6714,76.6528
124103,28.5878,76.6182
124104,28.5970,76.7106
124105,28.5270,76.8144
124106,28.5818,76.4447
124107,28.7629,76.6528
124108,28.4549,76.6644
124109,28.4410,76.5257
124111,28.9760,76.3869
124112,29.0121,76.2943
124113,28.8058,76.3985
124141,28.4883,76.3695
124142,28.4733,76.3348
124146,28.4925,76.4679
124201,28.7079,76.5604
124202,28.7065,76.4332
124303,29.0121,76.6297
124401,28.9300,76.7221
124404,28.8311,76.8202
124406,28.8911,76.7914
124411,28.8358,76.4679
124412,28.7718,76.5141
124501,28.7847,76.7567
124504,28.6949,76.7163
124505,28.7526,76.8952
124506,28.7103,76.8144
124507,28.6565,76.8490
124508,28.4229,76.9197
124513,29.0142,76.3695
124514,29.0358,76.5257
125001,29.0495,75.5742
125004,29.1406,75.6790
125005,29.1254,75.7488
125006,29.1102,75.8185
125007,29.1235,75.7052
125011,29.2316,75.6659
125033,29.0644,75.9231
125037,28.9531,75.8418
125038,29.1849,76.2016
125039,29.3119,76.1088
125042,29.0937,76.2016
125044,29.0671,75.8418
125047,29.3580,75.6906
125048,29.4336,75.5510
125049,29.2060,75.9695
125050,29.4836,75.3879
125051,29.6754,75.4811
125052,29.2921,75.5044
125053,29.3622,75.3179
125054,29.5659,75.2129
125055,29.4306,74.9209
125056,29.5659,75.2129
125058,29.4578,75.2596
125060,29.5680,75.1312
125075,29.5591,74.6635
125076,29.6263,74.8507
125077,29.6824,74.9443
125078,29.6985,75.0845
125101,29.7812,74.5346
125102,29.3979,74.6400
125103,29.7709,74.7337
125104,29.8811,74.7103
125106,29.6810,75.7371
125110,29.3412,75.1312
125111,29.5397,75.6906
125112,29.4136,75.7837
125113,29.5145,75.8766
125120,29.6508,75.8766
125121,29.3629,75.9463
125133,29.7768,75.7837
125201,29.8289,75.0378
126101,29.1177,76.4332
126102,29.2857,76.2943
126110,29.4038,76.4447
126111,29.4823,76.4332
126112,29.4102,76.6182
126113,29.3096,76.5257
126114,29.2042,76.3869
126115,29.4582,76.2016
126116,29.6757,76.1088
126125,29.4625,76.3522
126152,29.5295,76.0160
127021,28.7693,76.1552
127022,28.5045,76.2479
127025,28.7554,76.3522
127026,28.5918,76.0972
127027,28.8601,76.2595
127028,28.6695,75.6441
127029,28.6944,75.8766
127030,28.6128,75.9695
127031,28.8607,76.1552
127032,28.9423,76.0624
127035,28.9732,75.9231
127040,28.8770,75.8766
127041,28.9874,76.1668
127042,28.7254,76.2827
127043,28.7708,75.7371
127045,28.9508,75.6092
127046,28.8673,75.5742
127111,28.7674,76.0276
127114,28.8673,76.3290
127201,28.5017,75.7837
127306,28.5912,76.2016
127307,28.6513,76.3406
127308,28.5213,75.9695
127309,28.6953,76.2131
127310,28.4443,76.1088
131001,28.9905,76.9873
131021,28.9582,77.1255
131022,28.9711,76.9067
131023,28.9043,77.1600
131024,29.0832,76.8836
131027,29.0600,77.1140
131028,28.8677,77.1482
131029,28.8976,77.0910
131039,29.0784,77.0680
131101,29.1425,77.0219
131102,29.1106,76.9297
131103,28.8680,77.0219
131301,29.1002,76.7106
131302,29.2129,76.5835
131304,29.1272,76.5257
131305,29.1448,76.8144
131306,29.2110,76.7914
131402,28.8899,76.8952
131403,28.9299,76.9528
131408,28.9620,76.8144
131409,29.0134,76.7567
132001,29.6387,77.0795
132022,29.6990,77.1140
132023,29.7650,77.0910
132024,29.7430,76.7567
132036,29.6158,76.8490
132037,29.6170,76.9758
132039,29.5217,76.5951
132040,29.5554,76.8144
132041,29.8663,77.0795
132046,29.5107,76.7106
132054,29.8856,77.1600
132101,29.2647,76.9873
132102,29.2070,77.0392
132103,29.4107,77.0795
132104,29.3320,77.0910
132105,29.3799,76.8836
132106,29.3845,76.9297
132107,29.2977,76.7452
132108,29.3252,77.0219
132113,29.4289,76.8029
132114,29.5384,76.9873
132115,29.1972,77.1140
132116,29.7616,76.9413
132117,29.8980,76.9413
132122,29.2469,77.0967
132140,29.4916,76.8606
132145,29.3115,76.8836
132157,29.8386,76.8029
133001,30.3776,76.8606
133004,30.2846,76.8375
133005,30.3661,76.8865
133006,30.3370,76.9067
133101,30.2737,76.9528
133102,30.2463,76.9067
133103,30.1935,77.1715
133104,30.3236,76.9989
133201,30.2223,77.0622
133202,30.2445,77.1140
133203,30.2517,77.0161
133204,30.4248,77.2175
133205,30.1876,76.9989
133206,30.3468,77.1923
133207,30.2552,77.0507
133301,30.8273,76.8375
133302,30.8570,76.9067
134003,30.2830,76.7106
134005,30.3562,76.7964
134007,30.3994,76.7971
134101,30.7943,76.9009
134102,30.7511,76.9758
134103,30.6584,76.9528
134104,30.8080,76.9240
134107,30.7417,76.8836
134108,30.6924,76.8562
134109,30.7040,76.9009
134112,30.6753,76.8692
134113,30.6786,76.8461
134114,30.7193,76.8577
134116,30.6475,76.9009
134117,30.6666,76.8534
134118,30.5430,76.9297
134201,30.4424,76.9413
134202,30.4517,77.0334
134203,30.4609,77.1255
134204,30.5750,77.0219
134205,30.6373,77.0795
135001,30.1015,77.2750
135002,30.1027,77.1715
135003,30.1946,77.2980
135004,30.1474,77.3382
135021,30.3113,77.4472
135101,30.1581,77.3899
135102,30.3410,77.3096
135103,30.2489,77.3899
135106,30.3655,77.5390
135133,30.0118,77.1715
136020,29.8754,76.6066
136021,29.8347,76.6528
136026,29.7289,76.6182
136027,29.7755,76.4100
136030,29.9465,76.5257
136033,29.9272,76.3406
136034,30.0632,76.3406
136035,29.9627,76.2479
136038,29.9240,76.8606
136042,29.8025,76.5604
136043,29.6739,76.5257
136044,29.5781,76.4794
136117,29.6498,76.2943
136118,30.0125,76.8375
136119,29.9655,76.7106
136128,30.0014,76.6182
136129,30.1071,76.6528
136130,30.1189,76.7683
136131,29.9889,76.9413
136132,29.9981,77.0334
136135,30.1204,76.8952
136136,30.1893,76.7914
136156,30.0843,76.9873
140001,30.9688,76.5199
140101,30.7887,76.4679
140102,30.8289,76.4216
140103,30.8436,76.5604
140108,30.9510,76.6182
140109,30.9032,76.6990
140110,30.8331,76.6759
140111,30.9266,76.3869
140112,30.8690,76.3753
140113,31.0262,76.5835
140114,31.0911,76.6124
140115,31.1837,76.5835
140116,31.2262,76.5604
140117,31.1614,76.4794
140118,31.2363,76.4968
140119,31.0764,76.5257
140123,31.2675,76.4737
140124,31.3923,76.3811
140125,31.3599,76.3927
140126,31.3162,76.3522
140133,31.2788,76.4216
140201,30.6052,76.8461
140301,30.7630,76.6528
140306,30.6122,76.7221
140307,30.6804,76.6182
140308,30.7052,76.6932
140401,30.4949,76.5719
140402,28.4229,76.9197
140405,30.5758,76.3753
140406,30.6033,76.4216
140407,30.6661,76.3753
140412,30.7110,76.4794
140413,30.7534,76.5604
140417,30.4140,76.6644
140501,30.4681,76.8606
140506,30.5265,76.7683
140507,30.5836,76.8836
140601,30.5482,76.7048
140602,30.5901,76.6182
140603,30.6193,76.7914
140604,30.6625,76.8130
140701,30.4121,76.5373
140702,30.3062,76.6066
140802,30.7789,76.3753
140901,30.8178,76.7452
141001,30.9059,75.8360
141002,30.8872,75.8447
141003,30.8722,75.8360
141004,30.9033,75.8127
141006,30.8554,75.8621
141007,30.9661,75.9231
141008,30.9580,75.7488
141010,30.9024,75.9057
141012,30.8895,75.7895
141013,30.8615,75.8156
141014,30.8725,75.9405
141015,30.9112,75.9347
141016,30.8574,75.9057
141017,30.8487,75.9289
141101,30.8351,75.6557
141102,30.8879,75.7255
141103,30.8017,75.7081
141104,30.7826,75.6383
141105,30.7478,75.6790
141106,30.7488,75.6383
141107,30.7174,75.6092
141108,30.6829,75.7023
141109,30.6148,75.5975
141110,30.9026,75.6557
141112,30.8964,76.0044
141113,30.8540,76.0798
141114,30.8616,76.2016
141115,30.9516,76.2016
141116,30.8209,75.8302
141117,30.6836,75.9115
141118,30.7434,75.8418
141119,30.6211,75.9579
141120,30.8263,75.9812
141121,30.9041,76.2827
141122,30.8236,75.9057
141123,30.8876,75.9754
141125,30.8591,76.2827
141126,30.9365,76.0624
141127,28.4229,76.9197
141201,30.7683,75.8127
141202,30.7305,75.7255
141203,30.7582,75.7720
141204,30.6932,75.7953
141205,30.6593,75.7430
141206,30.7736,75.9115
141401,30.7114,76.1668
141411,30.7364,76.2943
141412,30.7590,76.1378
141413,30.6763,76.0508
141414,30.6613,76.1204
141415,30.6112,76.0740
141416,30.7239,76.0740
141417,30.7390,76.2131
141418,30.8177,76.0566
141419,30.7137,75.9812
141421,30.7864,76.0276
141422,30.8051,75.6383
141801,30.8190,76.3290
142001,30.8015,75.1662
142002,28.4229,76.9197
142003,28.4229,76.9197
142011,30.7872,75.2362
142021,30.8847,75.7811
142022,30.8508,75.7953
142023,30.8021,75.5626
142024,30.8445,75.5393
142025,30.9145,75.5626
142026,30.7717,75.4927
142027,30.9081,75.7546
142028,30.9001,75.0494
142029,30.7969,75.7662
142030,30.7069,75.5160
142031,30.6288,75.4228
142032,30.6394,75.5160
142033,30.9138,75.4578
142034,30.6791,75.4694
142035,30.7287,75.4112
142036,30.8312,75.4228
142037,30.6829,75.3062
142038,30.7304,75.0378
142039,30.5884,75.3645
142040,30.7225,75.2596
142041,30.8878,75.3296
142042,30.9767,75.2246
142043,30.9532,75.1195
142044,31.0837,74.9910
142045,30.5822,75.2129
142046,30.5349,75.2421
142047,30.9885,74.9443
142048,30.8202,75.0378
142049,30.6350,74.9910
142050,30.8933,74.8975
142052,30.8766,74.7571
142053,30.7630,75.3179
142054,30.8402,75.3062
142055,30.5678,75.2829
142056,30.6919,75.1896
142057,30.5686,75.0962
142058,30.9552,75.3296
142060,30.7882,74.8624
143001,31.6428,74.8566
143002,31.6319,74.8361
143005,31.6377,74.8259
143006,31.6052,74.9150
143008,31.6853,74.8858
143009,31.5654,74.8156
143022,31.5544,74.9092
143101,31.7185,74.7922
143102,31.8337,74.7337
143103,31.8702,74.8507
143105,31.6043,74.7688
143107,31.5957,74.6986
143108,31.6065,74.6049
143109,31.7042,74.6752
143111,31.5850,75.1662
143112,31.5181,75.1662
143113,31.6353,75.0261
143114,31.6602,75.2362
143115,31.5489,75.0494
143116,31.6366,75.1312
143117,31.4428,75.0962
143118,31.4287,75.1662
143119,31.7160,75.1429
143149,31.5767,75.0962
143201,31.4789,75.2129
143202,31.5737,75.2596
143203,31.6069,75.3529
143204,31.5345,75.3062
143205,31.6211,75.2829
143301,31.4734,74.7922
143302,31.4231,74.7454
143303,31.3504,74.6986
143304,31.2919,74.7688
143305,31.3516,74.6166
143401,31.4359,74.9443
143402,28.4229,76.9197
143406,31.4568,75.0261
143407,31.3283,75.0728
143408,31.2333,75.0261
143409,31.3004,75.0261
143410,31.2865,74.9092
143411,31.3675,75.0261
143412,31.1998,74.9326
143413,31.5182,74.9793
143414,31.5037,74.6752
143415,31.3409,74.8975
143416,31.1900,74.7571
143419,31.1672,74.5698
143422,31.3338,75.1195
143501,31.6492,74.9559
143502,31.7216,75.0027
143504,31.7077,75.0728
143505,31.7759,75.1779
143506,31.8217,75.2829
143507,31.8218,75.0962
143511,31.9039,75.1312
143512,32.0082,75.1662
143513,31.9025,75.0261
143514,31.6935,75.3296
143515,31.7195,75.4578
143516,31.8076,75.3529
143517,31.8489,75.5160
143518,31.8760,75.2712
143519,31.9553,75.2829
143520,32.0052,75.3296
143521,32.0579,75.3995
143525,32.1636,75.3529
143526,32.0595,75.3179
143527,31.8016,75.4927
143528,31.9478,75.5044
143529,31.9467,75.3995
143530,31.9994,75.4694
143531,32.1203,75.4578
143532,32.1219,75.3762
143533,32.1214,75.5626
143534,32.2092,75.4578
143601,31.7981,74.9910
143602,31.8746,74.9793
143603,31.9745,74.8858
143604,32.0108,75.0027
143605,31.9303,75.0728
143606,31.8217,74.9092
144001,31.3271,75.5917
144002,31.3102,75.4927
144003,31.3007,75.5568
144004,31.3443,75.5811
144005,31.2957,75.6354
144006,31.3214,75.5786
144007,31.3224,75.6237
144008,31.3388,75.5713
144009,31.3633,75.6150
144010,31.2916,75.6732
144011,31.2938,75.5815
144012,31.3943,75.5917
144014,31.5411,75.8011
144020,31.2339,75.6092
144021,31.3527,75.5218
144022,31.2836,75.6034
144023,31.3122,75.6455
144024,31.2652,75.6383
144025,31.3736,75.6557
144026,31.2734,75.5626
144027,31.3660,75.5524
144028,31.2009,75.5160
144029,31.0860,75.9405
144030,31.3943,75.7895
144031,31.1274,75.7081
144032,31.2105,75.6499
144033,31.1640,75.5859
144034,31.1271,75.6557
144035,31.0426,75.7023
144036,31.0149,75.6557
144037,31.0898,75.6732
144039,31.0644,75.5975
144040,31.1256,75.4461
144041,31.0036,75.4578
144042,31.1610,75.5102
144043,31.1313,75.5451
144044,31.0825,75.5102
144101,31.3314,75.6790
144102,31.4039,75.7255
144103,31.4258,75.7459
144104,31.4029,75.7662
144105,31.4986,75.7720
144106,31.4476,75.7662
144201,31.5624,75.6441
144202,31.6857,75.5510
144204,31.6392,75.6324
144205,31.8356,75.6906
144206,31.7727,75.9231
144207,31.7418,75.7488
144208,31.6183,75.8418
144209,31.6958,75.9347
144210,31.6775,75.7720
144211,31.9488,75.6092
144212,31.6866,75.6557
144213,31.7943,75.8185
144214,31.8793,75.5859
144216,31.9334,75.8650
144221,31.9746,75.7371
144222,31.9255,75.7953
144223,31.8613,75.8185
144224,31.8718,75.9115
144301,31.4331,75.6383
144302,31.4604,75.6324
144303,31.5025,75.6092
144305,31.7339,75.6790
144306,32.0156,75.6092
144311,31.1485,75.6964
144401,31.2575,75.8185
144402,31.2247,75.7255
144403,31.2945,75.7488
144404,31.3052,75.8941
144405,31.3274,75.8418
144406,31.3414,75.9173
144407,31.3383,75.7895
144408,31.3362,75.8708
144409,31.1402,75.7720
144410,31.0405,75.7837
144411,31.2669,75.7023
144415,31.0273,75.9173
144416,31.0895,75.8708
144417,31.0587,75.9986
144418,31.1005,75.8185
144419,31.0584,75.8941
144421,31.1013,76.0276
144422,31.0437,75.9637
144501,31.1929,75.8418
144502,31.1543,75.8476
144503,31.2481,75.9347
144504,31.1819,75.8941
144505,31.2058,75.9579
144506,31.2136,76.0798
144507,31.1134,75.9347
144508,31.1737,76.0740
144509,31.1646,75.9405
144510,31.2334,76.0044
144511,31.1361,75.9870
144512,31.1749,76.0334
144513,31.1300,76.0334
144514,31.1339,76.1204
144515,31.0541,76.2131
144516,31.1165,76.1668
144517,31.0665,76.1204
144518,31.0165,76.0740
144519,31.2781,75.9521
144520,31.2782,76.0044
144521,31.0516,76.2943
144522,31.0166,76.3869
144523,31.2638,76.2827
144524,31.2164,76.2595
144525,31.1765,76.3058
144526,31.1041,76.2595
144527,31.2213,76.2016
144528,31.2711,76.1436
144529,31.2922,76.0798
144530,31.3384,76.1436
144531,31.2609,76.0508
144532,31.1577,76.1842
144533,30.9977,76.4737
144601,31.3871,75.3837
144602,31.3889,75.3995
144603,31.3534,75.4587
144606,31.2946,75.1662
144620,31.3459,75.3179
144621,31.5839,75.5393
144622,31.5115,75.4927
144623,31.2672,75.4112
144624,31.5573,75.4184
144625,31.2466,75.3296
144626,31.2346,75.1312
144628,31.3448,75.2129
144629,31.1450,75.1312
144630,31.1928,75.4461
144631,31.6178,75.4461
144632,31.1762,75.7430
144633,31.1782,75.6615
144701,31.1668,75.3179
144702,31.0718,75.2712
144703,31.0476,75.3529
144801,31.4524,75.5626
144802,31.5007,75.3995
144803,31.4695,75.5160
144804,31.5176,75.3529
144805,31.4073,75.5102
144806,31.3943,75.4461
144819,31.5807,75.4636
145001,32.3801,75.7837
145022,32.4423,75.8418
145023,32.3143,75.5975
145024,32.3676,75.6266
145025,32.2201,75.5510
145026,32.2579,75.3995
145027,32.2995,75.3762
145029,32.3597,75.7023
145101,32.1517,75.6324
146001,31.4696,75.9115
146021,31.5694,76.0044
146022,31.5039,75.8185
146023,31.5133,75.9521
146024,31.6438,75.9695
146101,31.3903,76.0044
146102,31.4751,76.0624
146103,31.3763,75.9289
146104,31.4076,75.9579
146105,31.3730,76.0508
146106,31.3292,75.9841
146107,31.3168,75.9986
146108,31.3229,75.9521
146109,31.3282,76.0508
146110,31.5298,76.0508
146111,31.4617,75.8418
146112,31.3998,75.8883
146113,31.5943,75.7778
146114,31.5693,75.7546
146115,31.5542,75.7197
146116,31.6101,75.7197
147001,30.2896,76.3406
147002,30.3572,76.4447
147003,30.3573,76.4187
147004,30.3850,76.3869
147005,30.3550,76.3435
147006,28.4229,76.9197
147007,28.4229,76.9197
147021,30.3091,76.5257
147101,30.1843,76.2016
147102,29.9982,76.1552
147103,30.2691,76.4679
147104,30.5157,76.3406
147105,29.9026,76.1088
147111,30.1732,76.5257
147201,30.3603,76.1552
147202,30.5008,76.2016
147203,30.5861,76.1552
147301,30.6538,76.2595
148001,30.2346,75.8302
148002,28.4229,76.9197
148017,30.3477,75.9347
148018,30.4231,76.0044
148019,30.5883,75.8650
148020,30.5403,75.7371
148021,30.6533,75.8418
148022,30.4808,76.0160
148023,30.5158,75.9231
148024,30.4153,75.8302
148025,30.4449,75.6906
148026,30.2549,76.0160
148027,29.7943,76.0508
148028,30.0938,75.7837
148029,30.0735,75.7023
148030,30.0360,75.7720
148031,29.9178,75.8302
148033,29.8373,75.9231
148034,30.3324,75.7953
148035,29.9984,75.9463
148100,30.5089,75.4578
148101,30.4393,75.5393
148102,30.4479,75.3179
148103,30.4062,75.4461
148104,30.5195,75.5510
148105,30.2488,75.5510
148106,30.2140,75.6441
148107,30.2834,75.4578
148108,30.3107,75.3995
148109,30.3970,75.6150
151001,30.1738,74.8975
151002,30.2486,74.8624
151003,30.2645,74.9501
151004,30.2200,75.0027
151005,30.1969,74.9501
151101,30.1956,75.0845
151102,30.3255,75.0378
151103,30.2622,75.2712
151104,30.3398,75.2596
151105,30.3065,75.1662
151106,30.4246,75.2129
151108,30.5066,75.1429
151111,30.2389,75.1662
151201,30.3035,74.8507
151202,30.4331,74.8039
151203,30.6915,74.7103
151204,30.5230,74.8039
151205,30.4101,74.9910
151206,30.4660,75.0845
151207,30.6689,74.8975
151208,30.5396,74.9443
151209,30.5975,74.7688
151210,28.4229,76.9197
151211,29.9503,74.6283
151212,30.7194,74.5698
151213,28.4229,76.9197
151301,29.9591,74.9910
151302,29.9301,75.1312
151401,30.0671,74.7571
151501,29.8572,75.6906
151502,29.9828,75.5975
151503,29.8418,75.5510
151504,30.1132,75.5510
151505,29.9367,75.3879
151506,29.7704,75.3179
151507,29.6392,75.2596
151508,30.0623,75.3995
151509,30.1215,75.2246
151510,30.1726,75.3762
152001,30.9205,74.6108
152002,30.9940,74.6166
152003,30.8666,74.5815
152004,30.8779,74.6752
152005,30.9662,74.7571
152021,31.0614,74.8039
152022,30.6517,74.3822
152023,30.8816,74.4291
152024,30.6344,74.2414
152025,30.4613,74.6635
152026,30.5595,74.5463
152028,28.4229,76.9197
152031,30.3713,74.6635
152032,30.3937,74.4760
152033,30.5056,74.2884
152101,30.2110,74.6400
152107,30.1688,74.4760
152112,30.3038,74.4760
152113,29.9998,74.5698
152114,30.0942,74.5112
152115,30.0730,74.4291
152116,30.0502,74.2414
152117,30.1743,74.3109
152118,28.4229,76.9197
152121,30.3027,74.1005
152122,30.2469,74.1711
152123,30.4121,74.0770
152124,30.3651,74.2414
152128,30.1620,74.0535
152132,30.0408,73.9830
160001,30.7535,76.8058
160002,30.6896,76.7885
160003,30.6739,76.8000
160004,30.6583,76.7856
160009,30.7467,76.7942
160011,30.7574,76.7885
160012,30.7680,76.7827
160014,30.7777,76.7394
160015,30.7505,76.7769
160017,30.7398,76.7827
160018,30.7332,76.7870
160019,30.7303,76.8000
160020,30.7213,76.7813
160022,30.7268,76.7654
160023,30.7396,76.7668
160025,30.7527,76.7163
160030,30.7122,76.7885
160036,30.7325,76.7394
160047,30.6999,76.7510
160055,30.7264,76.7077
160059,30.7191,76.7206
160062,30.6837,76.7308
160071,30.7039,76.7077
160101,30.7183,76.8202
160102,30.6844,76.8202
160103,30.7071,76.7175
160104,30.6428,76.8548
171001,31.1012,77.1744
171002,31.0831,77.1629
171003,31.1369,77.1658
171004,31.0876,77.1514
171005,31.1222,77.1313
171006,31.0953,77.2003
171007,31.1602,77.2290
171008,31.1066,77.1169
171009,31.0406,77.1600
171010,31.0658,77.1313
171011,31.0988,77.0680
171012,31.0723,77.2520
171013,28.4229,76.9197
171018,31.2254,77.2060
171019,31.2516,77.3554
171102,31.2399,76.9067
171103,31.1788,77.0795
171201,31.1086,77.3899
171202,31.1018,77.5505
171203,31.1987,77.6192
171204,31.1672,77.5275
171205,31.1130,77.6651
171206,31.0665,77.7681
171207,31.2018,77.7681
171208,31.2891,77.9739
171209,31.0567,77.3210
171210,30.9018,77.6994
171211,30.9044,77.4931
171212,31.1989,77.4054
171213,31.2262,77.4401
171214,31.3109,77.8482
171215,31.3345,77.4530
171216,31.1284,77.8253
171217,30.8331,77.5734
171218,31.0070,77.2750
171219,31.0410,77.1082
171220,31.1559,77.4128
171221,31.2815,78.1336
171222,31.1565,77.3612
171223,31.2319,77.6708
171224,31.3225,77.7338
171225,31.2247,77.5390
171226,30.9902,77.4472
171301,31.2223,77.1198
172001,31.3992,77.5963
172002,31.5240,77.6078
172021,31.3069,77.5734
172022,31.3821,77.7681
172023,31.4149,77.5275
172024,31.3288,77.3956
172025,31.3834,77.4358
172026,31.4811,77.4013
172027,31.3315,77.3669
172028,31.3334,77.5562
172029,31.2934,77.4358
172030,31.3379,77.4874
172031,31.2799,77.5275
172032,31.5026,77.5046
172033,31.3677,77.5046
172034,31.5339,77.8253
172101,31.6070,77.7681
172102,31.4889,77.8253
172103,31.6739,77.9967
172104,31.4940,77.9967
172105,31.4661,78.1792
172106,31.3109,78.4525
172107,31.4830,78.3615
172108,31.6750,78.2476
172109,31.4380,78.6115
172110,31.7979,78.3615
172111,31.7696,78.5434
172112,31.8881,78.6115
172113,32.2219,78.3387
172114,32.4152,78.0195
172115,31.6608,77.8596
172116,31.5730,78.3615
172117,31.9186,77.9739
172118,31.5926,78.0880
172201,31.4778,77.7109
173001,30.5946,77.3324
173021,30.4620,77.4817
173022,30.6330,77.4931
173023,30.7235,77.4931
173024,30.7822,77.1715
173025,30.5191,77.7223
173026,30.6098,77.2003
173027,30.7413,77.6765
173028,30.5528,77.6593
173029,30.6010,77.6307
173030,30.5482,77.2060
173031,30.5946,77.3324
173032,28.4229,76.9197
173101,30.8863,77.3095
173104,30.8050,77.4013
173201,30.9424,76.8606
173202,30.9021,76.9902
173204,30.9293,76.9528
173205,30.9703,76.8029
173206,31.0017,76.9989
173207,31.0895,76.9758
173208,31.1321,76.9528
173209,30.8963,77.0161
173210,30.8710,77.0449
173211,30.9111,77.0507
173212,30.9056,77.1082
173213,30.9434,77.0910
173214,30.9204,77.1428
173215,30.9869,77.1313
173217,30.9674,77.2175
173218,31.0800,76.8836
173220,30.8640,76.9758
173221,31.0262,77.0737
173222,31.0427,77.0421
173223,30.8826,77.1600
173225,31.0349,76.8836
173229,30.8181,77.0795
173230,31.2195,76.9816
173233,30.9697,76.9067
173234,30.9935,77.0852
173235,31.1721,76.9585
174001,31.3355,76.7452
174002,31.3336,76.5141
174003,31.4278,76.7683
174004,31.3879,76.7625
174005,31.2930,76.7683
174011,31.2408,76.6990
174012,31.3939,76.8202
174013,31.3638,76.8548
174015,31.2385,76.6239
174017,31.3009,76.6297
174021,31.4702,76.7452
174023,31.5054,76.6528
174024,31.3830,76.7163
174026,31.4940,76.7048
174027,31.3286,76.4679
174028,31.5775,76.6990
174029,31.4156,76.6528
174030,31.4233,76.5141
174031,31.3633,76.6355
174032,31.2528,76.8144
174033,31.3026,76.8606
174034,31.3732,76.6759
174035,31.3833,76.6124
174036,31.4094,76.8346
174101,31.0460,76.6644
174102,31.1006,76.7567
174103,30.8973,76.8606
174201,31.4184,76.4679
174301,31.3536,76.2827
174302,31.5477,76.2131
174303,31.4881,76.2827
174304,31.5361,76.4939
174305,31.5081,76.4679
174306,31.4483,76.3290
174307,31.6076,76.3522
174308,31.5404,76.4042
174309,31.4956,76.5084
174310,31.2936,76.5604
174311,31.5765,76.5315
174312,31.5554,76.4390
174314,31.6049,76.1987
174315,31.3960,76.3116
174316,31.5725,76.1842
174317,31.4861,76.1871
174319,31.4643,76.2669
174320,31.6672,76.2827
174321,31.5404,76.3522
174405,31.5979,76.4581
174503,31.3709,76.1842
174505,31.6313,76.5199
174507,31.3497,76.2647
175001,31.6963,76.9240
175002,31.7335,76.9585
175003,31.7761,76.8836
175004,31.7179,77.0795
175005,31.7904,77.0219
175006,31.6064,76.9758
175007,31.5661,76.7510
175008,31.5906,76.8779
175009,31.3061,77.1140
175010,31.3282,77.1658
175011,31.3774,77.2635
175012,31.8875,76.9873
175013,32.0121,76.8952
175014,31.8731,76.8490
175015,32.0024,76.8029
175016,31.9181,76.7452
175017,31.3972,76.9067
175018,31.4746,76.8952
175019,31.5381,76.9124
175021,31.6290,76.9240
175023,31.6120,76.8144
175024,31.6720,76.7452
175025,31.7591,76.7221
175026,31.7741,76.6528
175027,31.5367,76.9528
175028,31.5462,77.0449
175029,31.6159,77.0680
175030,31.4488,76.8087
175031,31.4788,77.0449
175032,32.0050,76.7221
175033,31.5648,76.7914
175034,31.5199,76.7914
175035,31.6276,77.1830
175036,31.5696,76.8375
175037,31.7281,76.6932
175038,31.3943,76.9873
175039,31.5347,77.0967
175040,31.7888,76.7914
175042,31.7069,76.7048
175046,31.4084,77.1255
175047,31.5123,77.2635
175048,31.5378,77.1830
175049,31.7016,76.8144
175050,31.8213,76.6759
175051,31.8635,76.7048
175052,31.7089,76.8836
175101,31.9615,77.1082
175102,31.9494,77.0449
175103,32.3432,77.1830
175104,32.2781,77.3095
175105,32.0347,77.3324
175106,31.6570,77.2520
175121,31.7768,77.2175
175122,31.7266,77.2750
175123,31.6946,77.5161
175124,31.6636,76.9873
175125,31.9112,77.2175
175126,31.8847,77.0680
175128,32.0312,77.0795
175129,32.0835,77.0449
175130,32.0901,77.2175
175131,32.3038,77.1255
175132,32.7479,77.3324
175133,32.6406,76.9413
175134,31.9727,77.6078
175136,32.1841,77.2635
175138,31.9960,77.1715
175139,32.7690,76.8952
175140,32.5395,77.4702
175141,31.8703,77.3669
175142,32.8675,76.7798
175143,32.1652,77.0795
176001,32.1137,76.2827
176021,32.1964,75.9754
176022,32.1391,75.9115
176023,32.1077,76.0276
176025,32.0402,75.9231
176026,32.0786,76.1668
176027,32.0263,76.0972
176028,31.9646,76.1436
176029,31.9774,76.2595
176030,31.9256,76.3985
176031,31.8957,76.3290
176032,31.8338,76.3753
176033,32.0005,76.1407
176036,31.8064,76.3290
176037,32.0271,76.3058
176038,32.0691,76.2827
176039,31.4407,76.5719
176040,31.5404,76.5604
176041,31.6126,76.5546
176042,31.5814,76.5777
176043,31.5857,76.6442
176044,31.6025,76.6701
176045,31.6224,76.6470
176047,32.1202,76.3927
176048,31.6173,76.7048
176049,31.5453,76.6066
176051,32.2059,75.9115
176052,32.1660,76.4042
176053,32.1659,76.3522
176054,31.9627,76.3290
176055,31.9703,76.3985
176056,32.0793,76.3753
176057,32.2377,76.3985
176058,32.1959,76.5257
176059,32.1376,76.4505
176060,32.0892,76.4158
176061,32.1191,76.5373
176062,32.0931,76.5546
176063,32.0373,76.6066
176064,32.0707,76.4505
176065,32.0484,76.4245
176066,32.0920,75.8883
176071,31.9790,76.6355
176073,31.9071,76.4852
176075,31.8612,76.4737
176076,31.9927,76.6066
176077,32.0459,76.7394
176081,32.0820,76.6066
176082,31.8649,76.5084
176083,32.0423,76.4968
176084,31.9691,76.4390
176085,32.0621,76.4737
176086,32.0347,76.3753
176087,32.0225,76.5199
176088,31.9306,76.6528
176089,31.8959,76.6673
176090,31.8847,76.6932
176091,31.8797,76.6470
176092,31.9667,76.5199
176093,31.9518,76.4852
176094,31.9431,76.5604
176095,31.9195,76.6008
176096,31.9034,76.5546
176097,31.8997,76.5199
176098,32.1905,76.0218
176101,32.0025,76.4390
176102,32.0584,76.5430
176103,32.0497,76.5662
176107,31.9244,76.4390
176108,31.8146,76.4823
176109,31.8785,76.5835
176110,31.8041,76.5141
176111,31.7867,76.5604
176115,31.8611,76.4216
176125,32.3045,76.9182
176128,31.9827,76.6701
176200,32.3471,75.9812
176201,32.2618,75.7888
176202,32.2997,75.9057
176203,32.3574,75.9492
176204,32.2238,75.8257
176205,32.2608,76.0044
176206,32.1553,76.1552
176207,32.3281,76.1088
176208,32.1778,76.2074
176209,32.1546,76.3000
176210,32.1154,76.0972
176211,32.3463,75.8766
176213,32.1692,76.2305
176214,32.1309,76.2363
176215,32.2141,76.3348
176216,32.1805,76.2827
176217,32.2225,76.2595
176218,32.2991,76.2479
176219,32.2746,76.3290
176225,32.2267,76.0972
176301,32.4946,75.9115
176302,32.4065,76.0160
176303,32.5611,75.9115
176304,32.5494,76.0044
176305,32.5313,75.9666
176306,32.5938,76.0044
176308,32.6355,75.9812
176309,32.3444,76.6644
176310,32.4960,76.1204
176311,32.4324,76.2479
176312,32.6069,76.1204
176313,32.4633,76.0276
176314,32.5795,76.0740
176315,32.4926,76.5951
176316,32.8953,76.2247
176317,32.7297,76.0798
176318,32.6151,76.2943
176319,32.6935,76.2016
176320,32.7612,76.0160
176321,32.7873,76.2479
176323,32.9753,76.5488
176324,32.3245,76.4794
176325,32.6080,75.9347
176401,32.1082,75.7371
176402,32.1820,75.7023
176403,32.2362,75.6906
176501,31.8993,75.9579
176502,31.9465,75.9812
176601,31.4643,76.2669
177001,31.6673,76.4910
177005,31.7096,76.5199
177006,31.6288,76.3927
177007,31.7618,76.4852
177020,31.6291,76.4586
177021,31.7244,76.6586
177022,31.7916,76.6066
177023,31.7307,76.6124
177024,31.6447,76.6990
177025,31.6822,76.6297
177026,31.6145,76.4313
177027,31.7108,76.5575
177028,31.8338,76.5835
177029,31.6810,76.5662
177031,31.4558,76.3985
177033,31.7617,76.3290
177034,31.7343,76.2827
177038,31.7332,76.5315
177039,31.5840,76.3927
177040,31.7058,76.5893
177041,31.6549,76.3753
177042,31.7406,76.3927
177043,31.7764,76.2595
177044,31.7829,76.3956
177045,31.7668,76.4274
177048,31.7146,76.4621
177101,31.9053,76.2131
177103,31.8333,76.1668
177104,31.8607,76.2131
177105,31.9224,76.1146
177106,31.9320,76.0508
177107,31.8085,76.1958
177108,31.8136,76.2421
177109,31.8181,76.0798
177110,31.8281,76.1204
177111,31.8848,76.0276
177112,31.8676,76.0740
177113,31.8927,76.1494
177114,31.9661,76.2074
177117,31.8683,76.2827
177118,31.7046,76.4216
177119,31.7817,76.4621
177201,31.6417,76.0508
177202,31.7051,76.0682
177203,31.6642,76.1030
177204,31.7981,76.0508
177205,31.6802,76.0450
177206,31.7558,76.0218
177207,31.5202,76.1668
177208,31.5797,76.0972
177209,31.4530,76.1668
177210,31.7538,76.1552
177211,31.6545,76.1668
177212,31.6999,76.0218
177213,31.7337,76.0740
177219,31.5975,76.2595
177220,31.4133,76.2131
177301,31.7033,76.3579
177401,31.6262,76.5777
177501,31.6499,76.5893
177601,31.6871,76.6759
182203,33.0652,75.9695
201001,28.6644,77.4386
201002,28.6806,77.4587
201003,28.7451,77.4128
201004,28.7012,77.3726
201005,28.6798,77.3435
201006,28.6757,77.3310
201007,28.6767,77.3870
201008,28.6016,77.5963
201009,28.6159,77.4415
201010,28.6609,77.3411
201011,28.6690,77.3292
201012,28.6505,77.3525
201013,28.6846,77.4860
201014,28.6438,77.3726
201015,28.6766,77.5390
201016,28.6294,77.4329
201017,28.7040,77.4329
201019,28.6429,77.3442
201102,28.7883,77.2635
201103,28.7137,77.3047
201201,28.8561,77.6192
201204,28.8497,77.5505
201206,28.8100,77.4931
201301,28.5821,77.3267
201303,28.5613,77.3497
201304,28.5160,77.3969
201305,28.5323,77.4071
201306,28.5199,77.4587
201307,28.5875,77.3841
201309,28.6198,77.3612
201310,28.4553,77.5046
201311,28.5313,77.5347
201312,28.4198,77.5247
201313,28.5399,77.3353
201314,28.5259,77.5727
202001,27.9079,78.0766
202002,27.8432,77.9967
202121,27.7871,78.2818
202122,28.0003,78.0766
202123,27.8311,77.8596
202124,27.7363,77.9624
202125,27.9053,78.1792
202126,28.0695,78.0766
202127,28.0333,78.1906
202128,27.8756,78.2362
202129,27.9171,78.3159
202130,27.9374,78.4183
202131,28.0172,78.4070
202132,28.1184,77.8482
202133,27.9787,78.4979
202134,27.8719,78.4638
202135,27.9278,77.7795
202136,28.0384,77.9853
202137,28.0453,77.6765
202138,27.9234,77.8596
202139,27.7166,78.1336
202140,27.9315,77.9510
202141,28.0075,77.7681
202142,28.0197,77.9053
202143,28.0752,77.9453
202145,27.6926,77.8596
202146,27.6452,77.8953
202150,27.7945,78.0994
202155,28.0997,77.7681
202165,28.0370,77.5849
202170,27.7244,78.2248
202280,27.9969,78.3046
202281,28.0912,78.3273
202282,28.0834,78.2362
203001,28.4302,77.8596
203002,28.3519,77.8196
203129,28.2123,77.9967
203131,28.2041,77.9053
203132,28.2295,77.8024
203135,28.1249,77.5390
203141,28.1877,77.7223
203150,28.3609,77.9853
203155,28.1459,77.6422
203201,28.3550,77.5390
203202,28.4136,77.6765
203203,28.3363,77.7109
203205,28.4763,77.7338
203206,28.4742,77.6479
203207,28.5535,77.5734
203209,28.2316,77.5734
203389,28.1874,78.3728
203390,28.3245,78.2248
203391,28.3270,78.1222
203392,28.2283,78.1792
203393,28.2402,78.3159
203394,28.4506,78.0880
203395,28.3000,78.0766
203396,28.1597,78.0538
203397,28.1216,78.1450
203398,28.5047,78.1792
203399,28.1221,78.4183
203401,28.5159,77.9167
203402,28.6684,77.9510
203403,28.5927,78.1336
203405,28.5301,78.0766
203407,28.5430,77.9624
203408,28.5641,77.8139
203409,28.4384,77.9510
203411,28.6058,77.8939
203412,28.6181,78.0310
204101,27.5488,78.0652
204102,27.6386,78.1678
204211,27.7332,78.4638
204212,27.5896,78.2704
204213,27.5620,77.9510
204214,27.6098,78.3728
204215,27.7361,78.3615
204216,27.7086,78.0424
205001,27.2356,79.0419
205119,27.1785,78.9062
205121,27.2176,78.8156
205247,27.1498,79.1323
205261,27.0819,78.8609
205262,27.2498,79.2226
205263,27.3141,78.8609
205264,27.0427,78.9515
205265,27.3677,78.9515
205267,27.3785,79.0871
205268,27.0533,79.0871
205301,27.1978,79.3015
205303,27.0208,79.2677
205304,27.1065,79.3240
206001,26.7797,79.0080
206002,26.8478,78.9854
206003,26.7350,79.0306
206120,26.6609,79.2789
206121,26.5586,79.3128
206122,26.4788,79.4929
206123,26.9243,79.2226
206124,26.6756,79.1661
206125,26.5414,79.0871
206126,26.7778,79.1323
206127,26.6471,79.0984
206128,26.5984,79.2226
206129,26.5188,79.4029
206130,26.9372,78.9401
206131,26.7601,78.9062
206241,26.7052,79.4029
206242,26.8097,79.2451
206243,26.8085,79.5379
206244,26.6720,79.5828
206245,26.8961,78.8609
206246,26.5929,79.6165
206247,26.6154,79.4479
206248,26.7544,79.5941
206249,26.7660,79.4366
206250,26.7011,79.5041
206251,26.8509,79.6390
206252,26.8915,79.4029
206253,26.9103,79.0419
206255,26.7843,79.6839
207001,27.5349,78.7249
207002,27.5667,78.6541
207003,27.5663,78.6668
207120,27.6251,78.5547
207121,27.3995,78.7703
207122,27.5625,78.4979
207123,27.8090,78.6796
207124,27.8939,78.5888
207125,27.7039,78.6682
207241,27.7202,78.7249
207242,27.7849,78.9515
207243,27.6995,79.0419
207244,27.5711,79.1774
207245,27.7739,78.8156
207246,27.6386,78.8609
207247,27.4784,79.1774
207248,27.5176,78.9401
207249,27.5141,79.0419
207250,27.3766,79.2113
207301,27.4661,78.4525
207302,27.4546,78.3159
207401,27.7408,78.5547
207402,27.8701,78.8609
207403,27.9052,78.7249
208001,26.4871,80.3492
208002,26.5019,80.3102
208003,26.4595,80.3297
208004,26.4418,80.3714
208005,26.4692,80.3018
208006,26.4480,80.3116
208007,26.4052,80.3909
208008,26.3692,80.4215
208009,26.4720,80.2572
208010,26.4293,80.4020
208011,26.4045,80.3380
208012,26.4642,80.3130
208013,26.4177,80.3603
208014,26.4372,80.3204
208015,26.3927,80.3798
208016,26.5114,80.2349
208017,26.5409,80.2823
208019,26.4775,80.2726
208020,26.4491,80.2210
208021,26.3906,80.3046
208022,26.4475,80.2823
208023,26.4413,80.3422
208024,26.4965,80.2739
208025,26.4788,80.2921
208026,26.5090,80.2642
208027,26.4280,80.2962
209101,26.3712,79.9417
209111,26.2186,79.9305
209112,26.1344,79.8969
209115,26.3053,79.6727
209121,26.3370,80.1205
209125,26.3954,79.6278
209202,26.7696,79.9640
209203,26.6235,80.2098
209204,26.6110,80.0311
209205,26.6733,80.0870
209206,26.1282,80.1429
209208,26.0970,80.0311
209209,26.1746,80.3102
209210,26.7542,80.0758
209214,26.3462,80.2544
209217,26.5410,80.1987
209301,26.3617,79.8073
209302,26.5484,79.8073
209303,26.5113,79.9417
209304,26.4180,80.1094
209305,26.4523,80.1819
209306,26.6884,79.8073
209307,26.4772,80.1205
209308,26.2497,80.2098
209310,26.4953,79.7176
209311,26.3168,79.9976
209312,26.2855,79.8857
209401,26.2150,80.3881
209402,26.2707,80.5216
209501,27.4460,79.3578
209502,27.5886,79.4029
209503,27.5332,79.4366
209504,27.4206,79.4816
209505,27.6246,79.2677
209601,27.3644,79.6614
209602,27.3328,79.5491
209621,27.4358,79.6839
209622,27.5667,79.5716
209625,27.4166,79.5828
209651,27.3135,79.4479
209652,27.3389,79.3240
209720,27.1151,79.4366
209721,27.1775,79.4929
209722,27.1601,79.7288
209723,26.9457,79.6614
209724,27.2374,79.6727
209725,27.0587,79.8941
209726,27.0541,79.9109
209727,27.1142,79.8969
209728,26.9482,79.5379
209729,27.1269,79.5941
209731,27.0388,79.6614
209732,26.9556,79.7961
209733,27.1077,79.8073
209734,26.9279,79.8969
209735,27.1086,79.6614
209736,26.8283,79.8073
209738,26.8808,79.7288
209739,27.2307,79.5828
209743,27.2511,79.3916
209745,27.5061,79.5379
209747,26.9971,79.4141
209749,27.2992,79.6446
209801,26.6199,80.4994
209821,26.4370,80.9208
209825,26.5162,80.6993
209827,26.4227,80.6993
209831,26.5929,80.6216
209841,26.7003,80.6549
209859,26.6126,80.7436
209861,26.5298,80.3770
209862,26.4642,80.4438
209863,26.2451,80.6660
209864,26.2274,80.7547
209865,26.3262,80.6549
209866,26.2909,80.8322
209867,26.3210,80.7547
209868,26.8599,80.2544
209869,26.9936,80.1652
209870,26.8067,80.4994
209871,26.7261,80.3436
209881,26.8280,80.6438
210001,25.4844,80.3213
210120,25.3773,80.4771
210121,25.5765,80.6549
210123,25.7057,80.4771
210125,25.5242,80.9429
210126,25.7936,80.3881
210128,25.6675,80.6105
210129,25.1425,80.4771
210201,25.3389,80.6105
210202,25.2009,80.6549
210203,25.3944,80.7436
210204,25.1982,80.7990
210205,25.2229,81.0092
210206,25.3363,80.9429
210207,25.4633,81.0975
210208,25.0650,81.1196
210209,25.2636,81.2959
210301,25.9160,80.1205
210341,25.7756,80.1205
210421,25.4729,79.8073
210422,25.7847,79.5828
210423,25.2196,79.5379
210424,25.4414,80.0311
210425,25.5665,79.8073
210426,25.3197,79.6278
210427,25.3385,79.8969
210428,25.5878,79.4479
210429,25.4223,79.4254
210430,25.7281,79.4479
210431,25.5507,79.5828
210432,25.8411,79.7176
210433,25.1885,79.7624
210501,25.8101,79.9417
210502,25.8753,80.2098
210504,25.5851,80.0758
210505,26.0004,79.9864
210506,25.6602,79.8073
210507,25.6660,80.2321
211001,25.4641,81.8170
211002,25.4783,81.8607
211003,25.4331,81.8416
211004,25.5154,81.8934
211005,25.4352,81.8798
211006,25.4467,81.8743
211007,25.3817,81.8170
211008,25.3953,81.8498
211009,25.3581,81.9207
211010,25.3489,81.8607
211011,25.4672,81.7678
211012,25.4053,81.7131
211013,25.5427,81.8552
211014,25.4721,81.8033
211015,25.4404,81.7883
211016,25.4164,81.8060
211017,25.4474,81.8074
211018,25.4583,81.8457
211019,25.4287,81.9207
212104,25.0570,82.2366
212105,25.3772,81.8506
212106,25.1055,81.8224
212107,25.2840,81.6473
212108,25.1998,81.6145
212109,25.6204,81.9862
212111,25.3062,81.8334
212201,25.5338,81.4938
212202,25.4004,81.6254
212203,25.5043,81.5925
212204,25.7016,81.3509
212205,25.7473,81.3289
212206,25.4347,81.4059
212207,25.5261,81.3619
212208,25.4561,81.6747
212212,25.4870,81.7021
212213,25.5129,81.6078
212214,25.3825,81.3179
212216,25.3432,81.4499
212217,25.6148,81.2739
212218,25.3384,81.5706
212301,25.1821,81.9317
212302,25.1197,82.0843
212303,25.1826,82.1605
212305,25.2521,82.1387
212306,24.9312,82.0843
212307,25.2810,82.0189
212401,25.4945,82.2692
212402,25.6129,82.0625
212404,25.5064,82.0516
212405,25.5605,82.1822
212502,25.6144,81.8771
212503,25.6553,81.7678
212507,25.7021,81.9753
212601,25.9133,80.7879
212620,25.7313,80.8765
212621,25.7698,80.7436
212622,25.8334,81.0092
212631,25.9750,80.2990
212635,26.0051,80.5772
212641,25.5293,81.2188
212645,25.8720,80.8765
212650,25.9769,81.0534
212651,25.9810,80.9318
212652,25.8885,81.1417
212653,25.8000,81.2299
212654,26.0321,80.9982
212655,25.7229,81.1196
212656,25.5599,81.1417
212657,26.0337,80.4771
212658,25.6568,80.9982
212659,26.0746,80.3881
212661,25.8646,80.5772
212663,25.7986,80.6438
212664,26.0482,80.6993
212665,26.1332,80.5661
221001,25.3254,83.0093
221002,25.3357,82.9770
221003,25.3644,82.9609
221004,25.2906,82.9582
221005,25.2711,82.9824
221006,25.4591,82.8479
221007,25.3675,83.0254
221008,25.2967,83.0254
221009,25.2752,83.0684
221010,25.3036,82.9851
221011,25.2391,82.9726
221101,25.4730,83.0147
221103,25.3043,82.9676
221104,25.3848,83.1435
221105,25.3910,82.9017
221106,25.3142,82.9582
221107,25.3213,82.9233
221108,25.2690,82.9394
221110,25.5447,82.9125
221112,25.3756,83.0737
221115,25.5169,83.1971
221116,25.4904,83.1327
221201,25.4246,82.7455
221202,25.4330,82.9179
221204,25.4289,82.8317
221206,25.5118,82.8425
221207,25.4953,82.7455
221208,25.5048,82.9394
221301,25.2685,82.5673
221302,25.3131,82.8748
221303,25.2680,82.4428
221304,25.3387,82.4428
221305,25.1942,82.8533
221306,25.2489,82.5294
221307,25.2843,82.7671
221308,25.3567,82.3343
221309,25.2849,82.3126
221310,25.2871,82.3560
221311,25.2403,82.8317
221313,25.2657,82.6888
221314,25.2779,82.6375
221401,25.3555,82.5402
221402,25.3497,82.6591
221403,25.3662,82.7563
221404,25.4430,82.4103
221405,25.3592,82.8533
221406,25.4127,82.5078
221409,25.4109,82.5889
221502,25.3420,82.2801
221503,25.3969,82.2040
221505,25.3776,82.0625
221507,25.5140,81.9753
221508,25.4170,82.1387
221601,26.2107,83.6987
221602,26.1184,83.7412
221603,26.1514,83.6880
221701,25.8090,83.9427
221705,25.9631,83.6880
221706,25.9301,83.7412
221709,25.9024,83.9215
221711,25.9826,83.8685
221712,25.8395,83.8261
221713,25.7401,83.9850
221715,26.1343,83.8367
221716,26.0365,83.7518
221717,26.0822,83.9956
221718,26.0655,83.8791
222001,25.7746,82.6807
222002,25.7275,82.6807
222003,25.8217,82.6807
222101,26.1593,82.6606
222105,25.6794,82.6591
222109,25.8162,82.5727
222125,25.9035,82.4428
222127,25.6470,82.4861
222128,25.5156,82.6807
222129,25.5785,83.0039
222131,25.7423,82.5078
222132,25.7478,82.6159
222133,25.7565,82.7886
222135,25.6941,82.4861
222136,25.6018,82.7563
222137,25.5562,82.5510
222138,25.6995,82.7077
222139,25.9270,82.6699
222141,25.8599,82.5078
222142,25.6922,82.9179
222143,25.7232,82.3669
222144,25.7624,82.4428
222145,25.8195,82.4103
222146,25.6061,82.8425
222148,25.6738,83.0254
222149,25.6267,83.0254
222161,25.5953,82.6267
222162,25.5417,82.4969
222165,25.5708,82.3777
222170,25.7003,82.8425
222175,25.9494,82.4211
222180,25.6848,82.7671
222181,25.5980,82.9179
222201,25.7657,82.2801
222202,25.6669,82.1931
222203,25.4653,82.6159
222204,25.6110,82.2475
222301,26.0344,82.3615
222302,26.1393,82.2366
222303,26.0847,82.3126
223101,26.0803,82.6807
223102,26.0245,82.5078
223103,26.1005,82.6159
223104,25.9584,82.5943
223105,26.0961,82.5294
223221,26.1750,82.9286
223222,26.0847,82.7671
223223,26.3160,82.9286
223224,25.9335,82.7994
223225,26.1574,82.8102
223226,26.0174,82.8317
223227,26.0002,82.9609
224001,26.7394,82.0625
224116,26.8156,81.7568
224117,26.7461,81.5706
224118,26.6700,81.6693
224119,26.8264,81.6419
224120,26.7330,81.7459
224121,26.6654,81.7896
224122,26.4371,82.5402
224123,26.7824,82.2040
224125,26.2535,82.8533
224126,26.7628,81.8552
224127,26.6778,82.0080
224129,26.4616,82.7886
224132,26.4356,82.2909
224133,26.7320,82.1387
224135,26.7368,82.2257
224137,26.3559,83.0254
224139,26.3587,82.8425
224141,26.5575,82.3777
224143,26.5342,82.8317
224145,26.5900,82.4932
224146,26.3578,82.5943
224147,26.4141,83.0147
224149,26.2727,82.7671
224151,26.5175,82.5078
224152,26.4649,82.3994
224153,26.5815,81.7568
224155,26.4136,82.7671
224157,26.5375,82.4428
224158,26.6507,81.9426
224159,26.3030,82.6699
224161,26.6601,82.3235
224164,26.5767,81.8771
224168,26.3856,82.4536
224171,26.3231,82.4915
224172,26.6442,82.2475
224176,26.3356,83.0898
224181,26.4547,82.8856
224182,26.7746,81.9589
224183,26.3034,82.7940
224186,26.3846,82.6591
224188,26.7234,81.9862
224189,26.7197,81.9207
224190,26.5354,82.6267
224195,26.5517,82.2692
224201,26.6839,82.1170
224202,26.6432,82.1224
224203,26.5716,82.2040
224204,26.6160,82.1605
224205,26.4567,82.2475
224206,26.5445,82.1387
224207,26.5187,82.0952
224208,26.5385,82.0298
224209,26.4754,82.1605
224210,26.4550,82.6591
224225,26.5570,81.9426
224227,26.5014,82.5863
224228,26.6303,81.8934
224229,26.5452,81.8388
224230,26.5209,82.5727
224231,26.4180,82.3994
224232,26.4667,83.0093
224234,26.6056,82.4592
224235,26.3740,82.5673
224238,26.4745,82.4699
224284,26.6322,82.0298
225001,26.9351,81.2188
225002,26.9529,81.1775
225003,26.9281,81.1086
225119,26.7288,81.2849
225120,26.7549,81.3289
225121,26.8677,81.2629
225122,26.8388,81.1748
225123,26.9625,81.1913
225124,26.6186,81.3949
225125,26.6031,81.5267
225126,26.6463,81.2739
225201,27.1588,81.4389
225202,27.0724,81.3619
225203,26.9845,81.2629
225204,26.9652,81.3289
225205,27.0407,81.4169
225206,26.9706,81.4169
225207,27.0214,81.4828
225208,27.0573,81.3069
225301,27.0147,81.1858
225302,27.0888,81.0644
225303,26.7728,81.2409
225304,27.2124,81.3619
225305,27.2042,81.2299
225306,27.2425,81.0975
225401,26.8696,81.6802
225403,26.8864,81.5706
225404,26.8384,81.5487
225405,26.8564,81.4609
225409,26.7532,81.4938
225412,26.8855,81.3619
225413,26.7369,81.4169
225414,26.8030,81.3509
225415,26.9455,81.5816
225416,26.6901,81.4169
226001,26.8537,80.9484
226002,26.7810,80.9982
226003,26.8728,80.8821
226004,26.8392,80.9042
226005,26.8158,80.9042
226006,26.8747,80.9567
226007,26.8678,80.9401
226008,26.7696,80.8212
226009,26.8115,80.8378
226010,26.8525,81.0203
226011,26.8237,80.8904
226012,26.7815,80.9152
226013,26.8065,80.7602
226014,26.7506,80.9346
226015,26.8757,80.9733
226016,26.8916,80.9926
226017,26.8425,80.8655
226018,26.8492,80.9235
226019,26.9164,81.0617
226020,26.9154,80.9097
226021,26.9485,80.9705
226022,26.9018,80.9705
226023,26.7786,80.8710
226024,26.8912,80.9447
226025,26.7674,80.9235
226026,26.9459,81.0203
226027,26.8397,80.9463
226028,26.8944,81.0368
226029,26.7754,80.9567
226030,26.7837,80.9954
226031,26.9363,80.9387
226101,26.8601,80.7769
226102,26.9396,80.7436
226103,26.9665,80.6216
226104,27.0329,80.7436
226201,26.9621,80.9097
226202,27.0059,80.8655
226203,27.0912,80.9208
226301,26.6737,80.9650
226302,26.5830,81.0092
226303,26.6353,81.0975
226401,26.7090,80.7879
226501,26.7316,81.1417
227304,26.1322,82.1061
227405,26.1621,81.8006
227406,26.1250,81.9753
227407,26.0793,81.7896
227408,26.2140,81.8880
227409,26.2014,81.6693
227411,26.2559,81.8006
227412,26.2139,81.7842
227413,26.1077,81.8771
227801,26.3396,81.6254
227805,26.3189,81.8771
227806,26.4805,81.8334
227807,26.3595,81.7678
227808,26.2793,82.0080
227809,26.4665,81.5925
227811,26.5738,81.6254
227812,26.4151,81.9207
227813,26.4077,81.7896
227814,26.4867,81.9426
227815,26.5001,81.7678
227816,26.4951,81.6802
227817,26.1067,82.1768
228001,26.2261,82.1061
228118,26.3021,82.1006
228119,26.2643,82.1605
228120,26.2678,82.2257
228121,26.4089,82.0189
228125,26.3323,82.1170
228131,26.2560,82.4428
228132,26.2491,82.3126
228133,26.2036,82.2312
228141,26.2937,82.2692
228142,26.3664,82.3126
228145,26.1955,82.4103
228151,26.3717,82.1931
228155,26.3250,81.9862
228159,26.1213,82.0422
228161,26.0669,82.4211
228171,26.2023,82.5402
229001,26.2539,81.1748
229010,26.2620,81.3069
229103,26.4714,81.2849
229120,26.1724,81.0096
229121,26.2016,81.0865
229122,26.2911,81.0203
229123,26.3958,81.1968
229124,25.9950,81.5487
229125,26.1230,81.1417
229126,26.4547,81.3949
229127,26.0009,81.4499
229128,26.1006,81.3509
229129,26.0973,81.4938
229130,26.2471,81.0644
229135,26.5042,81.4389
229201,26.1643,80.8655
229202,26.1295,80.6882
229203,26.1148,81.0092
229204,26.0319,81.1858
229205,26.2856,80.9318
229206,26.1699,80.9539
229207,26.0375,81.0865
229208,26.2084,80.9152
229209,26.3358,80.8931
229210,26.3313,80.8682
229211,26.2290,80.8710
229212,26.1600,80.7990
229215,26.1098,80.8378
229216,26.0706,80.8655
229301,26.4481,81.0975
229302,26.2328,81.4059
229303,26.3573,81.1417
229304,26.2973,81.5048
229305,26.2309,81.5706
229306,26.3707,81.3619
229307,26.1912,81.4938
229308,26.5389,81.2409
229309,26.4255,81.4938
229310,26.1488,81.3729
229311,26.5321,81.1306
229316,26.2827,81.2629
229401,25.9957,81.3619
229402,26.0718,81.2629
229404,25.8633,81.3069
229405,26.1642,81.2409
229406,25.9351,81.3289
229408,25.8203,81.3729
229410,25.9754,81.6145
229411,25.5478,81.6887
229412,25.6062,81.7728
229413,25.6406,81.6263
229801,26.5094,81.5267
229802,26.5236,81.3729
230001,25.8969,81.9917
230002,25.8692,81.9153
230121,25.9942,82.3777
230124,25.9202,82.3126
230125,26.1162,81.6145
230126,25.8933,81.7185
230127,25.8888,82.0571
230128,25.8284,81.7131
230129,25.7716,81.7459
230130,25.8835,81.7514
230131,25.8531,81.9426
230132,25.9173,81.6254
230133,25.8466,82.2163
230134,25.8650,82.1605
230135,25.9491,82.1931
230136,25.9595,81.7459
230137,25.9422,81.8552
230138,26.0119,82.2692
230139,26.0470,81.6364
230141,25.8601,81.4499
230142,25.9320,82.0952
230143,25.8554,81.5706
230144,25.8940,81.8334
230201,25.6799,81.5816
230202,25.7773,81.4389
230204,25.7218,81.4938
230301,25.7440,82.0952
230302,25.8157,82.1170
230304,25.7986,82.0189
230306,25.6993,82.1387
230401,26.0458,82.0298
230402,25.7889,81.8443
230403,25.9754,82.0298
230404,25.7814,81.9207
230405,26.0048,82.1387
230501,26.0386,81.8989
230502,25.9817,81.9317
230503,26.0101,81.8115
231001,25.1388,82.5673
231205,24.5269,82.9717
231206,24.5801,83.1005
231207,24.4403,83.1435
231208,24.1279,83.0361
231209,24.6111,83.0039
231210,24.7734,82.6915
231211,24.9448,82.3452
231212,24.0656,83.2292
231213,24.6125,83.2934
231215,24.7119,82.8856
231216,24.7199,83.0576
231217,24.2566,83.0039
231218,24.1581,82.7940
231219,24.4263,82.8425
231220,24.1283,82.7886
231221,24.2031,82.9985
231222,24.1016,82.7239
231223,23.9386,83.0361
231224,24.1797,82.7509
231225,24.2392,82.8856
231226,24.3287,83.2934
231301,24.9541,83.0147
231302,25.1469,83.1005
231303,25.1132,82.4103
231304,25.0608,82.7779
231305,25.1778,83.0039
231306,25.1449,82.8102
231307,25.1096,82.5727
231309,24.8592,82.5186
231311,24.9480,82.8856
231312,25.2017,82.5294
231313,25.2142,82.3126
231314,25.2315,82.7725
231501,25.2206,82.6699
232101,25.2433,83.1435
232102,25.1878,83.2185
232103,25.0565,83.1863
232104,25.2595,83.2399
232105,25.4540,83.3683
232106,25.3513,83.4430
232107,25.4718,83.2399
232108,25.3568,83.3041
232109,25.4001,83.2185
232110,25.2663,83.3896
232111,24.8922,83.2078
232118,25.1095,83.3148
232120,25.3047,83.1971
232325,25.4989,83.8579
232326,25.4078,83.6561
232327,25.4726,83.7943
232328,25.5511,83.6987
232329,25.4173,83.6029
232330,25.4162,83.7146
232331,25.3569,83.5710
232332,25.5842,83.6455
232333,25.4298,83.7571
232336,25.5361,83.6242
232339,25.4761,83.7359
232340,25.4871,83.5816
233001,25.5909,83.5283
233002,25.5909,83.5283
233221,25.5846,83.1327
233222,25.7774,83.7518
233223,25.5375,83.1327
233224,25.5060,83.4750
233225,25.7356,83.8791
233226,25.8284,83.5710
233227,25.6019,83.7836
233228,25.7138,83.9215
233229,25.7330,83.8155
233230,25.7850,83.6561
233231,25.5583,83.8685
233232,25.4362,83.4964
233233,25.6422,83.9003
233300,25.7427,83.4964
233301,25.6840,83.7730
233302,25.5267,83.4110
233303,25.6889,83.6136
233304,25.5793,83.2720
233305,25.6739,83.5390
233306,25.5474,83.3469
233307,25.6358,83.2185
233310,25.6936,83.4537
233311,25.5871,83.4430
241001,27.4031,80.0311
241121,27.3724,80.2544
241122,27.2296,80.2098
241123,27.5942,79.7848
241124,27.6074,79.9640
241125,27.5101,80.0647
241126,27.1955,80.3881
241127,27.0944,80.4438
241201,27.0090,80.3881
241202,27.1699,80.6993
241203,27.2076,80.5661
241204,27.0648,80.5216
241301,27.1704,80.0311
241302,27.1151,80.1407
241303,27.0307,80.0311
241304,27.3352,80.3881
241305,27.1039,80.2433
241401,27.3868,79.8073
241402,27.2473,79.8073
241403,27.3068,79.9864
241404,27.5120,80.2544
241405,27.4668,80.1094
241406,27.5954,80.1205
241407,27.6947,80.2098
242001,27.9505,79.8969
242042,28.2631,80.0535
242123,28.3965,80.2990
242127,27.7527,79.4254
242220,27.5519,79.6839
242221,27.6985,79.6278
242223,27.8014,79.7624
242226,27.8205,79.8633
242301,27.9303,79.6278
242303,27.9698,79.5379
242305,28.1331,79.7063
242306,27.9247,80.0200
242307,27.9653,79.7848
242401,28.0843,80.1429
242405,28.2513,80.2098
242406,27.7682,79.9417
242407,28.0862,79.8521
243001,28.3366,79.4197
243002,28.4232,79.4563
243003,28.3331,79.3747
243004,28.2833,79.4029
243005,28.3730,79.4423
243006,28.3951,79.5041
243122,28.4423,79.4423
243123,28.2903,79.4929
243126,28.3150,79.5884
243201,28.7767,79.5154
243202,28.5142,79.4029
243203,28.6135,79.4929
243301,28.2743,79.1436
243302,28.3188,79.2677
243303,28.4429,79.0871
243401,28.2407,79.3015
243402,28.2228,79.3691
243403,28.2122,79.2338
243407,28.5247,79.5379
243501,28.4574,79.2677
243502,28.4183,79.3578
243503,28.2047,79.5828
243504,28.4963,79.1774
243505,28.6455,79.3128
243506,28.1122,79.5828
243601,28.0094,79.1549
243630,28.0983,79.4029
243631,27.8598,79.3128
243632,28.3821,78.9062
243633,28.1512,78.9062
243634,28.1304,79.2226
243635,27.9594,79.4029
243636,27.9663,78.9062
243637,27.8848,79.1887
243638,28.0651,78.7023
243639,28.0199,78.9967
243641,27.7636,79.2677
243720,28.2934,78.9515
243722,28.1634,78.4979
243723,28.2710,78.6796
243724,28.2361,78.8156
243725,28.3008,79.0419
243726,28.1765,79.0758
243727,28.3824,78.3615
243751,28.3441,78.4525
244001,28.8737,78.7249
244102,28.7740,78.6342
244103,28.8233,78.7420
244104,28.8179,78.8836
244221,28.9042,78.5434
244222,28.8189,78.4866
244223,28.5442,78.2362
244225,28.9602,78.1336
244231,28.9723,78.2704
244235,28.8306,78.2248
244236,28.8425,78.3615
244241,28.6467,78.2248
244242,28.6586,78.3615
244245,28.7715,78.5377
244251,28.9843,78.4070
244255,28.5166,78.3159
244301,28.6820,78.6342
244302,28.5783,78.4979
244303,28.5217,78.5093
244304,28.7164,78.4979
244401,29.0613,78.7703
244402,28.9770,78.8609
244410,28.4056,78.6342
244411,28.5628,78.8609
244412,28.4631,78.7703
244413,28.6934,78.7703
244414,28.5016,78.6796
244415,28.6330,78.7363
244501,29.0000,78.5888
244504,28.9263,78.6682
244601,29.1570,78.8156
244602,29.1952,78.7249
244701,26.3503,83.8959
244712,29.3070,78.8269
244713,29.1932,78.9741
244715,29.4549,79.0871
244716,29.3098,78.9967
244717,29.3013,78.7590
244901,28.7619,79.0419
244921,28.8686,79.2226
244922,28.5739,78.9967
244923,28.8795,79.3578
244924,29.0417,79.0871
244925,28.9883,78.9967
244926,28.5227,79.0758
244927,28.8577,79.0871
244928,28.7925,79.2056
245101,28.6977,77.7681
245201,28.7061,77.8596
245205,28.8144,78.0424
245206,28.8021,77.7795
245207,28.7727,77.9624
245208,28.6846,78.1336
245301,28.6309,77.6651
245304,28.7310,77.6307
246001,30.1283,78.8043
246113,30.0332,78.7590
246121,29.9454,78.4070
246123,30.1456,79.0080
246124,29.8617,78.6228
246125,30.1741,78.7731
246127,29.8120,78.5774
246128,29.9301,78.6228
246129,29.8606,78.8099
246130,30.0953,79.0871
246131,29.9249,78.8269
246141,30.4776,78.8949
246142,29.5657,78.7703
246144,29.9118,78.5434
246146,30.0501,78.6909
246147,30.1589,78.8949
246148,30.1908,78.7363
246149,29.7291,78.5434
246155,29.7905,78.7249
246159,30.0977,78.7136
246161,29.6306,78.9967
246162,29.9964,78.9967
246163,29.9856,78.7363
246164,30.1061,78.8779
246165,30.0670,78.8213
246166,30.0850,78.7646
246167,29.9953,78.8496
246169,29.9012,78.9515
246171,30.2245,78.9967
246172,29.8962,78.7590
246173,30.0030,78.5434
246174,30.1967,78.8043
246175,30.0025,78.6682
246176,30.0371,78.8043
246177,29.8717,79.0080
246179,29.7355,78.8836
246193,29.8675,78.6909
246194,30.1849,78.6682
246275,29.9126,79.0871
246276,29.8298,79.0532
246277,29.7717,79.0419
246278,29.8912,79.0363
246279,29.7006,79.0815
246285,30.0077,79.1323
246401,30.4750,79.2677
246419,30.4760,79.1436
246421,30.4190,79.0080
246422,30.8818,79.5154
246424,30.3839,79.2677
246425,30.4181,79.1323
246426,30.4282,79.3916
246427,30.0762,79.6951
246428,30.0189,79.2677
246429,30.2359,79.1323
246431,29.9646,79.3015
246435,30.2727,79.5828
246439,30.6333,79.1210
246440,30.1398,79.2113
246441,30.0277,79.5884
246442,30.3565,79.0758
246443,30.5886,79.8297
246444,30.2101,79.2338
246445,30.7781,79.0871
246446,30.2927,79.2677
246448,30.3436,78.9910
246449,30.3001,79.3578
246453,30.2231,79.3916
246455,30.1176,79.3578
246469,30.6077,79.2226
246471,30.6341,78.9967
246472,30.4898,79.4479
246473,30.3659,79.1887
246474,30.2138,79.2789
246475,30.3535,78.9062
246481,30.1322,79.5379
246482,30.0495,79.5041
246483,30.4095,79.5828
246486,29.9984,79.4366
246487,30.2064,79.1887
246488,30.2404,79.3240
246495,30.3370,79.0476
246701,29.3976,78.1564
246721,29.5058,78.0880
246722,29.3825,78.7703
246723,29.6117,78.1222
246724,29.5044,78.5888
246725,29.1936,78.1792
246726,29.2973,78.3159
246727,29.0715,78.4866
246728,29.3246,78.2362
246729,29.2141,78.2818
246731,29.5181,78.2248
246732,29.6220,78.2362
246733,29.3367,78.3728
246734,29.1220,78.4070
246735,29.1862,78.4866
246736,29.0978,78.1336
246737,29.1763,78.3728
246745,29.1252,78.5774
246746,29.2189,78.6001
246747,29.3670,78.5888
246749,29.7091,78.3159
246761,29.3133,78.4979
246762,29.4925,78.4525
246763,29.6257,78.4070
246764,29.4223,78.3046
247001,29.9110,77.5390
247002,29.9811,77.4989
247120,30.0563,77.6307
247121,30.2381,77.6307
247122,29.9557,77.5906
247129,30.2057,77.7681
247231,30.0886,77.4931
247232,29.9888,77.4013
247340,29.8831,77.3669
247341,29.7433,77.2175
247342,29.9299,77.2635
247343,29.6737,77.3210
247451,29.8155,77.4931
247452,29.7156,77.4013
247453,29.6707,77.5275
247551,29.8411,77.6422
247554,29.6919,77.6307
247656,29.7485,77.8710
247661,29.9825,77.8139
247662,30.1027,77.8825
247663,29.7799,78.0880
247664,29.8067,77.9453
247665,29.7607,77.7567
247666,29.8139,77.8996
247667,29.8999,77.9053
247668,29.8768,77.7795
247669,29.9241,77.6765
247670,29.7090,77.8139
247671,29.7031,78.1222
247771,29.2835,77.2980
247772,29.6185,77.4587
247773,29.5110,77.1715
247774,29.4117,77.2060
247775,29.3373,77.2635
247776,29.4787,77.3095
247777,29.5663,77.3899
247778,29.6066,77.2175
248001,30.3346,78.0538
248002,30.2601,77.9853
248003,30.3490,78.0252
248005,30.2747,78.0823
248006,30.3267,77.9996
248007,30.3094,77.9053
248008,30.2851,78.1336
248009,30.4132,78.1678
248011,30.3557,77.8539
248012,30.2809,78.0566
248013,30.3584,78.0966
248014,30.3723,78.0623
248121,30.2948,78.0224
248122,30.4317,78.1222
248123,30.7544,77.8139
248124,30.7263,77.9967
248125,30.4992,77.8710
248140,30.1899,78.0880
248142,30.4284,77.7223
248143,30.2479,78.2248
248145,30.1445,78.2134
248146,30.3143,77.9881
248158,30.5510,77.9396
248159,30.5464,77.8310
248165,30.5812,77.7795
248171,30.2993,77.9796
248179,30.4584,78.0424
248195,30.3661,78.0723
248196,30.6271,77.9053
248197,30.4500,77.9510
248198,30.4752,77.7967
248199,30.8988,77.9053
249001,30.3873,78.4468
249121,30.3259,78.5888
249122,30.2265,78.6228
249123,30.3303,78.5093
249124,30.3759,78.4780
249125,30.6314,78.7023
249126,30.2480,78.6739
249128,31.1257,78.1564
249130,30.4298,78.3501
249131,30.4834,78.4411
249132,30.5165,78.3046
249135,30.8622,78.7476
249137,30.1362,78.3102
249141,30.9616,78.3387
249145,30.3430,78.2704
249146,30.2600,78.4866
249151,30.6732,78.4070
249152,30.6567,78.2248
249155,30.6186,78.8156
249161,30.2962,78.7703
249165,30.5906,78.4979
249171,30.6937,78.1336
249175,30.2231,78.3273
249180,30.5164,78.1792
249181,30.4046,78.5774
249185,30.8706,78.0880
249186,30.5595,78.0310
249192,30.1358,78.4979
249193,30.8093,78.4070
249194,30.7762,78.5434
249195,30.7265,78.6228
249196,30.5371,78.4070
249199,30.3222,78.4183
249201,30.1113,78.2875
249202,30.0736,78.2789
249203,30.0777,78.2619
249204,30.0762,78.2134
249205,30.0679,78.1222
249301,30.1126,78.6228
249302,30.1195,78.3472
249304,30.0781,78.3615
249306,29.9684,78.2818
249401,29.9768,78.1222
249402,29.9229,78.0310
249403,29.9498,78.0766
249404,29.8856,78.1222
249405,29.8959,77.9853
249407,29.9265,78.1023
249408,29.8835,78.2248
249410,29.9338,78.1351
249411,30.0244,78.1450
250001,29.0189,77.7681
250002,28.9105,77.7109
250003,28.9777,77.7252
250004,28.9397,77.7795
250005,28.9770,77.6407
250101,28.8799,77.2635
250103,28.9270,77.6422
250104,28.9021,77.9967
250106,28.8938,77.9053
250110,29.0959,77.7338
250205,28.8957,77.6135
250221,29.1271,77.6780
250222,29.1459,77.7795
250223,29.2082,77.7109
250341,29.1009,77.6453
250342,29.1850,77.5849
250344,29.0892,77.5390
250345,29.0865,77.3899
250401,29.1189,77.8596
250402,29.0501,77.9853
250404,29.1813,78.0424
250406,28.9897,77.9510
250501,28.9518,77.5390
250502,29.0309,77.5275
250601,28.9862,77.2980
250606,28.9972,77.4128
250609,28.9361,77.2520
250611,29.1044,77.2175
250615,28.9241,77.3669
250617,29.2267,77.1830
250619,29.0254,77.2290
250620,29.1445,77.3382
250621,29.1442,77.2750
250622,29.1802,77.4128
250623,29.2002,77.2635
250625,29.2279,77.3726
250626,28.9285,77.4128
251001,29.4722,77.7223
251002,29.4783,77.6651
251003,29.4098,77.6651
251201,29.2894,77.7223
251202,29.5718,77.6880
251203,29.3851,77.7681
251301,29.5066,77.4817
251305,29.4876,77.4013
251306,29.4593,77.5849
251307,29.5678,77.7681
251308,29.4995,77.8939
251309,29.2635,77.4472
251310,29.5638,77.8482
251311,29.5403,77.5963
251314,29.3020,77.8596
251315,29.3146,77.9967
251316,29.4476,77.9510
251318,29.3680,77.5849
251319,29.4131,77.4587
251320,29.2396,77.9910
251327,29.6553,77.9739
261001,27.6296,80.6105
261121,27.7316,80.7436
261125,27.6262,80.7325
261131,27.5019,80.7879
261135,27.6968,80.9208
261136,27.6917,81.0203
261141,27.7134,80.4771
261145,27.4641,80.9208
261151,27.5678,80.3881
261201,27.4756,81.0975
261202,27.5659,81.0534
261203,27.3029,81.1306
261204,27.3963,81.3179
261205,27.5771,81.2299
261206,27.3767,81.0092
261207,27.5979,80.8322
261208,27.7112,81.1417
261301,27.2806,80.9650
261302,27.3651,80.8322
261303,27.2253,80.8322
261401,27.4344,80.4771
261402,27.3785,80.5105
261403,27.3504,80.6105
261404,27.4791,80.6216
261405,27.4494,80.6993
261501,27.9084,80.6105
261502,27.8564,81.2299
261505,27.8187,80.3213
261506,28.0440,80.8018
262001,28.6129,79.7848
262121,28.8188,79.7624
262122,28.5536,80.2321
262124,28.6115,80.0758
262201,28.3357,79.7848
262202,28.1854,79.9417
262203,28.4596,79.8969
262302,28.6099,79.5941
262305,28.6973,79.9864
262308,28.9032,79.9640
262309,29.0868,80.1094
262310,29.0695,80.0311
262311,28.9144,79.8073
262401,29.2183,79.1522
262402,29.0707,79.4479
262405,28.9856,79.6839
262406,28.4427,79.6727
262501,29.6313,80.1652
262502,29.5817,80.1931
262520,29.5567,80.2433
262521,29.5493,80.2990
262522,29.6246,80.0758
262523,29.2783,80.0535
262524,29.3949,80.0758
262525,29.4566,80.1317
262526,29.5956,80.3826
262527,29.4728,80.0423
262528,29.3389,79.9417
262529,29.4828,80.1763
262530,29.5304,80.1987
262531,29.7957,80.0647
262532,29.7609,79.9081
262533,29.8661,80.0870
262534,29.7253,80.0423
262540,29.6289,80.2879
262541,29.6764,80.3102
262542,29.7141,80.1987
262543,29.7469,80.3325
262544,29.8738,80.3436
262545,30.4048,80.4104
262546,30.2477,80.7658
262547,30.0583,80.6771
262550,29.7727,80.2935
262551,29.7722,80.2098
262552,29.8237,80.1317
262553,30.0437,80.1652
262554,30.4338,80.1875
262555,29.9711,80.2656
262576,29.8169,80.4271
262580,29.4274,79.8969
262701,28.0073,80.6993
262702,27.9221,80.7270
262721,27.8305,80.8322
262722,27.8479,81.0975
262723,27.9873,81.0975
262724,28.1238,81.0534
262725,27.8245,80.7436
262726,28.0222,80.9208
262727,27.8094,80.5216
262728,27.8857,80.9650
262801,28.1713,80.3881
262802,28.0384,80.4771
262803,28.2640,80.3881
262804,27.9764,80.2544
262805,27.9487,80.5216
262901,28.2084,80.5883
262902,28.4925,80.6771
262903,28.2019,80.8322
262904,28.5911,80.4327
262905,28.3035,80.9650
262906,28.3903,80.8765
262907,28.2137,81.0092
262908,28.4925,80.6771
263001,29.3764,79.3916
263126,29.2723,79.5266
263127,29.3438,79.4873
263128,29.3111,79.4366
263132,29.4101,79.6727
263134,29.5563,79.3466
263135,29.4754,79.4816
263136,29.3147,79.6278
263137,29.4295,79.5547
263138,29.5107,79.6390
263139,29.1521,79.6053
263140,29.2824,79.2226
263145,29.0203,79.4648
263148,28.9326,79.4479
263149,28.9734,79.5266
263150,29.0773,79.1718
263151,29.0546,79.6839
263152,29.0527,79.2226
263153,29.0087,79.3916
263156,29.3673,79.5294
263157,29.2367,79.8073
263158,29.4648,79.5660
263159,29.4696,79.2677
263160,29.0475,79.3015
263601,29.6395,79.6727
263619,29.8244,79.8409
263620,29.6078,79.6334
263621,29.7733,79.4816
263622,29.5685,79.9417
263623,29.5617,79.8521
263624,29.6588,79.7736
263625,29.5054,79.7176
263626,29.4805,79.8409
263628,29.6993,79.8521
263629,29.8095,79.5772
263630,29.7717,79.7512
263631,29.7889,79.9752
263632,30.1816,79.8745
263633,29.9878,80.0311
263634,29.8983,79.9081
263635,29.9653,79.5941
263636,29.6942,79.6390
263637,29.7575,79.5716
263638,29.7382,79.6165
263639,29.8527,79.6165
263640,29.8806,79.9752
263641,29.9020,79.6614
263642,29.8298,79.7624
263643,29.6271,79.5884
263645,29.6639,79.4029
263646,29.5682,79.2113
263651,29.6341,79.4591
263652,29.6835,79.5041
263653,29.7660,79.3916
263655,29.6659,79.5716
263656,29.8928,79.4029
263658,29.8237,79.2564
263659,29.9133,79.2338
263660,29.7816,79.3015
263661,29.8391,79.1661
263663,29.6057,79.3916
263664,29.6708,79.3466
263665,29.7996,79.1718
263667,29.7074,79.2338
263676,29.7000,79.1436
263678,29.6165,79.5266
263679,30.1251,80.0311
263680,29.6530,79.2677
271001,27.1383,81.9808
271002,27.1678,81.9862
271003,27.1628,81.8989
271122,27.2439,81.8880
271123,27.0756,82.0080
271124,26.9783,82.1496
271125,27.1038,81.8880
271126,27.1577,81.8115
271129,26.9248,82.1333
271201,27.4457,82.1496
271202,27.2515,82.0189
271203,27.6562,82.5835
271204,27.3891,81.9753
271205,27.3080,82.1931
271206,27.5296,82.6159
271207,27.7280,82.1931
271208,27.5733,82.3452
271209,27.3523,82.0462
271210,27.5115,82.4969
271215,27.4228,82.5835
271301,27.1051,82.1170
271302,26.9832,82.2366
271303,26.8712,82.1170
271304,26.8792,82.1550
271305,26.9903,82.3669
271306,27.2170,82.2366
271307,27.1160,82.3126
271308,27.0601,82.2271
271309,26.8676,82.0516
271310,27.0325,82.0734
271311,27.0883,81.6254
271312,27.0909,82.4969
271313,26.9604,82.4644
271319,26.8514,82.1822
271401,26.9635,81.8880
271402,26.9117,81.8006
271403,26.8749,81.9753
271502,27.1403,81.7131
271503,27.2363,81.7568
271504,27.0027,81.7568
271601,27.1605,82.0625
271602,27.2220,82.1170
271603,27.2490,82.1822
271604,27.2756,82.4536
271607,27.4087,82.3235
271609,27.2808,82.3343
271801,27.5440,81.6364
271802,27.6043,81.6693
271803,27.8398,81.7131
271804,27.6587,81.8006
271805,27.4739,82.0298
271821,27.3815,81.8443
271824,27.5991,81.3949
271825,27.5470,81.4938
271830,27.8647,81.3619
271831,27.7350,81.9098
271835,27.5681,81.8443
271840,27.8138,82.0625
271841,27.2448,81.5569
271845,27.4799,81.9317
271851,27.7279,81.4059
271855,28.0697,81.2959
271861,27.5857,82.1496
271865,27.9195,81.4938
271870,27.5137,81.7131
271871,27.4230,81.7568
271872,27.3711,81.6693
271875,27.6921,81.5816
271881,27.9275,81.6254
271882,27.7853,81.5816
271901,27.1681,81.5925
271902,27.4098,81.5377
271903,27.2672,81.4938
271904,27.1593,81.5432
272001,26.7933,82.7401
272002,26.8725,82.7994
272123,26.6792,82.9179
272124,26.7319,82.7994
272125,26.8812,82.9717
272126,26.9371,82.9179
272127,26.8030,82.3669
272128,26.7139,82.4536
272129,26.8451,82.2801
272130,26.8967,82.3669
272131,26.7208,82.5835
272148,27.0297,82.8964
272150,26.9551,82.8102
272151,27.0131,82.7994
272152,27.1154,82.9717
272153,27.2270,82.8641
272154,27.1218,83.1005
272155,26.8211,82.4861
272161,26.9109,82.5240
272162,26.5550,83.0147
272163,26.9082,82.5835
272164,26.6856,83.0469
272165,26.5122,83.1005
272170,26.7485,82.8964
272171,26.6515,82.8317
272172,26.6345,82.9609
272173,26.7357,83.1113
272175,26.7917,83.0576
272176,26.6163,83.0684
272177,26.6302,82.8748
272181,26.8679,82.4861
272182,26.8547,82.6807
272189,27.1613,82.7239
272190,26.9718,82.6807
272191,27.1579,82.6591
272192,27.2894,82.7131
272193,27.2358,82.5835
272194,27.0532,82.6699
272195,27.1311,82.5943
272199,26.8875,83.1005
272201,27.4341,82.7994
272202,27.4026,83.1005
272203,27.2979,83.1113
272204,27.3026,82.9717
272205,27.3918,82.8856
272206,27.3132,83.1863
272207,27.2601,83.0576
272208,27.2043,83.1113
272270,26.9893,83.0254
272271,26.9813,83.1005
272301,26.5868,82.7131
272302,26.7253,82.6699
273001,26.7448,83.3656
273002,26.7568,83.5603
273003,26.7972,83.3883
273004,26.7892,83.3736
273005,26.7530,83.3522
273006,26.7708,83.3883
273007,26.8530,83.3576
273008,26.7448,83.4270
273009,26.7517,83.3870
273010,26.7316,83.3950
273012,26.7632,83.3816
273013,26.8203,83.4110
273014,26.7734,83.4110
273015,26.7918,83.3041
273016,26.6673,83.4003
273017,26.7669,83.3669
273151,27.0093,83.6987
273152,26.8120,83.4857
273155,27.1322,83.3148
273157,27.2238,83.2720
273158,27.0385,83.3148
273161,27.0812,83.2292
273162,27.2278,83.3576
273163,27.1518,83.7412
273164,27.3723,83.4430
273165,26.9427,83.2720
273201,26.6638,83.5816
273202,26.6712,83.4857
273203,26.5689,83.5603
273207,27.2417,83.6561
273209,26.7979,83.1863
273211,26.5745,83.1756
273212,26.6572,83.1863
273213,26.4826,83.2185
273301,26.9698,83.6029
273302,27.0523,83.6136
273303,27.1666,83.5497
273304,27.2942,83.7836
273305,27.3802,83.6136
273306,26.9038,83.4430
273308,27.4713,83.4863
273309,27.3265,83.3415
273310,26.9844,83.4110
273311,27.3560,83.7252
273401,26.6530,83.3469
273402,26.2992,83.5710
273403,26.5347,83.3255
273404,26.4204,83.1435
273405,26.5834,83.4910
273406,26.5796,83.2827
273407,26.4377,83.2613
273408,26.3507,83.4110
273409,26.3815,83.3148
273411,26.4447,83.4110
273412,26.3987,83.4323
273413,26.5171,83.4537
274001,26.4496,83.7836
274149,26.8628,83.5710
274182,26.3659,83.7518
274201,26.5295,83.7305
274202,26.6338,83.6987
274203,26.7418,83.7518
274204,26.4891,83.6136
274205,26.3970,83.6561
274206,26.8347,83.6485
274207,26.7289,83.6621
274208,26.4260,83.5177
274301,26.8808,83.7093
274302,26.8051,84.1330
274303,26.8363,84.0379
274304,26.9735,83.9533
274305,26.8742,83.8261
274306,26.9661,83.7836
274401,26.6484,84.0379
274402,26.7858,83.9533
274403,26.7943,83.8791
274404,26.5509,83.9533
274405,26.6037,83.8155
274406,26.7154,84.2384
274407,26.6410,84.1403
274408,26.6544,83.9003
274409,26.6588,84.2911
274501,26.4193,83.9003
274502,26.2112,83.9850
274505,26.2076,83.9003
274506,26.2818,83.9850
274508,26.1632,83.9638
274509,26.3140,83.9109
274601,26.2700,83.7093
274602,26.1606,83.9003
274603,26.3161,83.6880
274604,26.2633,83.8261
274701,26.3759,83.9850
274702,26.3559,84.0696
274703,26.2862,84.0907
274704,26.2382,84.0696
274705,26.4182,84.0115
274801,27.2061,83.9109
274802,27.1105,83.8685
274806,26.5075,83.7803
274807,26.4997,83.7863
275101,25.9226,83.5710
275102,25.9829,83.6029
275103,25.8991,83.5044
275105,26.0761,83.5816
275201,25.8453,83.6880
275202,25.8105,83.4323
275203,25.7604,83.3683
275204,25.7207,83.2720
275205,25.6672,83.3896
275301,26.1655,83.4750
275302,26.1123,83.4697
275303,26.2370,83.4964
275304,26.1458,83.5603
275305,26.0281,83.5603
275306,26.0243,83.4750
275307,26.0677,83.6561
276001,26.0565,83.1542
276121,26.2007,83.2185
276122,26.2772,83.3469
276123,25.7751,83.1756
276124,26.1361,83.3469
276125,26.1076,83.2399
276126,25.8036,83.2827
276127,25.8854,83.2221
276128,25.9522,83.1863
276129,25.8716,83.3251
276131,25.9449,83.2827
276135,26.1506,83.1542
276136,26.2086,83.3896
276137,26.2426,83.1113
276138,26.2272,83.2827
276139,26.3284,83.1863
276140,26.1638,83.3095
276141,26.1935,83.0684
276142,26.2609,83.0039
276143,26.2235,82.7239
276201,25.7188,82.9824
276202,25.8028,83.0147
276203,25.7127,83.1005
276204,25.8560,83.1435
276205,25.9338,83.0469
276206,26.0964,83.0039
276207,25.9829,83.0898
276208,26.1230,83.0684
276288,26.1541,82.7555
276301,25.8415,82.8425
276302,25.9296,82.9609
276303,25.8805,82.9179
276304,26.0900,82.8748
276305,26.0462,82.9394
276306,26.1947,83.6029
276402,25.9263,83.3896
276403,25.9979,83.4110
276404,26.0871,83.3041
276405,26.0685,83.4110
276406,26.0380,83.2613
277001,25.7714,84.1752
277121,25.8361,84.0273
277123,25.9068,84.0273
277124,25.9757,83.9850
277201,25.7535,84.4750
277202,25.8690,84.2595
277203,25.8194,84.1963
277204,25.7433,84.5170
277205,25.7812,84.4278
277207,25.9835,84.1752
277208,25.8088,84.5327
277209,25.8634,84.4173
277210,25.8210,84.2384
277211,25.8235,84.3016
277213,25.9197,84.2015
277214,25.7639,84.5956
277216,25.7120,84.4698
277219,25.9170,84.2805
277301,25.8356,84.1593
277302,25.9574,84.1118
277303,26.0385,84.0802
277304,25.8875,84.1330
277401,25.7503,84.2384
277402,25.7536,84.3226
277403,25.8024,84.3647
277501,25.6213,83.9638
277502,25.6938,84.0062
277503,25.7846,84.0643
277504,25.6483,84.0485
277506,25.7435,84.0696
281001,27.4809,77.6880
281003,27.5198,77.6708
281004,27.4748,77.6192
281005,27.3844,77.6422
281006,27.3925,77.7338
281104,27.4535,78.1678
281121,27.5713,77.6651
281122,27.3106,77.7223
281123,27.3972,77.5275
281201,27.9070,77.6765
281202,27.6467,77.7338
281203,27.8462,77.6422
281204,27.5458,77.7681
281205,27.7768,77.7681
281206,27.5665,77.8710
281301,27.3544,77.8253
281302,27.3729,77.9053
281303,27.4409,77.7252
281305,27.4639,77.7567
281306,27.3955,78.0310
281307,27.4496,78.1222
281308,27.4740,77.8710
281401,27.7519,77.4931
281403,27.7896,77.4013
281404,27.7645,77.6307
281405,27.6512,77.4013
281406,27.6259,77.6307
281501,27.5148,77.5505
281502,27.5589,77.4013
281504,27.5568,77.5046
282001,27.1407,78.0310
282002,27.2010,77.9910
282003,27.1829,78.0167
282004,27.2155,78.0252
282005,27.2251,78.0024
282006,27.2035,78.0880
282007,27.2446,77.8939
282008,27.1507,77.9453
282009,27.0692,78.0081
282010,27.1778,77.9910
283101,27.2220,77.7681
283102,27.0951,77.9053
283103,27.1891,78.3273
283104,26.8742,78.5888
283105,27.1732,77.8710
283110,27.0750,77.6765
283111,27.0336,78.2704
283112,26.9108,78.0538
283113,26.8668,78.4979
283114,26.8387,78.7249
283115,26.8816,77.5849
283119,27.0090,77.8482
283121,26.9481,77.8139
283122,27.0871,77.8139
283123,26.9264,78.3409
283124,26.9600,77.9510
283125,27.0220,78.1336
283126,27.2923,78.0424
283130,27.3458,78.6796
283135,27.1421,78.6001
283136,27.2066,78.6796
283141,27.0135,78.5888
283142,26.9424,78.7136
283145,27.1917,78.4979
283151,27.0710,78.7249
283152,27.4310,78.5888
283201,27.3503,78.1792
283202,27.2220,78.1678
283203,27.0914,78.4070
283204,27.2191,78.2704
283205,27.1327,78.3814
283206,27.2807,78.4525
283207,27.2882,78.5434
284001,25.4223,78.5718
284002,25.4869,78.5774
284003,25.4600,78.5320
284120,25.3612,78.4638
284121,25.5209,78.7136
284122,24.8144,78.4979
284123,24.9150,78.5888
284124,24.8937,78.3159
284125,24.7390,78.2818
284126,25.0735,78.5207
284127,25.4249,78.6058
284128,25.5264,78.6342
284135,25.3414,78.5093
284136,25.0754,78.3956
284201,25.4041,78.7136
284202,25.6614,79.1774
284203,25.5779,79.3128
284204,25.2871,79.1774
284205,25.3204,78.9967
284206,25.4676,79.0871
284301,25.5907,78.8609
284302,25.7515,79.1323
284303,25.7344,78.9062
284304,25.8888,78.9401
284305,25.5046,78.8043
284306,25.8347,78.9967
284401,25.2318,78.4525
284402,24.7130,78.7023
284403,24.5481,78.3842
284404,24.3449,78.7930
284405,24.5324,78.7930
284406,24.4250,78.6115
284419,25.5121,78.4525
284501,24.7966,78.2704
285001,26.0086,79.4479
285121,26.1719,79.1323
285122,25.8684,79.4479
285123,26.1705,79.4254
285124,26.4011,79.2338
285125,26.3789,79.4029
285126,26.2794,79.1661
285127,26.3278,79.1887
285128,26.2697,79.3466
285129,26.3346,79.2789
285130,26.2922,79.4929
285201,25.8951,79.1774
285202,26.0217,79.6278
285203,25.9878,79.8073
285204,26.1559,79.7063
285205,26.0318,79.1323
285206,26.1058,79.0306
285223,25.8242,79.3240
301001,27.4966,76.5026
301002,27.5512,76.6117
301018,28.1458,76.9067
301019,28.1925,76.8548
301020,27.9096,76.3753
301021,27.4566,76.8029
301022,27.4069,76.2943
301023,27.6442,76.5691
301024,27.4990,76.2943
301025,27.6915,76.8490
301026,27.5994,76.8490
301027,27.3055,76.2016
301028,27.6321,76.7106
301030,27.5020,76.6759
301035,27.2704,76.9067
301401,27.9533,76.5835
301402,27.6716,76.4100
301403,27.8992,76.6182
301404,27.7657,76.6644
301405,27.8253,76.8029
301406,27.3882,76.5719
301407,27.8901,76.5257
301408,27.2037,76.5719
301409,27.1709,76.7106
301410,27.2109,76.4100
301411,27.9678,76.8490
301412,27.7786,76.4447
301413,27.2677,76.7567
301414,27.3294,76.5604
301415,27.3715,76.9989
301416,28.0710,76.6701
301427,27.8959,76.4679
301604,27.5099,76.9989
301701,27.8670,76.2943
301702,28.0048,76.7567
301703,28.0357,76.2595
301704,28.1163,76.3753
301705,28.0245,76.3753
301706,28.0084,76.4447
301707,28.1012,76.8029
301708,28.0750,76.4216
301709,27.9715,76.3058
301712,27.9101,76.6701
301713,27.9827,76.1900
301714,27.9372,76.4216
302001,26.9179,75.8015
302002,26.9358,75.8336
302003,26.9175,75.8340
302004,26.9013,75.8288
302005,26.8985,75.8008
302006,26.9095,75.7813
302012,26.9557,75.6883
302013,27.0201,75.7720
302015,26.8768,75.7981
302016,26.9345,75.7943
302017,26.8438,75.8175
302018,26.8573,75.7866
302019,26.8881,75.7611
302020,26.8540,75.7613
302021,26.9056,75.7429
302022,26.7799,75.8476
302026,26.8698,75.6557
302027,26.9548,75.9231
302028,27.0319,75.8883
302029,26.8079,75.7255
302031,26.9098,75.8947
302033,26.8021,75.8258
302034,26.9113,75.7182
302036,26.9520,75.8693
302037,26.8126,75.6034
302039,26.9592,75.7715
302040,26.9654,75.7400
303001,27.0750,76.2016
303002,27.1519,75.9347
303003,27.4296,76.0624
303004,26.7646,76.2131
303005,26.5732,75.5742
303006,26.5207,75.7371
303007,26.8705,75.5510
303008,26.6265,75.2012
303009,26.6765,75.4578
303012,26.8672,75.9695
303102,27.4390,76.1552
303103,27.3742,75.9695
303104,27.2360,75.9695
303105,27.8022,76.1088
303106,27.5756,76.0276
303107,27.6469,76.0508
303108,27.7150,76.1552
303109,27.1118,76.1088
303110,27.5311,76.1552
303119,27.5169,76.0160
303120,27.2915,76.0624
303121,27.1895,75.9507
303122,26.8314,75.4520
303301,26.8304,76.0624
303302,26.6965,76.1088
303303,26.9041,76.3406
303304,26.9073,76.4910
303305,26.8858,76.1552
303313,27.0570,76.6066
303315,27.0830,76.7567
303323,27.0942,76.5141
303325,27.0055,76.4332
303326,26.9728,76.5719
303327,27.1240,76.5835
303328,26.9431,75.3645
303329,26.9994,75.3529
303338,26.8510,75.3645
303348,26.8213,75.0845
303501,26.8297,76.5257
303502,26.8386,76.6182
303503,26.5299,76.2943
303504,26.4463,76.3869
303505,26.7148,76.2943
303506,26.7283,76.4332
303507,27.0277,76.3058
303508,26.8937,76.7106
303509,26.9905,76.7567
303510,26.6178,76.2479
303511,26.6314,76.3869
303601,27.3496,75.8418
303602,27.2672,75.4927
303603,27.1370,75.4578
303604,26.9616,75.2129
303701,27.0644,75.6441
303702,27.1613,75.6906
303704,27.0892,75.7720
303706,26.9578,75.5044
303712,27.2818,75.6324
303801,27.1977,75.5975
303803,27.3375,75.7255
303804,27.2733,75.7720
303805,27.0836,75.8302
303806,27.2091,75.8185
303807,27.2198,75.7546
303901,26.5856,75.9231
303903,26.7241,75.9231
303904,26.6957,75.6441
303905,26.7275,75.8418
303908,26.6041,76.1088
304001,26.0470,75.8534
304021,26.3245,75.8534
304022,26.4424,75.8766
304023,25.8891,76.1320
304024,25.9890,75.9695
304025,26.3684,76.0624
304501,26.2660,75.5044
304502,26.1847,75.3879
304503,26.2370,75.2246
304504,26.4045,75.5044
304505,26.0397,75.5510
304507,25.9282,75.3645
304801,26.2133,75.6674
304802,25.8433,75.6674
304803,25.7622,75.5510
304804,25.8405,75.4112
305001,26.4573,74.6459
305002,26.3896,74.6576
305003,26.4126,74.6049
305004,26.5072,74.6283
305005,26.4381,74.5229
305007,26.4727,74.6810
305009,26.5047,74.6840
305012,26.3551,74.6576
305021,26.5736,74.6049
305022,26.5199,74.5346
305023,26.5379,74.6986
305024,26.4740,74.7454
305025,26.4126,74.7103
305026,26.5554,74.4408
305201,26.4353,74.3939
305202,26.1976,74.4291
305203,26.2898,74.5346
305204,26.3253,74.3353
305205,26.3231,74.6283
305206,26.3614,74.5580
305207,26.3255,74.4408
305401,26.2540,74.6283
305402,26.3407,74.8975
305403,26.0740,74.9910
305404,25.9405,75.0378
305405,25.7964,75.0962
305406,26.0888,75.1312
305407,25.7751,75.2246
305408,25.9010,75.2129
305412,26.2379,75.0144
305415,26.0572,75.2712
305601,26.2795,74.7571
305621,26.1823,74.7103
305622,26.0490,74.7571
305623,26.0697,74.5229
305624,25.9518,74.7103
305625,25.9443,74.5346
305627,26.1513,74.8507
305628,26.0129,74.8507
305629,25.9592,74.8332
305630,26.1414,74.5990
305801,26.5710,74.8975
305802,26.4739,74.8507
305811,26.6427,74.7103
305812,26.7014,74.9326
305813,26.4018,75.0378
305814,26.8931,74.8975
305815,26.7091,74.7922
305816,26.6374,74.9793
305817,26.6236,75.0272
305819,26.7245,74.7220
305901,26.0952,74.3353
305921,25.7980,74.1475
305922,25.9108,74.2297
305923,25.9056,74.1827
305924,25.7181,73.9477
305925,25.9903,74.3236
305926,25.7951,74.0183
305927,25.9874,74.1945
306001,25.7801,73.5830
306021,25.6069,73.6772
306022,25.4742,73.7242
306023,25.7097,73.7713
306101,26.3095,74.1945
306102,26.1255,74.1945
306103,25.8070,73.8184
306104,25.9786,73.5123
306105,25.9309,74.1005
306114,25.8990,73.8184
306115,25.3795,73.3001
306116,25.2875,73.3001
306119,25.5229,73.3473
306126,25.0871,73.1586
306301,26.3801,74.0065
306302,26.2262,73.8654
306303,26.1632,74.0183
306304,26.0278,74.0418
306305,26.0990,73.9595
306306,26.0113,73.7949
306307,26.0070,73.9595
306308,26.3180,73.8654
306401,25.7618,73.2294
306421,25.9341,73.1350
306422,25.5983,73.2058
306501,25.6644,73.4769
306502,25.4121,73.5830
306503,25.5798,73.4416
306504,24.9030,73.1586
306601,25.3545,73.3827
306602,25.4549,73.1586
306603,25.3857,73.4534
306701,25.2056,73.2883
306702,25.1711,73.4887
306703,25.3146,73.5359
306704,25.2530,73.5005
306705,25.1705,73.3827
306706,25.1190,73.3355
306707,25.0574,73.3001
306708,25.3115,73.1114
306709,26.2936,74.0535
306901,25.2186,73.0051
306902,25.1781,73.0523
306912,25.3362,73.0287
307001,24.7871,72.7570
307019,24.7025,73.0169
307022,24.8001,73.0641
307023,24.6916,72.9224
307024,24.5645,73.0169
307025,24.5550,73.1350
307026,24.4302,72.8515
307027,25.0761,73.0641
307028,25.1659,72.8515
307029,25.5218,72.7570
307030,25.4527,72.9461
307031,24.8350,73.1173
307043,24.9675,72.9224
307501,24.6290,72.7806
307510,24.5526,72.8161
307511,24.6122,72.6388
307512,24.7388,72.5441
307513,24.5840,72.4021
307514,24.6816,72.4495
307515,24.8595,72.4021
307801,25.0370,72.7334
307802,24.8823,72.5915
307803,25.0086,72.4968
311001,25.3366,74.5698
311011,25.3565,74.7571
311021,25.8494,74.6166
311022,25.8595,74.7103
311023,25.8234,74.8039
311024,25.7060,74.5698
311025,25.2276,74.8507
311026,25.5625,74.5229
311030,25.7261,74.7571
311201,25.6507,75.3645
311202,25.6012,75.1078
311203,25.5024,75.2712
311204,25.7830,74.4291
311301,25.6958,74.2649
311302,25.8084,74.2414
311401,25.4902,74.7103
311402,25.4088,74.3822
311403,25.4651,74.4760
311404,25.5817,74.9209
311407,25.7921,74.9443
311408,25.5925,74.8039
311601,25.3299,74.9443
311602,25.1877,75.3645
311603,25.4351,74.9559
311604,25.2311,75.1078
311605,25.3955,75.1312
311801,25.2140,74.2884
311802,25.2548,74.4526
311803,25.3832,74.1475
311804,25.5267,74.1945
311805,25.2909,74.1475
311806,25.1576,74.1945
312001,24.8178,74.5815
312021,24.9590,74.6049
312022,24.8221,74.7337
312023,25.0363,75.0144
312024,24.6133,74.2884
312025,24.8601,74.5990
312027,24.6695,74.3822
312201,24.8694,74.5229
312202,24.8495,74.3353
312203,25.0394,74.3822
312204,24.8856,74.2414
312205,24.7419,74.1945
312206,25.1368,74.4291
312207,24.9441,74.4643
312401,24.2677,74.5229
312402,24.5307,74.3822
312403,24.4322,74.5463
312404,24.4047,74.3939
312601,24.6065,74.6635
312602,24.6794,74.4760
312603,24.5869,74.4760
312604,24.3334,74.7103
312605,23.9881,74.7337
312606,24.7232,74.8975
312612,24.7557,74.6518
312613,24.7459,74.5580
312614,24.5139,74.6635
312615,23.8119,74.8273
312616,24.1735,74.7337
312617,24.6860,74.7044
312619,23.6169,74.7337
312620,24.6984,74.7688
312622,24.7676,74.5990
312623,24.1159,74.8507
312901,25.0899,74.6400
313001,24.5983,73.7242
313002,24.4982,73.6801
313003,24.5266,73.8066
313004,24.5913,73.6941
313011,24.6801,73.6301
313015,24.4599,73.8301
313022,24.6138,73.8654
313024,24.6958,73.7713
313026,24.0232,73.9595
313027,24.1358,74.1475
313031,24.4903,73.5830
313038,24.0382,74.1005
313201,24.6959,73.8772
313202,24.7829,73.7242
313203,24.8139,74.0065
313204,24.8113,73.8772
313205,24.7190,74.0888
313206,24.8704,74.1005
313207,25.0370,74.2531
313211,24.9627,74.1005
313301,24.8856,73.8184
313321,25.0029,73.6301
313322,24.9058,73.6889
313323,24.9549,73.9242
313324,25.0648,73.7713
313325,25.0383,73.5359
313327,25.0909,74.0065
313328,25.1012,74.1005
313329,25.0191,74.0888
313330,25.2369,73.9712
313331,25.4901,73.8654
313332,25.4085,73.9595
313333,25.3005,73.8184
313334,25.1978,73.7242
313341,25.6441,74.0065
313342,25.0037,73.9477
313601,24.6446,74.0418
313602,24.5830,74.0065
313603,24.5520,74.1475
313604,24.3101,74.2649
313605,24.1348,74.3587
313611,23.9800,74.4291
313701,24.2077,73.3237
313702,24.5207,73.4416
313703,24.4649,73.9830
313704,24.9558,73.4180
313705,24.6794,73.4180
313706,24.3620,74.1005
313708,24.7812,73.3001
313801,24.3109,73.6301
313802,24.1262,73.6301
313803,24.0235,73.5359
313804,23.8746,73.4416
313901,24.3675,73.7242
313902,24.1827,73.8301
313903,24.0543,73.8184
313904,24.1878,73.7713
313905,24.2854,73.8184
313906,24.4639,73.3473
314001,23.8079,73.6772
314011,23.8952,73.6301
314021,23.9457,74.1005
314022,23.8630,74.1945
314023,23.8279,73.9712
314024,23.7634,74.0183
314025,23.6684,73.9948
314026,23.5064,73.9948
314027,23.5990,73.9948
314028,23.8435,73.9007
314029,23.7407,73.9125
314030,23.4167,73.9125
314031,23.6679,74.1005
314032,23.7605,74.1005
314034,23.9307,73.9595
314035,23.5556,73.9125
314036,23.8847,73.8537
314037,23.7306,73.8184
314038,23.8482,74.0535
314401,23.6431,73.8654
314402,23.6203,73.7596
314403,23.5768,73.6772
314404,23.7155,73.6772
314406,23.4943,73.7713
314801,23.7874,73.4887
314804,23.8516,73.5476
321001,27.1975,77.4931
321021,27.2394,77.5734
321022,27.6385,77.2635
321023,27.7265,77.2175
321024,27.5752,77.0795
321025,27.3068,77.5505
321026,27.2481,77.4128
321028,27.0967,77.2750
321201,27.3195,77.3095
321202,27.3657,77.4358
321203,27.4539,77.2635
321204,27.6674,77.0795
321205,27.4241,77.0680
321206,27.3751,77.2233
321301,27.0419,77.4358
321302,27.0462,77.3554
321303,27.1892,77.4013
321401,26.9453,77.2635
321402,26.9725,77.4358
321403,26.9303,77.4817
321404,26.9743,77.5849
321405,26.8610,77.3554
321406,27.0545,77.0680
321407,27.1007,77.0680
321408,26.9831,77.1715
321409,26.9620,77.0680
321410,26.9642,77.3439
321411,26.8906,77.1715
321601,27.1135,77.2060
321602,27.2229,77.2635
321605,27.3444,77.0795
321606,27.2434,76.9873
321607,27.3584,76.8606
321608,27.0455,76.8490
321609,27.1528,76.8836
321610,26.9613,76.8144
321611,26.9195,76.8606
321612,26.9975,76.9528
321613,27.1087,76.9067
321614,27.1953,77.0910
321615,27.1427,77.0219
321633,27.3912,76.7221
321642,27.1786,77.1600
322001,25.9368,76.3869
322021,26.0127,76.3927
322023,26.3612,76.2247
322024,26.2418,76.3058
322025,26.0347,76.6875
322026,25.8440,76.3869
322027,26.1222,76.3869
322028,26.2700,76.4794
322029,26.0891,76.5257
322030,26.3075,76.3869
322033,26.2430,76.5604
322034,26.1774,76.4794
322201,26.4266,76.6644
322202,26.4353,76.7567
322203,26.3295,76.6182
322204,26.6161,76.7106
322205,26.6165,76.8375
322211,26.5567,76.5719
322212,26.6910,76.5257
322213,26.8012,76.7106
322214,26.4134,76.5257
322215,26.7043,76.6644
322216,26.7467,76.7452
322218,26.2499,76.7567
322219,26.5365,76.8490
322220,26.7218,76.8490
322230,26.7347,76.9873
322234,26.6000,77.0334
322236,26.8274,77.1140
322238,26.8270,76.8606
322240,26.9198,76.9873
322241,26.5115,77.0795
322242,26.6421,77.2405
322243,26.1446,76.8721
322249,26.4230,77.1255
322251,26.3638,77.2405
322252,26.7853,77.1600
322254,26.8377,76.9758
322255,26.4608,76.9067
322701,26.1088,76.2479
322702,26.0535,76.1552
322703,26.1475,76.0508
322704,26.2169,76.0508
323001,25.4473,75.6441
323021,25.2247,75.7371
323022,25.2782,75.5742
323023,25.5827,75.4927
323024,25.4797,75.5044
323025,25.6243,75.4461
323301,25.3999,76.1088
323302,25.0927,75.5742
323303,24.7750,75.4112
323304,24.9988,75.4461
323305,24.9326,75.5975
323306,24.9142,75.4112
323307,24.8234,75.6674
323601,25.2978,75.9521
323602,25.3296,75.9812
323603,25.6198,76.2247
323613,25.7418,76.1668
323614,25.7380,76.2479
323615,25.6954,76.1668
323616,25.7620,76.0160
323801,25.7391,75.7837
323802,25.6093,75.8766
323803,25.5002,75.9463
324001,25.1855,75.8708
324002,25.2323,75.9347
324003,25.1159,75.8708
324004,25.1318,75.8853
324005,25.1380,75.8592
324006,25.1737,75.8389
324007,25.1591,75.8679
324008,25.1978,75.8185
324009,25.1552,75.8272
324010,25.1230,75.8243
325001,25.0660,76.0160
325003,24.9343,75.8534
325004,25.5612,76.3406
325009,25.6628,76.4332
325201,25.2562,76.0624
325202,25.1344,76.2479
325203,25.1213,76.1088
325204,25.3413,76.2247
325205,25.0208,76.5257
325206,25.2869,76.3869
325207,24.9192,76.4332
325208,25.1638,76.1900
325209,25.0966,76.3406
325214,25.4263,76.3869
325215,25.3463,76.5257
325216,25.1561,76.7337
325217,25.2397,77.1485
325218,24.9192,76.6875
325219,24.7455,76.6990
325220,24.6561,76.8721
325221,24.5465,76.6875
325222,25.2025,76.4794
325223,24.7838,76.4794
325601,24.9485,76.2479
325602,24.7749,76.1320
326001,24.6229,76.2479
326021,24.4875,76.2943
326022,24.2970,76.2479
326023,24.4958,76.1320
326033,24.3264,76.5719
326034,24.2079,76.0392
326035,24.5934,76.4332
326036,24.3307,76.1088
326037,24.2749,76.7798
326038,24.7711,76.3406
326039,24.3181,76.4794
326501,24.5038,75.9695
326502,24.3893,75.8650
326512,24.3467,75.7837
326513,24.3642,75.9695
326514,24.0043,75.8534
326515,23.9059,75.5510
326516,23.9192,75.6906
326517,24.7490,75.9812
326518,24.8204,75.8766
326519,24.6117,76.0044
326520,24.7169,75.8883
326529,24.6240,75.8883
326530,24.6604,76.0276
327001,23.5053,74.5463
327021,23.7801,74.2884
327022,23.5802,74.1475
327023,23.7020,74.4291
327024,23.6332,74.3236
327025,23.5820,74.2766
327026,23.6756,74.5112
327027,23.8459,74.4760
327031,23.3852,74.0535
327032,23.4778,74.0535
327034,23.5028,74.1827
327601,23.3071,74.1945
327602,23.2704,74.2884
327603,23.5021,74.2884
327604,23.3727,74.3822
327605,23.7241,74.1945
327606,23.3759,74.3001
327801,23.2175,74.4526
328001,26.7241,77.9053
328021,26.5821,77.6078
328022,26.7848,77.5390
328023,26.8891,77.8024
328024,26.8527,77.9167
328025,26.8958,78.1691
328026,26.4478,77.4013
328027,26.8368,77.7338
328028,26.6194,77.7681
328029,26.7822,78.0424
328030,26.7162,77.8139
328031,26.5488,77.4931
328041,26.7042,77.6765
331001,28.4301,74.9209
331021,28.2961,75.0494
331022,28.0437,74.7337
331023,28.7557,75.3879
331024,28.1411,74.9910
331025,28.2763,75.2829
331026,28.4108,75.2596
331027,28.2481,75.1312
331028,28.3422,75.2596
331029,28.4712,75.0845
331030,28.1668,75.1195
331031,28.2370,74.8273
331301,28.5225,75.5510
331302,28.7839,74.8273
331303,28.4819,75.3879
331304,28.6230,75.0144
331305,28.4159,75.5160
331402,28.4088,74.7337
331403,28.4565,74.3587
331411,28.6385,74.3587
331501,27.8838,74.3353
331502,27.8141,74.5229
331503,27.7468,74.3353
331504,28.1794,74.5229
331505,27.9162,74.6166
331506,27.7896,74.7103
331507,27.7226,74.5229
331517,27.7049,74.1710
331518,27.5914,73.9830
331701,28.8112,75.2712
331801,28.1722,74.2649
331802,28.0115,74.4526
331803,28.0589,74.0770
331811,28.0252,73.7949
332001,27.6123,75.1779
332002,27.5155,75.0261
332021,27.5155,75.1312
332023,27.4187,75.0845
332024,27.6684,75.1662
332025,27.3677,74.9326
332026,27.5712,74.8039
332027,27.6581,75.2829
332028,27.5459,74.8858
332029,27.6703,74.7688
332030,27.4542,74.8858
332031,27.7550,75.2246
332041,27.6479,74.9793
332042,27.5970,75.0378
332301,27.9530,74.9443
332302,28.0797,74.8507
332303,28.0016,75.0728
332304,28.0123,74.8098
332305,28.0474,75.0728
332307,28.0957,75.0962
332311,27.8261,75.0378
332312,27.7190,74.8975
332315,27.7397,75.0845
332316,27.8542,75.1896
332317,27.8257,74.9248
332318,27.8009,74.9242
332401,27.9280,75.1312
332402,27.4539,75.4112
332403,27.4848,75.2712
332404,27.3719,75.5044
332405,27.5739,75.3529
332406,27.3930,75.2712
332411,27.4510,75.4927
332601,27.3188,75.3296
332602,27.3517,75.4228
332603,27.3714,75.6092
332701,27.4162,75.8185
332702,27.2961,75.2246
332703,27.2299,75.1429
332705,27.6405,75.8766
332706,27.6495,75.6324
332707,27.4923,75.8883
332708,27.5752,75.6906
332709,27.6167,75.5393
332710,27.2092,75.2712
332711,27.8297,75.8185
332712,27.3914,75.6906
332713,27.7379,75.8185
332714,27.6822,75.7255
332715,27.4785,75.6441
332716,27.8429,75.7255
332718,27.7880,75.9695
332719,27.4882,75.7371
332721,27.6068,75.4461
332722,27.5556,75.5044
332742,27.1660,75.1896
332746,28.0712,75.9347
333001,28.1314,75.3179
333011,28.2153,75.3529
333012,27.9378,75.5393
333021,28.0143,75.5044
333022,27.8412,75.4927
333023,28.1924,75.4578
333024,28.1439,75.5393
333025,28.3118,75.3995
333026,28.2504,75.6790
333027,28.1997,75.6324
333028,28.0700,75.5975
333029,28.2807,75.7488
333030,28.3546,75.6906
333031,28.4411,75.6441
333032,27.8362,75.4461
333033,28.3285,75.8766
333034,28.2593,75.9812
333035,28.3066,75.5626
333036,27.9668,75.9231
333041,28.0399,75.3179
333042,27.8517,75.2712
333053,27.8409,75.5975
333302,27.7364,75.5859
333303,27.7242,75.3645
333304,27.8007,75.3296
333305,27.9049,75.4461
333307,27.7494,75.4927
333308,27.8082,75.3995
333501,27.9166,75.7720
333502,28.2370,75.8766
333503,28.0029,75.8302
333504,28.0795,75.7953
333514,27.9883,75.6906
333515,28.1550,75.9695
333516,28.1356,75.7837
333701,27.9852,75.1837
333702,27.8975,75.2187
333704,28.0704,75.1779
333705,27.9509,75.2362
333707,27.9636,75.3529
333801,27.7233,75.6790
334001,28.2166,73.1350
334003,27.9900,73.3443
334004,28.0605,73.2942
334006,28.0941,73.3355
334021,28.6939,73.3237
334022,28.0818,73.5123
334023,28.5573,72.6151
334201,27.9197,73.4887
334202,27.8316,73.7007
334302,27.8293,72.9461
334303,27.7685,72.4732
334305,28.1704,72.4258
334401,27.9780,73.2706
334402,27.8846,73.2058
334403,27.9710,73.3060
334601,28.3428,73.4180
334602,28.3777,73.7007
334603,28.6732,73.8889
334604,28.9222,73.7007
334801,27.6944,73.3237
334802,27.6235,73.6772
334803,27.4209,73.3237
334804,27.5682,73.0405
334808,28.5093,72.8102
335001,29.9136,73.8654
335002,29.8803,73.9595
335021,29.5071,73.3237
335022,29.8118,73.7713
335023,29.9170,73.5359
335024,29.6799,73.4416
335025,29.7393,73.9125
335027,29.9739,73.6301
335037,29.8567,74.0418
335038,29.9918,73.7713
335039,29.5049,73.5712
335040,29.7880,73.5830
335041,29.6707,73.7242
335051,29.3388,73.4180
335061,29.5746,73.6772
335062,29.8584,74.1475
335063,29.8475,74.4291
335064,29.7346,74.2414
335065,29.7065,74.3822
335073,29.8599,73.4416
335501,29.0336,75.2246
335502,28.9872,75.0144
335503,29.0037,75.3645
335504,29.1890,74.9910
335511,29.1753,75.2712
335512,29.6344,74.2531
335513,29.5653,74.3353
335523,29.1767,74.6869
335524,29.0019,74.3587
335525,29.3757,74.4526
335526,29.6273,74.4760
335701,29.1415,73.1114
335702,29.3371,73.5830
335703,29.0678,73.4180
335704,29.1937,73.7007
335705,29.4765,73.7949
335707,28.9169,72.9461
335711,29.0634,73.2058
335801,29.5228,74.1710
335802,29.6665,74.0535
335803,29.4012,74.1005
335804,29.0870,73.9360
335805,29.3486,73.9477
335901,30.1093,73.9007
341001,27.2838,73.7007
341021,27.1499,73.5359
341022,27.4086,73.9830
341023,27.2785,74.2414
341024,27.0425,73.9830
341025,27.0442,73.2294
341026,27.0205,73.7949
341027,27.1945,73.9125
341028,26.9983,73.6065
341029,27.4866,73.6772
341030,27.1707,74.1005
341031,26.6011,74.3353
341301,27.0905,74.3001
341302,27.1241,74.3939
341303,27.4736,74.5463
341304,27.6311,74.5229
341305,27.3458,74.4291
341306,27.6251,74.3705
341316,27.5182,74.3353
341317,27.3755,74.2884
341318,27.2594,74.4760
341319,27.1272,74.5229
341501,26.8977,74.5229
341502,27.0970,74.6635
341503,26.8104,74.3587
341504,27.0046,74.4526
341505,27.1533,74.7571
341506,27.3316,74.7103
341507,27.1023,75.1312
341508,27.1687,74.8975
341509,26.9848,75.1078
341510,26.5840,73.9830
341511,26.7310,73.8654
341512,26.8266,74.7103
341513,26.4986,74.2414
341514,26.8499,74.1005
341515,26.7035,74.4291
341516,27.3420,74.8039
341517,27.2094,74.7454
341518,26.4672,74.0653
341519,27.2504,75.0144
341520,26.9590,74.5580
341533,27.0386,74.8624
341542,26.9593,74.6635
341551,27.4285,74.7571
342001,26.3022,72.8634
342003,26.2787,72.9992
342005,26.2258,73.0346
342006,26.3023,73.0523
342007,26.3417,73.0464
342008,26.1564,72.9815
342011,26.2565,73.0523
342012,26.1506,72.9342
342013,26.1850,73.0287
342014,26.1633,72.7570
342015,26.2422,73.1232
342021,26.6648,72.1295
342022,26.3465,72.2127
342023,26.4142,72.5678
342024,26.3695,72.9461
342025,26.5609,72.2837
342026,26.5711,72.5441
342027,26.2318,73.3237
342028,26.4102,72.3548
342037,26.7585,73.1350
342301,27.1287,72.2725
342302,26.8826,72.6624
342303,26.7237,72.8515
342304,26.4525,73.0641
342305,26.5525,72.9461
342306,26.5292,72.7570
342307,27.4173,72.5678
342308,27.1184,72.5441
342309,26.8587,72.4732
342310,27.6147,72.1653
342311,27.2712,72.8515
342312,26.9696,72.9933
342314,26.7433,72.2837
342601,26.3568,73.6065
342602,26.2099,73.7242
342603,26.6319,73.6065
342604,26.4853,73.7242
342605,26.1623,73.5123
342606,26.5180,73.4180
342801,25.9659,72.8279
342802,26.1176,73.1350
342901,26.8040,73.5123
342902,26.6687,73.7242
343001,25.3413,72.5915
343002,25.3061,72.6329
343021,25.3969,72.3903
343022,25.3007,72.2601
343023,25.2265,72.4021
343024,25.0716,72.6388
343025,25.2093,72.6388
343027,24.7399,71.6199
343028,25.1061,72.5441
343029,25.1003,72.2260
343030,25.0741,72.1203
343032,25.3369,71.9994
343039,24.7964,72.2601
343040,24.7873,71.9994
343041,24.9108,71.5249
343042,25.4731,72.5441
343048,24.6487,72.2719
343049,24.8810,72.2956
344001,25.5504,71.5249
344011,25.9173,70.8596
344012,25.6168,71.3349
344021,25.7854,72.6624
344022,25.7644,72.3074
344024,25.7923,72.1653
344025,25.7743,72.0231
344026,26.1399,72.5678
344027,25.8537,72.4732
344031,25.1576,71.6673
344032,26.1044,72.2837
344033,25.5475,71.8571
344034,25.8748,71.7385
344035,26.0458,71.4774
344037,26.0560,71.9046
344043,25.5531,72.4495
344044,25.6905,72.4495
344501,25.8903,70.3361
344502,25.7225,70.7644
344701,26.1508,71.2399
344702,25.4232,70.9071
344703,25.6800,71.6436
344704,25.1087,71.2874
344705,26.3327,71.2399
344706,24.9407,71.0498
344708,25.4209,71.4062
344801,25.4839,72.2601
345001,26.7961,70.3361
345021,26.8761,71.9046
345022,27.4141,70.2408
345023,27.1129,71.8968
345024,26.6030,71.9046
345025,26.4208,71.9046
345026,26.6438,71.5249
345027,26.5015,71.1449
345028,27.7065,71.6673
345031,27.1369,71.4774
345033,27.2391,70.9071
345034,26.4091,70.4789
360001,22.2964,70.7942
360002,22.3030,70.8952
360003,22.4158,70.7882
360004,22.2170,70.7525
360005,22.2727,70.7406
360006,22.3542,70.7525
360007,22.3024,70.7733
360020,22.2501,70.9309
360021,22.2452,70.6098
360022,22.2028,70.8239
360023,22.3475,70.9785
360024,22.1528,70.8833
360025,22.1700,71.0260
360030,22.0612,70.8833
360035,22.1567,70.6336
360040,21.9651,71.1330
360050,22.0552,71.2161
360055,22.1235,71.4062
360060,22.0382,71.0735
360070,22.0265,70.5979
360110,22.4122,70.5741
360311,21.9782,70.7644
360320,21.8709,70.7287
360330,21.9296,70.9309
360360,21.7122,70.6455
360370,21.8436,70.5979
360375,21.7564,70.5384
360380,21.8423,70.6812
360405,21.9234,70.5027
360410,21.6891,70.4551
360421,21.6389,70.3242
360430,21.6529,70.2527
360440,21.8145,70.3599
360450,21.9070,70.2765
360452,21.9972,70.3599
360460,21.7850,70.1218
360470,21.8068,70.2051
360480,21.9279,70.1694
360490,21.6997,70.1694
360510,21.9193,69.7406
360515,21.9891,69.9312
360520,22.0588,70.1218
360530,21.8841,70.0027
360531,21.8463,69.8836
360540,22.1004,70.4551
360545,21.7360,69.6870
360550,21.6847,69.7763
360560,21.7887,69.7883
360570,21.6640,69.8836
360575,21.6383,69.6125
360576,21.5154,69.7883
360577,21.6527,69.6364
360578,21.6532,69.6632
360579,21.7128,69.5500
360590,21.8493,69.5500
361001,22.4665,70.0771
361002,22.4897,70.0354
361003,22.4609,69.9669
361004,22.4456,70.0473
361005,22.4454,70.0682
361006,22.4055,69.9789
361007,22.4802,70.0950
361008,22.5218,70.0860
361009,22.5259,69.9848
361010,22.3685,69.6929
361011,22.6374,70.2765
361012,22.2611,70.0979
361013,22.3446,70.2170
361110,22.4427,70.1813
361120,22.5211,70.1694
361130,22.4479,70.3123
361140,22.3969,69.8240
361141,22.4382,69.8568
361142,22.3547,69.8061
361150,22.5336,70.0444
361160,22.1025,70.2885
361162,22.2374,70.4551
361170,22.1714,69.9312
361210,22.5116,70.4551
361220,22.6546,70.5027
361230,22.5849,70.3123
361240,22.7659,70.4789
361250,22.6823,70.3599
361280,22.2959,69.8359
361305,22.2319,69.6929
361306,22.1088,69.6215
361310,22.3400,69.5619
361315,22.1498,69.2401
361320,22.0127,69.4069
361325,21.9212,69.4904
361330,22.3513,69.1328
361335,22.2412,69.0732
361345,22.3839,69.0374
361347,22.4471,69.0434
361350,22.4649,69.0702
362001,21.5128,70.4610
362002,21.5563,70.3956
362004,21.4993,70.4908
362011,21.6248,70.3956
362015,21.4657,70.4491
362020,21.5464,70.7882
362030,21.5936,70.7050
362037,21.6077,70.4432
362110,21.4836,70.6455
362120,21.3850,70.6812
362130,21.3120,70.7406
362135,21.1547,70.7644
362140,21.0320,70.6931
362150,21.0609,70.5503
362205,21.4878,70.3956
362215,21.3935,70.3718
362220,21.2890,70.1694
362222,21.3861,70.2170
362225,21.1393,70.1575
362226,21.1613,70.1039
362227,21.2094,70.2646
362229,21.2993,70.3480
362230,21.3113,69.9789
362235,21.0887,70.1634
362240,21.2318,70.0741
362245,21.1752,70.3599
362250,21.0567,70.2289
362255,21.0225,70.3242
362260,21.3294,70.5027
362263,21.4136,70.5384
362265,20.9205,70.3777
362266,20.9598,70.3718
362268,20.9234,70.5135
362269,21.0111,70.4194
362275,20.8594,70.5496
362276,20.7851,70.6336
362310,21.5636,70.5503
362315,21.6814,70.5324
362510,20.7549,70.9666
362520,20.7142,70.9606
362530,20.9938,70.9547
362540,20.7243,70.9859
362550,20.8069,71.1211
362560,20.8364,70.9785
362565,20.9288,71.0854
362570,20.7189,70.9012
362610,21.4890,70.3123
362620,21.5194,70.0027
362625,21.4300,70.1099
362630,21.4715,70.1694
362640,21.5687,70.2170
362650,21.6760,69.9789
362710,20.9059,70.7882
362720,20.7889,70.7644
362725,20.8592,70.6812
362730,20.8533,71.2280
363001,22.7445,71.6614
363002,22.7219,71.6406
363020,22.6636,71.6080
363030,22.7207,71.7029
363035,22.6982,71.6822
363040,22.7714,71.4537
363110,22.8400,71.6436
363115,22.9430,71.7385
363310,23.0812,71.4495
363320,23.0727,71.5937
363330,22.9403,71.1449
363351,23.0560,71.0617
363410,22.4469,71.6199
363415,22.4433,71.7860
363421,22.5867,71.8334
363423,22.5728,72.0113
363425,22.5275,72.1179
363427,22.7356,71.9283
363430,22.4905,71.4062
363435,22.5992,71.5487
363440,22.3987,71.4062
363510,22.5967,71.3349
363520,22.3905,71.1449
363530,22.5537,71.1686
363621,22.5506,70.9547
363630,23.0741,70.9309
363641,22.8017,70.7644
363642,22.7836,70.8952
363650,22.6069,70.6693
363655,22.8494,70.5979
363660,23.1191,70.3837
363670,23.0960,70.7406
364001,21.8682,72.1890
364002,21.7313,72.1475
364003,21.7869,72.1564
364004,21.7731,72.0587
364005,21.7783,72.1697
364006,21.8014,72.1061
364050,21.5944,72.1061
364060,21.6838,72.0824
364070,21.6176,72.2127
364081,21.4667,72.2008
364110,21.7097,72.2127
364120,21.5280,72.1298
364130,21.2235,71.9757
364135,21.2211,72.0587
364140,21.3615,71.9757
364145,21.3457,71.8334
364150,21.4179,72.0705
364210,21.7262,71.8453
364230,21.7027,71.7385
364240,21.7625,71.9638
364250,21.6599,71.8690
364260,21.6502,71.9876
364265,21.5189,71.7385
364270,21.4889,71.8808
364275,21.6000,71.6436
364280,21.2679,71.5487
364290,21.1002,71.6911
364295,21.2079,71.8334
364310,21.9026,71.8808
364313,22.0310,71.9994
364320,21.8351,71.6911
364330,21.8155,71.8216
364485,21.7454,70.7052
364490,21.8269,71.0268
364505,21.4974,71.5487
364510,21.3704,71.6436
364515,21.3435,71.4062
364521,21.4298,71.3587
364522,21.2207,71.3349
364525,21.4002,71.5012
364530,21.1809,71.4893
364710,22.1511,71.6436
364720,22.2778,71.5487
364730,21.8647,71.5487
364740,21.7783,71.5961
364750,22.0024,71.5487
364760,22.0371,71.7504
364765,22.0032,71.6555
365220,21.6810,71.5487
365410,21.8662,71.1686
365421,21.9344,71.3587
365430,21.7105,71.4062
365435,21.7454,71.3112
365440,21.5231,70.9785
365450,21.7007,70.9309
365455,21.6415,71.1092
365456,21.5990,70.9428
365460,21.7175,71.0735
365480,21.6893,70.8358
365535,21.5729,71.4062
365540,20.8742,71.3112
365541,20.9232,71.4418
365545,20.9557,71.3231
365550,21.0467,71.2161
365555,21.0539,71.5843
365560,21.0480,71.4299
365565,21.4765,71.4656
365601,21.6426,71.2161
365610,21.5957,71.1092
365620,21.7673,71.2043
365630,21.3822,71.1449
365635,21.2456,71.2518
365640,21.2428,70.9309
365645,21.3673,70.9190
365650,21.1714,71.2043
365660,21.2191,71.1211
370001,23.3830,69.6215
370015,23.3793,69.8478
370020,23.3107,69.9312
370030,23.2207,69.5142
370040,23.2108,69.6095
370105,23.2070,69.8359
370110,23.1348,69.9789
370130,23.0767,69.8836
370135,23.4053,70.4789
370140,23.3681,70.1932
370145,23.4618,71.2874
370150,23.2348,70.5741
370155,23.6490,70.9547
370160,23.5196,70.8358
370165,23.9384,70.7168
370201,23.0719,70.1515
370203,23.0038,70.1099
370205,23.0401,70.0384
370210,22.9773,70.1694
370230,23.0968,70.0801
370240,23.2054,70.1694
370405,22.8371,69.6215
370410,22.9400,69.8836
370415,22.9246,69.6810
370421,22.8430,69.7525
370425,23.0122,69.7406
370427,23.1394,69.5857
370430,23.0969,69.6929
370435,22.8992,69.4904
370445,23.0909,69.3116
370450,23.0260,69.1685
370455,22.8246,69.4427
370460,22.8864,69.3950
370465,22.8637,69.3116
370475,22.9027,69.1805
370485,23.0649,69.4546
370490,23.0517,69.0255
370510,23.7337,69.8597
370511,23.4128,68.6916
370601,23.6132,68.6678
370602,23.7620,68.6797
370605,23.4799,69.1685
370610,23.2759,69.4189
370615,23.3860,69.2282
370620,23.3819,68.9540
370625,23.5960,69.0255
370627,23.8873,69.0016
370630,23.6341,68.8943
370640,23.1864,68.6916
370645,23.1455,68.9659
370650,23.2332,69.0255
370655,23.1872,68.8586
370660,23.2975,68.9182
370665,23.4480,69.4308
370670,23.3435,69.0851
370675,23.2726,69.3116
380001,23.0264,72.5843
380002,23.0095,72.5992
380004,23.0544,72.5905
380005,23.0887,72.5911
380006,23.0197,72.5546
380007,23.0045,72.5531
380008,22.9984,72.6112
380009,23.0315,72.5641
380013,23.0599,72.5612
380014,23.0453,72.5597
380015,23.0243,72.5302
380016,23.0489,72.6059
380018,23.0311,72.6101
380019,23.1056,72.5719
380021,23.0161,72.6159
380022,23.0043,72.5794
380023,23.0213,72.6240
380024,23.0287,72.6332
380026,23.0045,72.6258
380027,23.0615,72.5804
380028,22.9894,72.5826
380050,22.9721,72.6122
380051,22.9974,72.5108
380052,23.0513,72.5319
380054,23.0135,72.4958
380055,22.9824,72.5120
380058,23.0358,72.4377
380059,23.0629,72.4977
380060,23.1103,72.4850
380061,23.0720,72.5421
380063,23.0553,72.5456
382006,23.2087,72.6286
382007,23.2065,72.6476
382010,23.2180,72.6476
382016,23.2283,72.6369
382021,23.2264,72.6713
382024,23.2410,72.6476
382028,23.2482,72.6504
382030,23.2418,72.6669
382041,23.2622,72.6565
382042,23.2767,72.7046
382045,23.2436,72.7082
382110,22.9688,72.3548
382115,23.0710,72.3430
382120,23.3205,72.2127
382130,23.3386,71.9757
382140,23.2506,72.1061
382145,23.3968,72.1772
382150,23.1346,71.9994
382165,23.1880,72.2601
382170,22.9618,72.0942
382210,22.9260,72.4850
382213,22.9180,72.4140
382220,22.8713,72.3074
382225,22.7032,72.4495
382230,22.4976,72.2601
382240,22.6967,72.1890
382245,22.3404,71.6911
382250,22.3218,71.9283
382255,22.2540,71.7385
382260,22.8285,72.4377
382265,22.5956,72.4140
382305,23.1658,72.8752
382308,23.0607,72.8634
382315,23.2478,72.8870
382320,23.3471,72.7452
382321,23.2474,72.7806
382330,23.0883,72.6979
382340,23.0902,72.6515
382345,23.0581,72.6373
382350,23.0402,72.6525
382355,23.2007,72.7170
382405,22.9645,72.5898
382415,23.0244,72.6646
382418,22.9961,72.6979
382421,23.1467,72.6033
382422,23.2335,72.5560
382423,23.1837,72.5737
382424,23.1092,72.5848
382425,22.8419,72.5560
382427,22.8906,72.5796
382428,23.1078,72.6398
382430,23.0422,72.6979
382433,22.9707,72.7806
382435,22.9269,72.6979
382440,22.9526,72.6113
382443,22.9771,72.5929
382445,22.9671,72.6466
382449,22.9666,72.6920
382450,22.1785,71.8808
382455,22.1444,72.1890
382460,22.4246,72.0231
382463,22.2974,72.1179
382465,22.3595,72.2601
382470,23.1050,72.5611
382475,23.0774,72.6189
382480,23.0797,72.5745
382481,23.1105,72.5351
382610,23.2879,72.6802
382620,23.2812,72.6210
382630,23.3080,72.6033
382640,23.2758,72.5737
382650,23.3211,72.6683
382705,23.3885,72.4021
382710,23.5330,72.4081
382715,23.2910,72.3548
382721,23.2430,72.4377
382725,23.2051,72.5087
382728,23.1990,72.3548
382729,23.2918,72.4613
382730,23.4611,72.5323
382732,23.4502,72.4377
382735,23.3750,72.6861
382740,23.3266,72.5146
382745,23.0808,71.7385
382750,23.4193,71.8808
382755,23.3908,71.6436
382760,23.2129,71.6911
382765,23.1840,71.8334
382775,22.8624,71.8334
382780,23.4022,71.7385
382810,23.5078,72.6388
382815,23.6182,72.6979
382820,23.5898,72.6506
382825,23.4919,72.5501
382830,23.5586,72.5796
382835,23.4393,72.7452
382840,23.6643,72.6979
382845,23.4259,72.6269
382850,23.5569,72.7156
382855,23.4854,72.7452
382860,23.6954,72.7688
382865,23.5274,72.5087
382870,23.5701,72.7806
383001,23.5608,73.0051
383006,23.2997,73.1999
383010,23.6890,73.0169
383030,23.6073,73.1114
383110,23.7603,72.9342
383120,23.4988,72.8634
383205,23.3910,72.8279
383210,23.4837,72.9342
383215,23.3147,72.9697
383220,23.5808,72.8752
383225,23.7496,72.8397
383230,23.8471,72.8870
383235,23.9297,73.0051
383240,23.6741,73.1940
383245,23.7743,73.2647
383246,23.9051,73.3001
383250,23.6257,73.3827
383251,23.6899,73.4416
383255,24.0529,73.0759
383260,23.2766,73.1468
383270,24.1499,73.0169
383275,23.9763,73.1114
383276,23.5331,73.1704
383305,23.4122,73.0169
383307,23.3175,73.0996
383310,23.3459,73.2529
383315,23.4486,73.3473
383316,23.4793,73.2058
383317,23.5410,73.3473
383320,23.5897,73.2647
383325,23.2021,73.0996
383330,23.1663,73.1940
383335,23.3100,73.3473
383340,23.1663,73.3001
383345,23.3716,73.4887
383350,23.5153,73.5359
383355,23.6743,73.3001
383410,23.8561,73.1704
383421,23.7532,73.0759
383422,24.3803,73.0169
383430,23.8605,73.0051
383434,23.9495,72.8752
383440,23.8840,73.1114
383450,23.8023,73.2058
383460,24.0027,73.3473
383462,23.9489,73.3827
384001,23.6112,72.4377
384002,23.6030,72.3666
384003,23.5634,72.3725
384012,23.5689,72.4199
384110,23.8016,72.2956
384120,23.6922,72.3430
384130,23.9057,72.4968
384140,23.8615,72.4140
384151,23.9350,72.3548
384160,23.7382,72.3430
384170,23.8128,72.3903
384205,23.6412,72.3489
384210,23.4933,72.1179
384212,23.5808,72.1772
384215,23.8734,72.3193
384220,23.6929,72.1535
384221,23.6385,72.0824
384225,23.6351,72.2482
384229,23.7041,72.2482
384230,23.6200,72.0231
384240,23.6747,71.9046
384241,23.5570,71.8808
384245,23.6402,71.6199
384246,23.4997,71.7860
384255,23.8138,72.0113
384260,23.7529,72.2719
384265,23.9012,72.0705
384272,23.9688,71.9638
384275,23.7747,72.1653
384285,23.9988,72.1179
384290,23.9597,72.2719
384305,23.6425,72.5087
384310,23.7263,72.4377
384315,23.6866,72.5915
384320,23.7806,72.5087
384325,23.9222,72.6388
384330,23.9975,72.7925
384335,23.8485,72.6979
384340,24.0198,72.6861
384345,23.8385,72.5619
384355,23.7896,72.6861
384360,23.9722,72.8220
384410,23.5560,72.2601
384421,23.4516,72.3015
384430,23.4714,72.2245
384435,23.5340,72.3666
385001,24.1761,72.4495
385010,24.2782,72.4377
385110,24.3124,72.8279
385120,24.1540,72.8515
385130,24.3824,72.6388
385135,24.3252,72.5441
385210,24.0326,72.4021
385310,24.5122,71.9994
385320,23.9834,71.4299
385330,24.1762,71.6911
385340,23.8236,71.6199
385350,23.8561,71.1449
385360,23.7285,71.4062
385410,24.1984,72.6388
385421,24.0493,72.5441
385505,24.3745,72.3785
385506,24.4966,72.3430
385510,24.2512,72.3074
385515,24.1536,72.2601
385520,24.0859,72.3666
385530,24.2169,72.0231
385535,24.3403,72.0942
385540,24.1882,72.1653
385545,24.4751,72.2601
385550,24.0792,72.0231
385555,23.9644,71.8334
385560,23.9070,71.7385
385565,24.4512,71.6911
385566,24.5568,71.6199
385570,24.2383,71.4537
385575,24.4413,71.4299
387001,22.6878,72.8811
387002,22.7198,72.8575
387110,22.8925,72.7955
387115,22.7071,73.0051
387120,22.8294,72.6506
387130,22.8243,72.7596
387210,22.5913,72.6861
387220,22.5863,72.7452
387230,22.6838,72.7925
387240,22.5350,72.6979
387305,22.8315,73.0346
387310,22.6135,72.9402
387315,22.6558,72.9579
387320,22.7299,72.7925
387325,22.6096,72.9047
387330,22.7737,72.9815
387335,22.8378,72.9342
387340,22.9097,73.0641
387345,22.6301,72.8811
387350,22.6965,72.7511
387355,22.6429,72.8397
387360,22.7198,72.9106
387365,22.9610,73.0051
387370,22.6557,72.9047
387375,22.5942,72.8693
387380,22.6491,72.7393
387411,22.7682,72.7215
387430,22.7967,72.8752
387510,22.6503,72.6979
387520,22.5756,72.5441
387530,22.6628,72.6033
387540,22.7985,72.5796
387550,22.7320,72.6033
387560,22.6870,72.5619
387570,22.7221,72.7215
387610,23.0378,72.9697
387620,23.0072,73.1114
387630,22.8891,72.9815
387635,22.9698,72.9283
387640,22.9328,73.1704
387650,23.1457,73.1114
387710,22.6184,72.7747
388001,22.5699,72.9638
388110,22.5327,72.9667
388120,22.5603,72.9301
388121,22.5384,72.9136
388130,22.5070,72.8634
388140,22.4083,72.8575
388150,22.4889,72.6979
388160,22.4774,72.7511
388170,22.3940,72.6742
388180,22.4887,72.5915
388205,22.6429,73.0523
388210,22.6429,73.1586
388215,22.7404,73.0996
388220,22.6942,73.0996
388225,22.8225,73.1114
388230,22.7070,73.2176
388235,22.8994,73.2883
388239,22.9583,73.4062
388245,22.8326,73.3119
388250,22.8199,73.1940
388255,23.0226,73.2529
388260,23.2278,73.4416
388265,23.0328,73.3473
388270,23.1045,73.4769
388305,22.4724,73.0228
388306,22.4839,73.0759
388307,22.4301,73.0051
388310,22.6430,72.9992
388315,22.5746,72.9031
388320,22.5737,72.9992
388325,22.5724,72.8811
388330,22.5685,73.0582
388335,22.6032,73.0582
388340,22.5269,73.0199
388345,22.5186,72.9165
388350,22.4737,72.9815
388355,22.4993,72.9520
388360,22.6096,73.0110
388365,22.5557,73.0996
388370,22.5160,72.9992
388410,22.7520,73.0464
388421,22.5960,72.8072
388430,22.4300,72.7393
388440,22.5646,72.8102
388450,22.4826,72.7984
388460,22.5479,72.7629
388465,22.5120,72.7511
388470,22.5172,72.7984
388480,22.4557,72.8161
388510,22.3864,73.0287
388520,22.3454,72.9697
388530,22.3250,72.8870
388540,22.4198,72.9106
388543,22.4096,72.9756
388545,22.4442,72.8693
388550,22.2917,72.7925
388560,22.4622,72.9283
388570,22.3468,72.8220
388580,22.3813,72.7688
388590,22.3724,72.8456
388610,22.2634,72.7452
388620,22.3836,72.5796
388625,22.3807,72.4495
388630,22.3633,72.6565
388640,22.3275,72.6979
388710,22.8452,73.4298
388713,22.8296,73.5005
389001,22.7751,73.6418
389110,23.0828,73.8184
389115,22.9440,73.8184
389120,22.8465,73.7713
389130,22.8148,73.9125
389140,22.8293,74.0535
389146,22.9219,74.0535
389151,22.8147,74.2531
389152,22.7428,74.2297
389154,22.8161,74.3822
389155,22.6722,74.3353
389160,22.8384,74.2003
389170,23.1217,74.1945
389172,23.2414,74.0065
389175,23.0049,73.9595
389180,22.9411,74.2414
389190,23.1073,74.0535
389210,22.9548,73.7007
389220,23.0068,73.5359
389230,23.2480,73.6301
389232,23.3790,73.6654
389235,23.1733,73.6889
389240,23.3556,73.7713
389250,23.3089,73.8772
389260,23.1853,73.9125
389265,23.2217,73.8184
389310,22.6677,73.5005
389320,22.6730,73.4416
389330,22.5857,73.4357
389340,22.6879,73.5830
389341,22.6101,73.7242
389350,22.4546,73.4534
389360,22.5029,73.5830
389365,22.5126,73.6772
389370,22.3640,73.5830
389380,22.6966,73.8889
389382,22.6534,74.1475
389390,22.3171,73.6889
390001,22.2977,73.2038
390002,22.3386,73.1895
390003,22.3272,73.1630
390004,22.2763,73.2213
390006,22.3114,73.2207
390007,22.3015,73.1527
390008,22.3216,73.1925
390009,22.2583,73.2073
390010,22.2553,73.1882
390011,22.2698,73.1842
390012,22.2784,73.1527
390013,22.2379,73.1792
390014,22.2295,73.2087
390016,22.3356,73.1500
390017,22.2936,73.2146
390018,22.3213,73.2028
390019,22.3128,73.2588
390020,22.3008,73.1733
390021,22.3189,73.1394
390022,22.4091,73.2412
390023,22.3163,73.1556
390024,22.3366,73.1789
390025,22.2846,73.2382
391101,22.3183,73.0937
391105,22.0128,73.4298
391107,22.1545,73.3473
391110,22.1181,73.4416
391115,21.9592,73.3591
391120,21.9938,73.5830
391121,21.9907,73.6654
391125,22.2356,73.5712
391130,22.1503,73.6418
391135,22.2493,73.8184
391140,22.1471,73.7242
391145,22.1199,73.5712
391150,22.0545,73.7242
391152,21.9809,73.9125
391155,22.4298,73.7713
391156,22.3439,73.8948
391160,22.4059,73.8772
391165,22.4121,74.0535
391168,22.2428,73.9830
391170,22.0829,74.0065
391175,21.9845,74.0653
391210,22.0905,73.2883
391220,22.0600,73.2176
391240,22.0835,73.1114
391243,22.1809,73.1586
391244,21.9832,73.1468
391250,21.9981,73.2883
391310,22.3568,73.1291
391320,22.3676,73.1497
391330,22.3453,73.0759
391340,22.4223,73.0937
391345,22.3889,73.1055
391346,22.3735,73.0966
391350,22.4107,73.1202
391410,22.2644,73.1291
391421,22.1198,72.9106
391430,22.1274,72.9815
391440,22.2479,73.0287
391445,22.2017,73.0287
391450,22.2070,72.9165
391510,22.4319,73.3473
391520,22.5656,73.3001
391530,22.6502,73.3355
391740,22.3733,73.1763
391745,22.4453,73.1468
391750,22.3895,73.1379
391760,22.2932,73.3473
391761,22.2617,73.4887
391770,22.5658,73.1940
391774,22.7145,73.2883
391775,22.4784,73.2412
391780,22.4915,73.1468
391810,22.1917,72.8279
392001,21.6939,72.9756
392011,21.7448,73.0759
392012,21.7249,72.8870
392015,21.7450,73.0228
392020,21.8042,72.9815
392025,21.8940,72.9579
392030,21.7677,73.1291
392035,21.9608,72.9342
392040,21.9918,72.6861
392110,22.0122,72.8752
392130,21.7561,72.6388
392140,21.8636,72.7806
392150,22.0481,72.7806
392155,22.1250,72.6388
392160,21.7750,72.8693
392165,21.7791,72.7452
392170,22.1814,72.6269
392180,22.1481,72.7452
392210,21.8397,73.0996
392215,21.9175,72.7452
392220,21.9296,73.0759
392230,21.9656,73.0346
392240,21.8553,73.0287
392310,21.9603,73.0937
393001,21.6220,73.0051
393002,21.6733,72.9992
393010,21.6937,73.0287
393017,21.7778,73.1704
393020,21.6120,72.9106
393025,21.4839,73.9242
393030,21.5817,72.7334
393040,21.6794,73.6772
393041,21.5820,73.6301
393050,21.4063,73.7242
393105,21.8496,73.1940
393110,21.6775,73.2058
393115,21.7620,73.2412
393120,21.8259,73.3001
393125,21.5948,73.3001
393130,21.6093,73.4416
393135,21.5340,73.1586
393140,21.8150,73.4180
393145,21.8996,73.4534
393150,21.9299,73.5241
393151,21.8788,73.8184
393155,21.8182,73.6772
394101,21.2418,72.8810
394105,21.2634,72.8870
394107,21.2407,72.8512
394110,21.3954,73.1586
394111,21.4151,72.9313
394115,21.5554,72.9756
394116,21.5311,72.9638
394120,21.4554,72.9579
394125,21.5041,72.9815
394130,21.3302,72.8634
394140,21.2878,73.1232
394150,21.3145,72.9342
394155,21.3218,73.0051
394160,21.3270,73.3944
394163,21.3589,73.2529
394170,21.3653,73.0346
394180,21.2757,73.0051
394185,21.2644,72.9520
394190,21.2789,72.9387
394210,21.1666,72.8473
394221,21.1347,72.8397
394230,21.0768,72.8475
394235,21.0646,72.9165
394240,20.9693,73.1704
394245,20.9247,73.1291
394246,20.9319,73.1999
394248,20.8840,73.2412
394250,21.0107,73.1232
394270,21.1170,72.6447
394305,21.1299,72.9342
394310,21.1833,73.0051
394315,21.0798,72.9520
394317,21.1041,72.9638
394320,21.2280,73.0464
394325,21.1760,72.9342
394326,21.2298,72.9520
394327,21.1649,72.9667
394330,21.2599,73.0759
394335,21.2254,73.2470
394340,21.1636,73.2647
394345,21.1906,73.0759
394350,21.0521,73.0759
394352,21.0409,73.0228
394355,21.1541,73.1704
394360,21.2449,73.3827
394365,21.0730,73.6301
394370,21.4836,74.1592
394375,21.3230,73.8184
394380,21.5255,74.1123
394405,21.4628,73.0287
394410,21.4701,73.0996
394421,21.4455,73.1409
394430,21.4513,73.2529
394440,21.4657,73.3944
394445,21.4385,73.5830
394510,21.1925,72.6506
394515,21.1949,72.7008
394516,21.1654,72.6909
394517,21.1630,72.6713
394518,21.1456,72.7594
394520,21.2766,72.7925
394530,21.3795,72.6742
394540,21.3972,72.7334
394550,21.0817,72.7279
394601,21.1213,73.0759
394620,21.0848,73.1704
394630,20.9581,73.2883
394633,20.9675,73.3827
394635,20.8693,73.4416
394640,21.0175,73.2470
394641,21.0067,73.3119
394650,21.1293,73.3827
394651,21.1883,73.3944
394655,21.0081,73.4416
394660,21.2111,73.5653
394670,21.2105,73.5005
394680,21.2586,73.5771
394690,21.1007,73.2706
394710,20.8091,73.7713
394715,20.9631,73.5712
394716,20.9434,73.7242
394720,20.6403,73.7007
394730,20.7399,73.5359
394810,21.4842,72.7925
395001,21.1807,72.8185
395002,21.1840,72.8470
395003,21.2075,72.8350
395004,21.2300,72.8209
395005,21.2589,72.7334
395006,21.2173,72.8665
395007,21.1598,72.7959
395008,21.2088,72.8332
395009,21.1928,72.7998
395010,21.1946,72.8692
395011,21.1751,72.8767
395012,21.1750,72.8663
395013,21.1268,72.8550
395017,21.1558,72.8087
395023,21.1268,72.8550
396001,20.6159,72.9283
396002,20.5915,72.9431
396007,20.5813,72.9283
396020,20.5507,72.9106
396030,20.6660,72.9106
396035,20.6732,72.9815
396040,20.6389,73.0996
396045,20.6295,73.0051
396050,20.4857,73.3001
396051,20.5734,73.2529
396055,20.5546,73.0641
396060,20.6738,73.2176
396065,20.3264,73.3237
396105,20.2717,72.8870
396110,20.7277,72.8929
396115,20.4843,72.8811
396120,20.2213,72.7866
396125,20.4910,73.0051
396126,20.3690,73.1704
396130,20.2622,72.7925
396135,20.2535,72.7629
396140,20.3103,72.7836
396145,20.4171,72.9579
396150,20.2018,72.8220
396155,20.3130,72.8397
396165,20.1649,72.7984
396170,20.1844,72.7629
396171,20.1446,72.7688
396180,20.4581,72.8781
396185,20.4406,72.9047
396191,20.3701,73.0641
396193,20.3272,72.9815
396195,20.3279,72.9018
396210,20.4346,72.8456
396215,20.4036,72.8811
396220,20.3874,72.8338
396230,20.1487,73.1586
396235,20.2327,72.9579
396240,20.1912,73.0051
396310,20.7814,72.9106
396321,20.7587,73.1999
396325,20.7524,73.0228
396350,20.8809,72.9815
396360,20.8371,73.0051
396370,20.8271,72.9638
396375,20.7003,72.9638
396380,20.7910,73.0051
396385,20.7070,72.9165
396403,20.8855,72.8575
396406,20.8533,72.8811
396409,20.8009,73.0464
396412,20.9486,72.7984
396415,21.0145,72.9342
396418,20.9959,73.0346
396421,20.9456,72.8811
396424,20.9519,72.9564
396427,20.9565,72.9874
396430,20.8419,73.0523
396433,20.9024,73.0228
396436,20.9920,72.8279
396439,20.9081,72.8250
396440,20.9280,72.8220
396445,20.9453,72.9342
396450,20.9173,72.8870
396460,20.7996,72.8634
396463,20.9206,72.9756
396466,20.9187,73.0700
396469,20.9625,73.0464
396472,20.8530,72.9342
396475,21.0142,72.9874
396510,20.8324,73.2736
396521,20.7520,73.0759
396530,20.8236,73.0996
396540,20.7205,73.1645
396560,20.8307,73.1704
396570,20.8162,73.2264
396580,20.7214,73.3473
396590,20.8473,73.3355
400001,18.9385,72.8363
400002,18.9484,72.8259
400003,18.9532,72.8353
400004,18.9580,72.8214
400005,18.9104,72.8198
400006,18.9541,72.8004
400007,18.9618,72.8134
400008,18.9671,72.8287
400009,18.9583,72.8389
400010,18.9702,72.8460
400011,18.9810,72.8268
400012,18.9995,72.8397
400013,18.9982,72.8275
400014,19.0148,72.8455
400015,18.9961,72.8528
400016,19.0389,72.8421
400017,19.0456,72.8537
400018,18.9985,72.8174
400019,19.0269,72.8554
400020,18.9351,72.8264
400021,18.9256,72.8242
400022,19.0426,72.8638
400024,19.0611,72.8792
400025,19.0158,72.8294
400026,18.9706,72.8095
400027,18.9793,72.8383
400028,19.0217,72.8375
400029,19.0797,72.8679
400030,19.0122,72.8219
400031,19.0133,72.8549
400032,18.9290,72.8301
400033,18.9856,72.8442
400034,18.9724,72.8148
400035,18.9417,72.7936
400037,19.0257,72.8697
400042,19.1338,72.9384
400043,19.0633,72.9258
400049,19.1047,72.8268
400050,19.0552,72.8300
400051,19.0596,72.8553
400052,19.0717,72.8341
400053,19.1121,72.8611
400054,19.0820,72.8345
400055,19.0804,72.8469
400056,19.1045,72.8395
400057,19.1007,72.8485
400058,19.1227,72.8302
400059,19.1119,72.8790
400060,19.1368,72.8579
400061,19.1427,72.8053
400063,19.1648,72.8533
400064,19.1872,72.8407
400065,19.1556,72.8850
400066,19.2313,72.8635
400067,19.2072,72.8348
400068,19.2591,72.8338
400069,19.1178,72.8737
400070,19.0741,72.8804
400071,19.0521,72.9007
400072,19.1018,72.8904
400074,19.0290,72.8881
400075,19.0799,72.9174
400076,19.1239,72.9094
400077,19.0779,72.9056
400078,19.1570,72.9327
400079,19.1025,72.9254
400080,19.1721,72.9483
400081,19.1661,72.9646
400082,19.1741,72.9372
400083,19.1166,72.9374
400084,19.0976,72.9032
400085,19.0438,72.9121
400086,19.0893,72.9078
400087,19.1391,72.8956
400088,19.0483,72.9288
400089,19.0685,72.9003
400091,19.2340,72.8399
400092,19.2327,72.7984
400093,19.1283,72.8677
400094,19.0359,72.9247
400095,19.1888,72.8197
400096,19.1267,72.8767
400097,19.1839,72.8584
400098,19.0718,72.8615
400099,19.0929,72.8654
400101,19.2059,72.8661
400102,19.1419,72.8344
400103,19.2450,72.8454
400104,19.1630,72.8393
400601,19.2010,72.9785
400602,19.1900,72.9682
400603,19.1834,72.9781
400604,19.1982,72.9490
400605,19.1944,72.9992
400606,19.2109,72.9608
400607,19.2393,72.9874
400608,19.2184,72.9948
400610,19.2310,72.9517
400612,19.1799,73.0287
400614,19.0283,73.0376
400615,19.2715,72.9638
400701,19.1265,73.0110
400702,18.8743,72.9579
400703,19.0794,72.9992
400704,18.8965,72.9195
400706,19.0345,73.0110
400707,18.8828,72.9874
400708,19.1599,72.9992
400709,19.0998,73.0022
400710,19.1046,73.0228
401101,19.2999,72.8397
401102,19.5634,72.8279
401103,19.8913,72.7688
401105,19.3053,72.8663
401106,19.2902,72.7984
401107,19.2763,72.8929
401201,19.3695,72.7866
401202,19.3730,72.8220
401203,19.4167,72.7984
401204,19.4625,73.0346
401206,19.5063,73.0110
401207,19.3468,72.8191
401208,19.3735,72.8870
401209,19.4054,72.8309
401301,19.4604,72.7747
401302,19.4612,72.7540
401303,19.4344,72.9224
401304,19.4106,72.7659
401305,19.4546,72.8338
401401,19.6381,72.7688
401402,19.6513,72.7275
401403,19.8028,72.9224
401404,19.7015,72.8279
401405,19.7160,72.7127
401501,19.7992,72.7688
401502,19.8359,72.6742
401503,19.9009,72.6920
401504,19.8009,72.7275
401506,19.8529,72.7008
401601,19.9493,72.7156
401602,19.9731,72.7806
401603,19.9479,73.2294
401604,19.9407,73.3944
401605,19.8086,73.0996
401606,20.0840,72.9697
401607,19.8892,72.9815
401608,19.9555,72.7481
401609,19.9186,72.9874
401610,20.0643,72.8870
401701,20.1164,72.7747
401702,20.0942,72.7540
401703,20.0779,72.7925
402101,18.0732,73.2412
402102,18.0993,73.3414
402103,18.1358,73.3001
402104,18.2381,73.2883
402105,18.1649,73.1114
402106,18.5700,73.1468
402107,18.7413,73.1350
402108,18.6718,73.0051
402109,18.4361,73.0641
402110,18.0355,73.0759
402111,18.2567,73.1114
402112,18.3028,73.2412
402113,18.1042,73.0110
402114,17.9959,73.0818
402115,18.0607,73.3591
402116,18.4154,73.1527
402117,18.1942,73.2470
402120,18.3740,73.3944
402122,18.1859,73.2176
402125,18.5271,73.1173
402126,18.5084,73.1645
402201,18.7297,72.8870
402202,18.5045,72.9342
402203,18.5570,73.0051
402204,18.6193,72.9342
402207,18.6848,72.8663
402208,18.6968,72.8722
402209,18.7112,72.9342
402301,18.0064,73.3944
402302,18.0647,73.5359
402303,17.9728,73.5359
402304,18.4030,73.2058
402305,18.2277,73.4298
402306,18.1502,73.5947
402307,17.9041,73.4062
402308,18.4032,73.3355
402309,18.1097,73.4593
402401,18.3482,72.9815
402402,18.2605,72.9638
402403,18.2126,73.0051
402404,18.1261,72.9992
403001,15.4875,73.8243
403002,15.4674,73.8213
403004,15.4591,73.8051
403005,15.4672,73.8375
403006,15.4910,73.8713
403101,15.5356,73.8595
403102,15.5220,73.8684
403103,15.3274,74.0418
403104,15.4551,73.9242
403105,15.4951,74.1592
403106,15.3515,74.0212
403107,15.5198,73.9536
403108,15.4516,73.8772
403109,15.5058,73.8037
403110,15.4945,73.9183
403114,15.5312,73.8007
403115,15.4603,73.9948
403201,15.4536,73.8463
403202,15.4652,73.8493
403203,15.5565,73.8360
403204,15.3376,73.9095
403206,15.4569,73.8331
403401,15.3922,73.9948
403402,15.4390,73.8978
403403,15.5399,73.9183
403404,15.4298,73.9654
403406,15.4042,74.1592
403409,15.3781,74.0359
403410,15.3305,74.2414
403501,15.5360,73.8272
403502,15.6379,73.8595
403503,15.6598,73.9242
403504,15.5915,73.9242
403505,15.6055,74.1123
403506,15.5651,74.1827
403507,15.5993,73.8007
403508,15.5933,73.8713
403509,15.5844,73.7537
403510,15.5731,73.7919
403511,15.5539,73.8007
403512,15.7192,73.8066
403513,15.6772,73.8537
403515,15.5150,73.7743
403516,15.5512,73.7654
403517,15.6282,73.8066
403521,15.5084,73.8390
403523,15.5600,73.8831
403524,15.7059,73.7066
403526,15.6121,73.8566
403527,15.6736,73.7301
403529,15.5784,73.9771
403530,15.5320,74.0418
403601,15.2803,73.9801
403602,15.2935,73.9654
403701,15.1839,73.9801
403702,15.0059,74.1475
403703,15.1353,74.0535
403704,15.1487,74.2414
403705,15.1946,74.0888
403706,15.2888,74.1357
403707,15.2481,73.9654
403708,15.2909,73.9301
403709,15.2820,74.0418
403710,15.3905,73.8948
403711,15.3949,73.8390
403712,15.3534,73.8919
403713,15.3249,73.9301
403714,15.2427,74.0476
403715,15.2009,73.9801
403716,15.2568,73.9301
403717,15.1988,73.9507
403718,15.3450,73.9712
403719,15.3271,73.9977
403720,15.3065,73.9889
403721,15.2315,73.9330
403722,15.3581,73.9183
403723,15.1573,73.9654
403724,15.2215,73.9507
403725,15.2262,73.9771
403726,15.3774,73.8713
403728,14.9450,74.0888
403729,15.2528,73.9918
403731,15.1813,73.9448
403801,15.3815,73.8316
403802,15.3966,73.8243
403803,15.3990,73.7993
403804,15.4084,73.7919
403806,15.3721,73.8390
410101,19.0644,73.3944
410102,18.9897,73.2706
410201,18.9262,73.3944
410202,18.8589,73.2883
410203,18.7795,73.3001
410204,18.8027,73.3650
410205,18.5954,73.3001
410206,19.0009,73.2058
410207,18.8919,73.1468
410208,19.0738,73.1232
410210,19.0630,73.0700
410216,18.9590,73.1881
410218,19.0318,73.1055
410220,18.8502,73.1940
410221,18.9461,73.1114
410222,18.8921,73.2117
410301,18.7598,73.3679
410302,18.7702,73.3723
410401,18.7337,73.4298
410402,18.7221,73.3650
410403,18.7624,73.3974
410405,18.7966,73.4887
410406,18.6753,73.5476
410501,18.7506,73.8772
410502,19.2414,73.8184
410503,19.0085,73.9242
410504,19.0777,74.0535
410505,18.9686,73.6065
410506,18.6858,73.6654
410507,18.7717,73.7242
410508,18.9097,74.1123
410509,19.1364,73.6772
410510,18.8784,74.0183
410511,19.1880,73.9301
410512,18.9309,73.9595
410513,18.9268,73.8478
410515,19.0778,73.9242
410516,19.0652,73.7831
411001,18.5296,73.8760
411002,18.5125,73.8612
411003,18.5639,73.8515
411004,18.5157,73.8349
411005,18.5293,73.8528
411006,18.5527,73.8896
411007,18.5542,73.8196
411008,18.5379,73.8048
411009,18.4866,73.8501
411011,18.5235,73.8639
411012,18.5807,73.8287
411013,18.5092,73.9119
411014,18.5574,73.9283
411015,18.5818,73.8824
411016,18.5290,73.8299
411017,18.6103,73.7890
411018,18.6354,73.8125
411019,18.6574,73.8007
411020,18.5623,73.8338
411021,18.5282,73.7778
411022,18.4986,73.9074
411023,18.4617,73.7360
411024,18.4453,73.7872
411025,18.3717,73.7596
411026,18.6375,73.8360
411027,18.5883,73.8007
411028,18.5149,73.9262
411030,18.5102,73.8467
411031,18.5924,73.8478
411032,18.5931,73.9218
411033,18.6187,73.7537
411034,18.6055,73.8331
411035,18.6527,73.7801
411036,18.5333,73.9371
411037,18.4808,73.8724
411038,18.5166,73.8037
411039,18.6249,73.8566
411040,18.4921,73.9002
411041,18.4602,73.8115
411042,18.5031,73.8661
411043,18.4648,73.8484
411044,18.6659,73.7654
411045,18.5642,73.7769
411046,18.4029,73.8537
411047,18.6184,73.9477
411048,18.4645,73.8872
411051,18.4778,73.8213
411052,18.4851,73.8111
411057,18.5926,73.7184
411058,18.4962,73.8007
411060,18.4665,73.9168
411061,18.5883,73.8169
411062,18.6962,73.7831
412101,18.6743,73.7301
412102,18.1314,74.1827
412103,18.1029,74.3939
412104,18.3935,74.1475
412105,18.6605,73.9007
412106,18.8554,73.6301
412107,18.3907,73.5830
412108,18.5915,73.5123
412109,18.7491,73.7625
412110,18.5133,74.0653
412112,18.3928,73.4769
412115,18.5371,73.6772
412201,18.4652,74.0418
412202,18.4898,74.1945
412203,18.5057,74.3822
412204,18.3171,74.3353
412205,18.2392,73.9595
412206,18.0850,73.7713
412207,18.5780,74.1475
412208,18.6744,74.1945
412209,18.7391,74.2766
412210,18.6944,74.4291
412211,18.5980,74.3822
412212,18.3028,73.6301
412213,18.2231,73.7713
412214,18.5103,74.3001
412215,18.0854,73.6418
412216,18.6622,74.0535
412218,18.8591,74.1945
412219,18.4212,74.4760
412220,18.7833,74.2531
412301,18.3314,73.9595
412303,18.3013,74.1475
412304,18.2249,74.3353
412305,18.2131,74.1945
412306,18.1287,74.2884
412307,18.5000,73.9771
412308,18.4361,73.9712
412311,18.2347,74.0418
412312,18.1393,74.0711
412401,19.1313,73.9419
412402,18.9960,73.7831
412403,18.7881,74.0418
412404,18.9456,73.7360
412405,18.9739,73.9889
412406,18.9696,74.0711
412408,19.0463,73.8301
412409,19.3003,73.9595
412410,19.1006,74.1827
412411,19.1679,74.1592
412412,19.2247,74.0183
412801,18.1326,73.9242
412802,18.0676,73.9712
412803,17.9971,73.8184
412804,17.9163,73.8831
412805,17.9208,73.8007
412806,17.8471,73.6772
413001,17.6730,75.9071
413002,17.7514,75.9695
413003,17.6590,75.9129
413004,17.6475,75.8941
413005,17.6749,75.9521
413006,17.6480,75.9812
413007,17.6557,75.9071
413008,17.5132,75.8766
413101,17.8962,74.9793
413102,18.1519,74.5698
413103,17.9549,74.9910
413104,18.1672,74.7571
413105,18.3201,74.7922
413106,18.1434,75.0378
413107,17.8446,74.9092
413108,17.9098,75.0786
413109,17.9575,74.7337
413110,18.1760,74.4408
413111,17.8016,74.8039
413112,17.8823,75.0962
413113,17.7738,75.0378
413114,18.0449,74.8156
413115,18.1106,74.4877
413116,18.0721,74.5815
413118,17.8572,74.9969
413120,18.0436,74.9443
413130,18.3019,74.7103
413132,18.1784,74.8975
413133,18.2106,74.5815
413201,18.7285,75.4112
413202,18.2432,75.1312
413203,18.4570,75.2012
413204,18.6394,75.4578
413205,18.6247,75.2712
413206,18.2908,75.0027
413207,18.9492,75.2712
413208,18.0800,75.4112
413209,18.0444,75.5510
413210,18.0692,75.2712
413211,17.9731,75.2246
413212,18.0209,75.0962
413213,17.7772,75.6906
413214,17.9055,75.5510
413215,17.5307,75.9579
413216,17.5364,76.2016
413217,17.4503,76.2943
413218,17.6389,76.3406
413219,17.3845,76.0160
413220,17.3717,76.3290
413221,17.4817,75.7604
413222,17.8766,75.7837
413223,18.1617,75.2712
413224,17.6162,75.9405
413226,17.6258,76.1552
413227,17.3943,76.1552
413228,17.5729,76.0624
413229,18.9140,75.4112
413248,17.7668,75.5510
413249,19.0532,75.4112
413250,18.1263,75.5626
413251,18.3042,75.3179
413252,18.1832,75.3995
413253,17.6350,75.6441
413255,17.7056,75.8185
413301,17.9287,75.3995
413302,17.8842,75.2712
413303,17.8363,75.3995
413304,17.6390,75.3879
413305,17.4826,75.4578
413306,17.5892,75.0378
413307,17.4119,75.1312
413308,17.4172,75.0494
413309,17.3267,75.2246
413310,17.6673,75.0027
413314,17.2258,74.9559
413315,17.7883,75.2246
413317,17.5574,75.2246
413319,17.3937,75.5044
413322,17.2945,75.4112
413324,17.8647,75.4694
413401,18.1939,75.6906
413402,18.0297,75.8185
413403,18.1189,75.7720
413404,18.3006,75.8766
413405,18.3540,75.9695
413406,18.0383,75.9347
413409,18.3400,75.7837
413410,17.9588,75.6441
413411,18.1278,75.8127
413412,18.0211,75.7023
413501,18.1504,76.0392
413502,18.2260,75.5044
413503,18.5220,75.7371
413504,18.4863,75.5742
413505,18.4717,75.3879
413506,18.0926,76.2016
413507,18.5216,76.0392
413508,18.3518,76.0972
413509,18.3247,76.2016
413510,18.4606,76.1552
413511,18.4742,76.3406
413512,18.4354,76.6066
413513,18.5605,76.8952
413514,18.6168,77.0334
413515,18.7501,76.9413
413516,18.0727,76.5719
413517,18.4087,77.0564
413518,18.5236,77.0334
413519,18.2442,77.0334
413520,18.1773,76.4100
413521,18.1040,76.6875
413522,18.0952,76.8952
413523,18.7403,76.8029
413524,18.4300,76.8606
413525,18.4398,75.8766
413526,18.6487,75.7255
413527,18.5773,76.4794
413528,18.5213,76.1900
413529,18.5507,76.7567
413530,18.2175,76.8144
413531,18.3449,76.4794
413532,18.5797,77.1715
413534,18.6040,75.5975
413544,18.3213,76.8029
413580,18.1888,76.2479
413581,18.4576,76.7567
413601,17.9501,76.1552
413602,17.7995,76.3174
413603,17.7681,76.2016
413604,17.8805,76.4794
413605,17.7413,76.4794
413606,17.8438,76.6182
413607,17.9462,76.7567
413608,18.0098,76.3406
413623,17.8937,76.0160
413624,17.9332,75.9231
413701,18.6293,74.7571
413702,18.7908,74.4760
413703,18.8449,74.5698
413704,19.3303,74.6986
413705,19.4190,74.6518
413706,19.3963,74.5229
413707,19.7613,74.6576
413708,19.8300,74.5815
413709,19.6434,74.6342
413710,19.5562,74.5639
413711,19.5163,74.5053
413712,19.5752,74.5170
413713,19.5500,74.4936
413714,19.5566,74.3705
413715,19.5474,74.6635
413716,19.4653,74.6518
413717,19.5641,74.7220
413718,19.6737,74.7161
413719,19.7120,74.5580
413720,19.6003,74.6049
413721,19.5217,74.7688
413722,19.3296,74.6225
413723,19.6970,74.6518
413725,19.5953,74.8156
413726,18.6071,74.6283
413728,18.7180,74.7103
413736,19.6155,74.3822
413737,19.6194,74.5580
413738,19.4766,74.3822
413739,19.6356,74.7454
413801,18.3905,74.6635
413802,18.3116,74.5463
414001,19.0964,74.7396
414002,19.1000,74.8507
414003,19.1312,74.7396
414005,18.9917,74.6635
414006,18.9532,74.7571
414101,18.8183,74.8039
414102,19.1986,75.2012
414103,19.1225,74.5698
414105,19.4204,74.8039
414106,19.2005,74.9443
414110,19.0521,74.7630
414111,19.2191,74.6166
414113,19.1548,75.3762
414201,19.0219,74.8858
414202,18.9978,75.0144
414203,18.8026,75.1779
414204,18.8323,75.5510
414205,19.0180,75.5510
414208,18.8558,75.1195
414301,18.9440,74.5112
414302,18.9677,74.3822
414303,19.1024,74.3353
414304,19.2452,74.3822
414305,19.0942,74.2414
414306,18.9260,74.3001
414401,18.6986,75.0378
414402,18.5347,75.0144
414403,18.4520,74.8507
414501,19.2971,74.9910
414502,19.3842,75.2012
414503,19.3318,75.4112
414504,19.3036,75.4927
414505,19.2750,75.1429
414601,19.1973,74.7688
414602,19.4410,74.9092
414603,19.5754,74.9910
414604,19.4441,75.0845
414605,19.4740,75.0261
414606,19.3860,74.9443
414607,19.3317,74.8507
414609,19.4933,74.9793
414701,18.5252,74.6166
415001,17.7077,74.0006
415002,17.5952,73.9595
415003,17.7001,74.0476
415004,17.6384,74.0653
415010,17.7448,74.1005
415011,17.7974,74.0418
415012,17.8131,73.8184
415013,17.6753,73.8184
415014,17.5414,73.8654
415015,17.7475,73.9948
415019,17.5963,74.1123
415020,17.7915,73.9712
415021,17.8091,74.1827
415022,17.7396,73.9007
415023,17.7107,74.4584
415101,16.9452,73.8654
415102,17.4569,74.5229
415103,17.1982,74.0183
415104,17.1919,74.1534
415105,17.3530,74.2297
415106,17.4306,74.1945
415107,17.4852,74.1592
415108,17.2152,74.2297
415109,17.4105,74.0888
415110,17.2834,74.1856
415111,17.1475,74.1005
415112,17.2240,73.9125
415114,17.2957,74.0888
415115,17.3535,74.1651
415116,17.5120,74.2062
415122,17.2359,74.1299
415124,17.3014,74.1592
415202,17.9386,73.3414
415203,17.9981,73.3001
415205,17.3531,73.9477
415206,17.3539,73.8184
415207,17.3920,73.7242
415208,17.9855,73.1586
415209,17.3201,74.0359
415211,17.3014,73.8772
415212,17.3048,73.9889
415213,18.0388,73.3060
415214,18.0252,73.2176
415301,17.4437,74.9443
415302,17.1538,74.3236
415303,17.2034,74.3705
415304,17.3146,74.3236
415305,17.3077,74.3822
415306,17.3019,74.8975
415307,17.2345,74.7688
415308,17.3868,74.8039
415309,17.3299,74.6635
415310,17.3810,74.5815
415311,17.2729,74.5229
415312,17.4555,74.6518
415313,17.1168,74.3646
415315,17.5323,74.8975
415401,16.9609,74.2062
415402,16.9999,74.0476
415403,16.9875,74.2531
415404,17.1196,74.1827
415405,17.0482,74.0065
415406,17.0933,74.2121
415407,17.0489,74.1592
415408,16.9640,74.1005
415409,17.0793,74.2531
415410,17.0929,74.1357
415411,16.9162,74.2942
415412,16.9166,74.1534
415413,17.0920,74.3412
415414,17.0830,74.3001
415415,17.2124,73.7713
415501,17.7065,74.1945
415502,17.7305,74.3470
415503,17.8139,74.3822
415504,17.8609,74.2531
415505,17.6758,74.3822
415506,17.5788,74.4643
415507,17.5632,74.5580
415508,17.7581,74.5463
415509,17.7057,74.7571
415510,17.5464,74.3470
415511,17.5723,74.2414
415512,17.4841,74.2884
415513,17.8523,73.9419
415514,17.8756,73.8772
415515,17.8855,73.9948
415516,17.9463,73.9654
415517,17.9795,74.0183
415518,17.5421,74.0829
415519,17.5445,74.0418
415520,17.4239,73.9712
415521,18.0038,74.1710
415522,18.0337,74.3939
415523,17.9424,74.5463
415524,17.8723,74.1123
415525,17.9144,74.0653
415526,18.0755,74.0653
415527,17.5943,74.3705
415528,18.0049,74.3236
415530,17.8474,73.9859
415536,17.9985,73.9712
415537,17.9319,74.2766
415538,17.4494,74.4291
415539,17.2062,74.1886
415540,17.5638,74.7103
415601,17.4215,73.6654
415602,17.4404,73.6183
415603,17.4883,73.6418
415604,17.5342,73.6418
415605,17.5701,73.5241
415606,17.3906,73.5712
415607,17.3049,73.6418
415608,17.3159,73.5005
415609,17.2761,73.5712
415610,17.2132,73.6418
415611,17.1890,73.4887
415612,16.9589,73.3355
415613,17.2980,73.2883
415614,17.2534,73.2353
415615,17.1430,73.2824
415616,16.8903,73.3355
415617,17.0941,73.3119
415619,17.0164,73.4769
415620,17.1771,73.3473
415621,17.7350,73.4416
415626,16.7823,73.3414
415628,17.5474,73.4198
415629,17.0526,73.2942
415634,17.5449,73.1645
415637,17.1079,73.4769
415639,17.0562,73.4062
415640,17.8352,73.4062
415641,17.3184,73.3944
415643,16.7802,73.6654
415701,17.4723,73.4749
415702,17.4518,73.3473
415703,17.4313,73.2412
415705,17.4106,73.1999
415706,17.6052,73.1999
415708,17.6308,73.4298
415709,17.7185,73.3827
415710,17.7196,73.3296
415711,17.6624,73.2647
415712,17.7146,73.2058
415713,17.7896,73.1468
415714,17.8792,73.1232
415715,17.7512,73.6301
415716,17.8291,73.3355
415717,17.9146,73.0700
415718,17.6594,73.6301
415719,17.5478,73.2647
415720,17.6917,73.1409
415722,17.6369,73.5005
415724,17.4791,73.2647
415726,17.2582,73.3591
415727,17.6247,73.3591
415728,17.3646,73.2647
415729,17.3793,73.2353
415730,17.7891,73.5359
415801,16.9938,73.7596
415802,16.9299,73.6772
415803,16.9765,73.5476
415804,17.0634,73.6301
415805,16.6130,73.3650
415806,16.6567,73.3414
415807,16.9970,73.5889
416001,16.5975,74.1005
416002,16.7003,74.2250
416003,16.7137,74.2326
416004,16.6842,74.2590
416005,16.7072,74.2590
416006,16.7406,74.2473
416007,16.6551,74.2150
416008,16.6860,74.2443
416010,16.6893,74.1768
416011,16.6417,74.1534
416012,16.6882,74.2197
416013,16.6366,74.2355
416101,16.8011,74.5112
416102,16.7403,74.5405
416103,16.7368,74.6459
416104,16.6742,74.6518
416105,16.7033,74.6576
416106,16.6530,74.5990
416107,16.6212,74.5580
416108,16.6089,74.6225
416109,16.7692,74.3939
416110,16.8327,74.3998
416111,16.8372,74.4584
416112,16.8518,74.2766
416113,16.8648,74.2238
416114,16.8655,74.1592
416115,16.6767,74.4584
416116,16.7022,74.4174
416118,16.7215,74.3705
416119,16.6931,74.3001
416120,16.7624,74.6049
416121,16.6882,74.5346
416122,16.7830,74.2766
416143,16.6573,74.5053
416144,16.6300,74.5990
416146,16.7252,74.4936
416201,16.8178,74.1357
416202,16.6571,74.3529
416203,16.6281,74.4233
416204,16.6962,74.1181
416205,16.7275,74.0065
416206,16.5828,73.9125
416207,16.5467,74.1827
416208,16.4726,74.1123
416209,16.2810,74.1475
416210,16.1788,74.0065
416211,16.4950,73.9595
416212,16.3912,73.9477
416213,16.8686,74.0535
416214,17.1246,73.8184
416215,16.8468,73.9242
416216,16.5557,74.3001
416218,16.3251,74.2766
416219,16.4112,74.2062
416220,16.2424,74.2414
416221,16.5009,74.1827
416223,16.3158,74.0065
416229,16.7757,74.1827
416230,16.7875,74.0418
416231,16.3757,74.0418
416232,16.5459,74.2473
416234,16.6402,74.2825
416235,16.4166,74.2766
416236,16.6122,74.3646
416301,16.9439,74.4291
416302,16.9031,74.3470
416303,16.9829,74.4877
416304,16.9442,74.5815
416305,16.9075,74.5141
416306,16.9496,74.6518
416307,16.9876,74.6225
416308,17.0482,74.4408
416309,17.1400,74.4408
416310,17.0977,74.4877
416311,17.1567,74.8039
416312,17.0467,74.5698
416313,17.0197,74.3705
416314,17.1776,74.6283
416315,16.8698,74.4350
416316,16.9951,74.4233
416401,16.7889,74.8039
416402,16.9512,75.1312
416403,17.1284,75.0378
416404,17.0715,75.2012
416405,17.0382,74.9092
416406,16.8930,74.5873
416407,16.8914,74.7922
416408,17.0575,74.7103
416409,16.7483,74.7220
416410,16.8278,74.7103
416411,16.9709,74.9326
416412,17.0246,75.5044
416413,17.2125,75.5510
416414,16.8635,74.6137
416415,16.8454,74.6020
416416,16.8718,74.5346
416417,16.8840,74.4701
416418,16.8878,74.8975
416419,16.9727,74.8039
416420,16.9338,74.7454
416436,16.8851,74.6342
416437,16.8414,74.6730
416501,16.2653,74.3939
416502,16.1932,74.3470
416503,16.1229,74.3236
416504,16.0509,74.2766
416505,16.0982,74.1475
416506,16.1651,74.4291
416507,15.8349,74.2884
416508,15.9911,74.3939
416509,15.9157,74.1475
416510,15.8908,73.8184
416511,15.8104,73.9595
416512,15.6808,74.0535
416513,15.7418,73.7301
416514,15.7997,73.8184
416515,15.8643,73.6948
416516,15.8904,73.6654
416517,15.7461,73.6742
416518,15.8012,73.6889
416519,16.0206,73.8772
416520,16.0202,73.7242
416521,16.1274,73.7831
416522,15.9514,73.5712
416523,15.9871,73.5182
416524,16.0040,73.5889
416525,16.2229,73.5476
416526,16.1836,74.2942
416527,15.8280,74.1945
416528,15.9972,73.6477
416529,15.8670,73.7301
416531,16.0050,73.9712
416534,16.1182,73.6654
416549,15.7544,74.0476
416550,16.0014,73.9242
416551,16.2170,74.4350
416552,15.8894,74.2531
416601,16.3888,73.7713
416602,16.2901,73.6772
416603,16.1619,73.6418
416604,16.0899,73.5947
416605,16.0425,73.5712
416606,16.0825,73.5005
416608,16.1773,73.5476
416609,16.2679,73.8301
416610,16.3739,73.5830
416611,16.3664,73.4887
416612,16.3502,73.4298
416613,16.3754,73.3886
416614,16.2401,73.4769
416615,16.2975,73.4121
416616,16.2285,73.6183
416620,16.1958,73.7831
416623,16.4267,73.4593
416626,16.1760,73.4593
416628,16.1465,73.7360
416630,16.2591,73.4298
416632,16.1680,73.8654
416701,16.8307,73.5830
416702,16.5736,73.5123
416703,16.5517,73.6654
416704,16.7050,73.7242
416705,16.7269,73.5712
416707,16.7304,73.3355
416709,16.5289,73.3827
416712,16.8152,73.3944
416713,16.7401,73.4534
416801,16.4689,73.6301
416803,16.4743,73.4828
416804,16.4624,73.4062
416805,16.4148,73.3827
416806,16.5198,73.3414
416807,16.5039,73.3915
416810,16.5259,73.7713
416811,16.4966,73.5476
416812,16.0806,73.6948
421002,19.2299,73.1615
421004,19.2126,73.1615
421005,19.1953,73.1615
421101,19.3619,73.1881
421102,19.2698,73.1881
421103,19.2529,73.1615
421201,19.2117,73.0907
421202,19.2221,73.0789
421203,19.1929,73.1055
421204,19.1406,73.0996
421301,19.2527,73.1291
421302,19.3559,73.0641
421303,19.6712,73.2294
421305,19.2811,73.1556
421306,19.1680,73.1468
421308,19.2702,73.0700
421311,19.2609,73.0937
421312,19.5402,73.0641
421401,19.2575,73.4887
421402,19.2705,73.6301
421403,19.3623,73.5005
421501,19.2007,73.1881
421502,19.2375,73.2117
421503,19.1478,73.3001
421505,19.2040,73.2235
421506,19.1725,73.1940
421601,19.4035,73.3237
421602,19.6057,73.5123
421603,19.5128,73.3827
421605,19.3129,73.2176
422001,19.9985,73.7919
422002,19.9958,73.7787
422003,20.1106,73.7242
422004,20.1090,73.8301
422005,20.0047,73.7654
422006,20.0008,73.8478
422007,19.9846,73.7360
422008,19.9842,73.7625
422009,19.9801,73.7801
422010,19.9384,73.7360
422011,19.9944,73.8096
422012,19.9872,73.7169
422013,20.0109,73.7390
422101,19.9714,73.8338
422102,19.9118,73.9477
422103,19.7416,73.9830
422104,19.8344,74.2414
422105,19.9716,73.9066
422112,19.8553,74.0888
422113,19.8625,73.9771
422201,20.0275,73.9477
422202,20.3001,73.7713
422203,20.1017,73.6301
422204,20.1254,73.3944
422205,20.2588,73.9477
422206,20.0863,73.9272
422207,20.0903,73.8772
422208,20.3537,73.6065
422209,20.1833,74.0065
422210,19.9605,74.1005
422211,20.5087,73.5359
422212,19.9751,73.5123
422213,19.9631,73.6301
422214,19.9441,73.8595
422215,20.3552,73.8654
422221,20.1220,73.9066
422222,20.0085,73.6831
422301,20.1056,74.0418
422302,20.0759,73.9712
422303,20.0679,74.1357
422304,20.1627,74.1592
422305,20.0660,74.2414
422306,20.1586,74.2414
422308,20.1794,74.0888
422401,19.8987,73.8066
422402,19.7695,73.5359
422403,19.7409,73.7242
422501,19.9491,73.7890
422502,19.8421,73.8184
422601,19.6238,73.9595
422602,19.2667,74.1005
422603,19.5105,74.1123
422604,19.5395,73.7949
422605,19.5525,74.1945
422606,19.7291,74.1005
422608,19.6556,74.1827
422610,19.3970,74.0065
422611,19.6997,74.2884
422620,19.3549,74.1827
422622,19.3758,74.2884
423101,20.2976,74.2414
423102,20.4323,74.1945
423104,20.2473,74.4526
423105,20.5679,74.6635
423106,20.2642,74.6400
423107,19.6701,74.4760
423108,20.6434,74.3470
423109,19.7985,74.4877
423110,20.3906,74.3705
423111,20.2445,74.0418
423117,20.3309,74.1005
423201,20.5361,74.4408
423202,20.5804,74.4174
423203,20.5468,74.5580
423204,20.7191,74.2884
423205,20.7030,74.6166
423206,20.7112,74.4526
423208,20.4539,74.4291
423212,20.4203,74.5698
423213,20.5485,74.3236
423301,20.5923,74.1710
423302,20.7688,74.0770
423303,20.8075,74.2414
423401,20.0830,74.4291
423402,20.0069,74.6166
423403,20.0997,74.6166
423501,20.5074,74.0065
423502,20.4896,73.8184
423601,19.9102,74.4408
423602,19.9039,74.3705
423603,19.9142,74.6166
423604,19.9208,74.3001
423605,19.7544,74.3822
423607,19.9629,74.3177
423701,19.9013,74.7337
423702,19.8539,74.9910
423703,19.9851,74.8975
424001,20.9073,74.7893
424002,20.9858,74.6635
424004,20.8899,74.7893
424005,20.9395,74.7922
424006,20.8043,74.7103
424101,20.4154,75.0378
424102,20.5018,75.0962
424103,20.6095,75.1312
424104,20.5206,75.1779
424105,20.7107,75.2246
424106,20.5930,74.9443
424107,20.6943,75.0378
424108,20.4031,74.8975
424109,20.3019,74.8039
424201,20.6257,75.3179
424202,20.6504,75.4694
424203,20.5825,75.4927
424204,20.6370,75.5859
424205,20.7041,75.6906
424206,20.8518,75.7837
424207,20.6653,75.7837
424208,20.6769,75.9231
424301,20.8677,74.8975
424302,20.8757,74.4760
424303,20.9602,74.5112
424304,21.0559,74.1710
424305,21.1454,74.3822
424306,20.9288,74.0535
424307,21.0493,74.7220
424308,20.7241,74.8507
424309,21.0916,74.8039
424310,20.9046,74.2884
424311,20.8128,74.8039
424318,20.9712,74.8858
425001,21.0120,75.5451
425002,21.0649,75.5510
425003,20.7894,75.5975
425101,21.0403,75.6034
425102,21.0856,75.6557
425103,21.0102,75.4578
425104,21.0593,75.3529
425105,21.0405,75.2712
425107,21.2183,75.1779
425108,21.3197,75.2712
425109,20.9049,75.3179
425110,20.7992,75.3062
425111,20.8420,75.1312
425112,21.3019,75.5975
425113,20.8802,75.0378
425114,20.8366,75.6732
425115,20.7774,75.4578
425116,20.8746,75.5044
425201,21.0469,75.7488
425203,21.0545,75.8040
425301,21.1362,75.7023
425302,21.1621,75.5975
425303,21.2897,75.4578
425304,21.2334,75.7488
425305,21.0374,75.9115
425306,21.1122,76.1088
425307,20.9528,75.8766
425308,21.0238,76.0276
425309,20.9876,75.7371
425310,20.9140,75.9695
425311,20.9767,76.3058
425327,21.0379,76.3406
425401,21.0621,74.9910
425402,21.1698,75.0261
425403,21.1910,74.9384
425404,21.2353,74.8507
425405,21.4129,75.0144
425406,21.2732,74.7571
425407,21.1716,74.6635
425408,21.3022,74.5698
425409,21.5720,74.4760
425410,21.4499,74.5346
425411,21.3310,74.3822
425412,21.3640,74.2414
425413,21.6378,74.1945
425414,21.7978,74.1710
425415,21.6194,74.0065
425416,21.2996,74.0535
425417,21.2395,73.9125
425418,21.1377,73.8184
425419,21.5592,73.8654
425420,21.1211,75.1312
425421,21.2523,75.0378
425422,21.5271,74.3705
425423,21.4968,74.6635
425424,21.5914,74.5580
425426,21.1664,73.9948
425427,21.4126,74.7571
425428,21.5650,74.8975
425432,21.8251,74.4526
425442,21.6933,74.2884
425444,21.5897,74.6635
425452,21.7538,73.9595
425501,21.0927,75.8766
425502,21.1326,75.9347
425503,21.1461,75.8185
425504,21.2219,75.8883
425505,21.3299,75.9231
425506,21.1768,75.9754
425507,21.1890,76.0508
425508,21.2950,76.0624
425524,21.2393,75.8185
431001,19.8757,75.3393
431002,19.9205,75.1772
431003,19.9026,75.3533
431004,19.8995,75.3237
431005,19.8540,75.3354
431006,19.8928,75.3820
431007,19.8720,75.4811
431008,19.9785,75.3645
431009,19.8645,75.3558
431010,19.8489,75.3091
431101,20.0132,75.2246
431102,20.0982,75.1312
431103,20.2123,75.1078
431104,20.3127,75.3296
431105,19.6706,75.2946
431106,19.5032,76.5604
431107,19.5214,75.4578
431109,19.7067,74.8975
431110,19.6722,75.0378
431111,20.0580,75.4811
431112,20.4246,75.6906
431113,20.4090,75.5044
431114,20.2674,75.7604
431115,20.0437,75.0378
431116,20.0951,74.8273
431117,20.5178,75.6906
431118,20.5595,75.7720
431120,20.5565,75.5975
431121,19.6936,75.5742
431122,18.9720,75.8534
431123,18.7074,76.0392
431124,18.8754,76.1088
431125,18.8505,75.7837
431126,18.7076,75.7371
431127,19.3152,75.7837
431128,19.0074,76.3174
431129,19.1938,76.0160
431130,19.2502,75.5510
431131,19.1651,76.2479
431132,20.4866,75.8766
431133,19.7305,75.1779
431134,20.0910,75.5975
431135,20.2306,75.5975
431136,19.8206,75.2829
431137,19.4360,75.5510
431142,19.2171,76.1668
431143,19.1684,75.6906
431144,18.9648,76.0624
431147,20.3931,75.3179
431148,19.5515,75.3995
431150,20.4861,75.3179
431151,20.2189,75.4578
431202,19.9163,75.7371
431203,19.8898,75.8418
431204,19.6231,75.8534
431205,19.5012,75.7837
431206,20.2108,75.9231
431207,19.6378,76.0392
431208,20.0962,75.9463
431209,19.4730,76.0160
431211,19.3799,76.0160
431212,19.4155,75.8766
431213,19.8241,76.0392
431401,19.2792,76.7625
431402,19.1414,76.8721
431501,19.5340,76.2016
431502,19.4981,76.3406
431503,19.4621,76.4794
431504,19.7599,76.4100
431505,19.3223,76.4794
431506,19.3118,76.3406
431507,19.3477,76.2016
431508,19.4794,76.7106
431509,19.5943,76.6875
431510,19.7524,76.6182
431511,19.2230,77.0334
431512,19.3229,77.1255
431513,19.7216,77.1485
431514,18.9416,76.6875
431515,18.8167,76.5719
431516,19.0462,76.5257
431517,18.7351,76.4100
431518,18.6499,76.2016
431519,18.6771,76.5719
431520,18.8440,76.4679
431521,19.1064,76.7106
431522,18.5907,76.6644
431523,18.6279,76.3753
431530,18.8997,76.4332
431536,18.8833,76.8490
431537,19.3326,76.6182
431540,19.3929,76.8029
431541,19.1393,76.5257
431542,19.7879,76.7798
431601,19.1678,77.3267
431602,19.1861,77.1715
431603,19.1056,77.3554
431604,19.1472,77.3238
431605,19.2067,77.2980
431606,19.0867,77.2520
431701,19.4544,77.3324
431702,19.6631,77.3095
431703,19.8768,77.0334
431704,19.3424,77.4013
431705,19.5281,77.0564
431707,18.9624,77.3095
431708,18.9745,77.1485
431709,18.8847,77.5390
431710,18.8005,77.6765
431711,18.8066,77.7681
431712,19.4954,77.5849
431713,19.3583,77.6307
431714,18.8192,77.2635
431715,18.6140,77.3324
431716,18.6652,77.2290
431717,18.5580,77.5390
431718,18.4616,77.4931
431719,18.4633,77.3439
431720,19.0331,76.9873
431721,19.8045,77.9967
431722,18.7882,77.4931
431723,18.6138,77.6765
431731,18.7102,77.7223
431736,18.7010,77.5849
431741,18.3653,77.4472
431742,18.7662,77.1715
431743,19.5858,77.5390
431745,19.2022,77.4013
431746,18.8722,77.3554
431750,19.2969,77.2520
431801,19.1993,77.6994
431802,19.3988,77.8825
431803,19.3392,78.0424
431804,19.6792,78.2248
431805,19.8198,78.2248
431806,19.1650,77.5390
431807,19.0061,77.6078
431808,18.9328,77.7338
431809,18.9031,77.8139
431810,19.4888,78.1792
431811,19.5511,78.2362
440001,21.1584,79.0673
440002,21.1644,79.1153
440003,21.1304,79.0899
440005,21.0812,79.0560
440006,21.1632,79.0504
440007,21.1617,79.0278
440008,21.1507,79.1295
440010,21.1373,79.0589
440012,21.1418,79.0843
440013,21.1814,79.0136
440014,21.1775,79.0899
440015,21.1117,79.0730
440016,21.1093,78.9910
440017,21.1707,79.1130
440018,21.1485,79.0956
440019,21.0873,79.0136
440020,21.1231,79.0673
440021,21.1550,79.0377
440022,21.1157,79.0447
440023,21.1331,78.9062
440024,21.1291,79.1153
440025,21.0996,79.0673
440026,21.2108,79.1040
440027,21.1042,79.0927
440030,21.1823,79.0730
440032,21.1421,79.1111
440033,21.1389,79.0391
440034,21.0977,79.1295
440035,21.1446,79.1718
440036,21.1029,79.0278
440037,21.0882,79.0821
441001,21.2310,79.1436
441101,21.4339,79.0080
441102,21.2650,79.4929
441103,21.1180,78.6796
441104,21.1152,79.3578
441105,21.3391,79.1774
441106,21.3728,79.3353
441107,21.3683,78.9062
441108,20.8847,79.0645
441109,21.2939,79.1153
441110,21.0736,78.8949
441111,21.2564,79.0815
441112,21.4594,78.8609
441113,21.3303,79.0419
441122,20.9420,78.8609
441123,21.2158,79.0653
441201,20.7912,79.4479
441202,21.0627,79.4591
441203,20.8299,79.3128
441204,20.9904,79.2451
441205,20.6138,79.6278
441206,20.5578,79.8745
441207,20.5905,80.0311
441208,20.4465,79.9864
441209,20.5885,80.4104
441210,20.9381,79.5379
441212,20.1927,79.6727
441214,20.6360,79.2226
441215,20.2699,79.7848
441217,20.4568,80.1652
441221,20.4530,79.6951
441222,20.1598,79.5154
441223,20.2788,79.5379
441224,19.9991,79.5828
441225,20.0619,79.8521
441226,19.9128,79.7176
441301,21.3312,78.3615
441302,21.2560,78.6342
441303,21.4441,78.4638
441304,21.4378,78.5434
441305,21.2937,78.4979
441306,21.4032,78.7249
441401,21.5554,79.2451
441404,21.2604,79.2338
441501,21.2302,78.9515
441502,21.3153,78.8156
441601,21.4998,80.2544
441614,21.5168,80.1429
441701,20.7791,80.0311
441702,20.8615,80.2321
441801,21.3006,80.0758
441802,21.1537,79.9864
441803,20.7215,79.8521
441804,21.0986,79.8521
441805,20.8682,79.9417
441806,21.0201,80.1205
441807,21.1497,80.3213
441809,21.0070,79.8969
441901,20.8716,80.4104
441902,21.3162,80.3436
441903,20.9490,79.7176
441904,21.1695,79.6614
441905,21.2124,79.7848
441906,21.1293,79.5828
441907,21.5146,79.7176
441908,20.8104,79.7624
441909,21.2734,79.6278
441910,20.7551,79.6278
441911,21.3370,79.8969
441912,21.4204,79.7176
441913,21.3372,79.7063
441914,21.4092,79.5379
441915,21.4758,79.8521
441916,21.2791,80.5216
441924,21.0877,79.6727
442001,20.7329,78.5434
442003,20.7217,78.6399
442101,20.5889,78.4979
442102,20.6790,78.7930
442104,20.8610,78.7023
442105,20.7679,78.8949
442106,20.9678,78.5434
442111,20.8205,78.6228
442201,21.0180,78.2476
442202,21.2714,78.1792
442203,21.1245,78.4297
442301,20.4968,78.8836
442302,20.7676,78.3615
442303,20.7136,78.3444
442304,20.5070,78.6796
442305,20.6245,79.0419
442306,20.6236,78.3159
442307,20.3720,78.7703
442401,19.9732,79.2987
442402,19.9926,79.2789
442403,19.9040,79.3691
442404,20.0797,79.3578
442406,19.9774,79.2226
442501,20.1627,79.1774
442502,19.9700,79.3064
442503,20.1418,79.0306
442504,18.8780,80.1429
442505,19.9387,79.1661
442507,19.8937,79.2958
442603,19.8290,79.8969
442604,19.9184,80.2321
442605,20.1912,80.0535
442606,20.3054,80.4104
442701,19.8526,79.4929
442702,19.6946,79.6053
442703,19.6259,80.0535
442704,19.6053,80.5438
442705,19.5466,79.8969
442707,19.7768,79.8073
442709,19.2096,80.1875
442710,19.3627,80.4104
442901,19.8643,79.3437
442902,20.0562,79.1661
442903,20.5253,79.3353
442904,20.4173,79.4929
442905,19.6786,79.3353
442906,20.3094,79.2677
442907,20.3088,78.8836
442908,19.6678,79.1549
442914,20.3452,79.0871
442916,19.7286,78.9967
442917,19.8461,79.1887
443001,20.4842,76.1320
443101,20.8322,76.1088
443102,20.7389,76.1088
443103,20.6783,76.2247
443104,20.6418,76.0624
443106,20.3582,76.0160
443112,20.9369,76.2479
443201,20.3124,76.3174
443202,20.1079,76.3869
443203,19.9535,76.2016
443204,19.9890,76.0624
443206,20.0896,76.1552
443301,20.1474,76.5951
443302,19.9787,76.5257
443303,20.2766,76.7567
443304,20.4096,76.6644
443308,20.0540,76.2943
443401,20.9123,76.3753
443402,21.2835,76.7798
443403,20.9987,76.4332
443404,20.8585,76.4332
444001,20.6996,77.0161
444002,20.7087,76.9816
444003,20.8191,77.1255
444004,20.6736,77.0190
444005,20.7248,77.0392
444006,20.8086,76.9873
444101,21.1180,77.0564
444102,20.6856,77.2175
444103,21.1253,76.8490
444104,20.6752,77.0795
444105,20.4969,77.5161
444106,20.7529,77.4931
444107,20.6959,77.3554
444108,20.9418,76.8952
444109,20.7511,76.8490
444110,20.6124,77.4931
444111,20.8966,77.0680
444117,21.0299,76.9758
444126,21.1217,76.9528
444201,20.9741,76.7106
444202,21.0298,76.6759
444203,20.7871,76.7106
444204,21.1143,76.7106
444301,20.3952,76.4794
444302,20.6612,76.8952
444303,20.6145,76.5951
444304,20.8696,76.5719
444306,20.7184,76.4332
444311,20.8411,76.8029
444312,20.7833,76.5141
444401,20.5349,77.0795
444402,20.3614,77.2635
444403,20.3030,77.4243
444404,20.1506,77.5849
444405,20.4984,77.2175
444407,20.5612,77.2750
444409,20.1433,77.3210
444501,20.5173,76.8490
444502,20.5983,76.8375
444503,20.2941,76.9873
444504,20.1434,76.8490
444505,20.1892,77.1485
444506,19.9963,76.7567
444507,20.0339,77.2635
444510,20.0603,76.9873
444511,20.3771,76.8490
444601,20.9416,77.7509
444602,20.9036,77.6307
444603,20.9468,77.7824
444604,20.9573,77.7652
444605,20.9104,77.7652
444606,20.9280,77.7652
444607,20.8759,77.7338
444701,20.7914,77.6994
444702,21.6041,76.9873
444704,21.1916,77.7223
444705,21.0706,77.3554
444706,20.9665,77.2175
444707,21.1973,77.9624
444708,20.6388,77.8596
444709,20.8238,78.1564
444710,20.7018,78.0880
444711,20.7958,78.2590
444717,21.3124,77.1485
444719,21.4527,76.8490
444720,21.3482,77.7795
444723,21.2660,77.6192
444801,21.0442,77.6307
444802,20.9295,77.5046
444803,20.9912,77.3899
444804,21.0969,77.5505
444805,21.3061,77.5275
444806,21.1746,77.4931
444807,21.4383,77.2635
444808,21.2615,77.4013
444809,21.3564,77.5734
444810,21.3180,77.6880
444813,21.6005,77.2405
444901,21.0609,77.8596
444902,20.9987,77.9739
444903,21.1209,78.0424
444904,20.8361,77.9967
444905,21.3021,77.9510
444906,21.4220,78.3159
444907,21.5504,78.3046
444908,21.4091,78.1336
445001,20.4672,78.0880
445002,20.3327,78.1792
445101,20.5641,78.1336
445102,20.5045,77.9510
445103,20.0388,77.9967
445105,20.1795,77.9967
445106,19.9544,78.1336
445109,20.1888,78.1336
445110,20.2637,77.8596
445201,20.4043,77.8596
445202,20.3445,77.6765
445203,20.1418,77.7910
445204,19.9634,77.5849
445205,19.7889,77.7681
445206,19.5985,77.7223
445207,19.5922,77.9739
445209,19.7697,77.4931
445210,20.4993,77.7109
445211,19.6918,77.5505
445215,19.8600,77.4472
445216,19.9072,77.5763
445230,19.7015,77.8596
445301,20.1043,78.2704
445302,19.9976,78.4297
445303,20.1092,78.7023
445304,20.0325,78.9741
445305,19.9271,78.7930
445306,19.9636,78.2704
445307,19.8723,79.0419
445308,20.2252,78.6796
445323,20.2103,78.4525
445401,20.4608,78.3387
445402,20.3791,78.5207
450001,21.8358,76.3869
450051,21.8297,76.5951
450110,21.5908,76.6759
450112,22.1102,76.5951
450114,22.3108,76.4794
450116,22.1254,76.7798
450117,21.8092,76.9182
450119,22.1833,76.4910
450221,21.5164,76.4794
450331,21.4252,76.2247
450332,21.4417,76.7106
450337,21.6519,76.2827
450445,21.1527,76.3174
450551,22.1043,76.2479
450554,22.2281,76.1262
450661,21.6762,76.1552
450771,21.8202,76.2016
450881,21.6351,76.5026
450991,21.9837,76.4794
451001,21.9289,75.5742
451111,22.1351,76.0624
451113,22.0550,75.9463
451115,22.3430,76.0392
451220,22.3480,75.8302
451221,22.2423,75.6906
451224,22.2805,75.5975
451225,22.2081,75.8302
451228,22.0941,75.5975
451331,21.8764,76.0392
451332,21.6644,76.0160
451335,21.9667,75.7371
451440,21.8021,75.4578
451441,21.5298,75.8069
451442,21.7895,75.3179
451447,21.8527,74.9910
451449,21.8276,75.2246
451551,21.9536,74.8273
451556,22.0474,75.0845
451660,22.0731,75.3645
451666,21.5313,75.2946
451770,21.6914,74.7571
451881,21.7501,74.6400
452001,22.7082,75.8824
452002,22.7130,75.8389
452003,22.7634,75.8476
452005,22.7486,75.8127
452006,22.7109,75.8156
452007,22.7151,75.8621
452009,22.6902,75.8447
452010,22.7569,75.9057
452011,22.7463,75.8853
452012,22.6574,75.8360
452013,22.6829,75.7953
452014,22.6918,75.8621
452015,22.7432,75.8505
452016,22.7376,76.0160
452018,22.7227,75.8984
452020,22.5976,76.0160
453001,22.6999,75.5975
453111,22.8566,75.7837
453112,22.7486,75.7488
453115,22.8354,75.5510
453220,22.9751,75.5510
453331,22.6066,75.7895
453332,22.6554,75.7488
453441,22.4837,75.7837
453446,22.5938,75.8418
453551,22.9456,75.7371
453555,22.8057,75.8650
453556,22.6257,75.7909
453661,22.4669,75.5975
453771,22.9159,75.9231
454001,22.6486,75.2946
454010,22.4076,75.4578
454111,22.6942,75.0378
454116,22.6298,74.8507
454221,22.4185,74.8273
454331,22.2236,74.7337
454335,22.1185,74.8507
454441,22.5381,75.1078
454446,22.2502,75.0144
454449,22.2676,75.2012
454552,22.2213,75.4578
454660,23.0121,75.2012
454665,22.8515,75.2246
454773,22.6532,75.4694
454774,22.6025,75.5510
454775,22.6205,75.6848
455001,23.0895,76.0392
455111,22.8817,76.0624
455115,22.9873,76.2016
455116,23.1355,76.2943
455118,23.0036,76.3869
455221,22.7499,76.1552
455223,22.8341,76.3174
455227,22.5459,76.2247
455332,22.6789,76.6875
455336,22.6008,76.8721
455339,22.5439,77.0334
455440,22.5698,76.5026
455459,22.4919,76.6875
456001,23.1786,75.7691
456003,23.2802,75.7023
456006,23.1320,75.7371
456010,23.1670,75.8011
456221,23.3941,75.5510
456222,23.1148,75.5510
456224,23.4861,75.2946
456313,23.3255,75.3179
456331,23.4169,75.4228
456335,23.4701,75.4927
456337,23.2545,75.5510
456440,23.5338,75.5510
456441,23.6145,75.6674
456443,23.4537,75.6906
456550,23.4244,75.8766
456661,23.1956,75.9231
456664,23.0557,75.9231
456665,23.3481,76.0624
456668,23.4879,76.0624
456770,23.3479,76.1900
456771,22.9366,75.3879
456776,23.1860,75.3179
457001,23.2640,74.9209
457114,23.7664,75.5510
457118,23.7486,75.3645
457119,23.6180,75.4578
457222,23.4890,75.0845
457226,23.5911,75.1779
457331,23.5728,74.9910
457333,23.7122,74.9910
457336,23.7815,75.2246
457339,23.7829,75.1195
457340,23.7214,75.0845
457441,23.2297,75.1662
457550,23.4661,74.8507
457555,23.3546,74.6635
457661,22.7000,74.6166
457770,23.0991,74.8975
457772,23.1632,74.7220
457773,22.9925,74.7571
457775,22.9132,74.8975
457777,23.0622,74.5229
457779,22.8741,74.7337
457882,22.5794,74.3353
457885,22.5039,74.1592
457887,22.2709,74.2649
457888,22.0853,74.2649
457990,22.3913,74.5463
457993,22.5771,74.5463
458001,24.0778,75.0494
458002,24.0835,74.9910
458110,24.5917,75.2012
458113,24.3853,75.2246
458116,24.4873,75.3179
458118,24.5266,75.4811
458220,24.5890,74.9443
458226,24.7678,75.1078
458228,24.9419,75.2246
458330,24.6593,74.8390
458336,24.2678,74.8624
458339,24.3108,74.9443
458389,23.8835,75.3179
458441,24.4707,74.9209
458468,24.5595,74.7688
458470,24.5926,74.8098
458553,24.3145,75.0962
458556,24.2460,75.2246
458558,24.1623,75.3179
458664,24.2228,74.9910
458667,23.8979,74.9910
458669,23.8699,75.1779
458771,24.6713,75.6557
458775,24.5447,75.6674
458778,24.4801,75.8418
458880,24.3588,75.6674
458883,24.2479,75.4811
458888,24.0544,75.6441
458895,24.0557,75.1779
458990,24.0275,75.3645
460001,21.9237,77.7910
460004,21.8217,77.9967
460110,21.5552,77.8825
460220,21.6286,77.6078
460225,21.7578,77.7681
460330,22.0974,77.6078
460440,22.2189,77.9739
460443,22.0094,77.9967
460447,22.0697,78.1792
460449,22.1570,78.0880
460551,21.9616,78.1450
460553,21.9189,78.0424
460554,21.9857,78.3159
460557,21.7311,78.0424
460661,21.8634,78.2476
460663,21.8545,78.4525
460665,21.6443,78.3046
460666,21.6941,78.1792
460668,21.5685,78.0652
461001,22.7463,77.8139
461005,22.7248,77.6880
461110,22.6616,77.7795
461111,22.4180,77.8139
461114,22.5994,77.7710
461115,22.5625,77.7109
461116,22.6383,77.6307
461122,22.6098,77.7538
461221,22.5591,77.5161
461223,22.3644,77.4243
461228,22.0257,77.2865
461331,22.3351,77.0564
461441,22.1152,76.9413
461446,22.6210,77.7667
461551,22.5657,77.9053
461661,22.7099,77.9510
461668,22.6733,78.0880
461771,22.7304,78.2248
461775,22.7439,78.4070
461881,22.5275,78.3387
461990,22.8226,78.5207
462001,23.2696,77.3956
462002,23.2326,77.3726
462003,23.2196,77.3927
462004,23.2352,77.4229
462007,23.1760,77.3956
462008,23.2508,77.4157
462010,23.3302,77.4931
462011,23.2386,77.4099
462013,23.2349,77.3827
462016,23.2139,77.4300
462020,23.2068,77.4602
462021,23.2584,77.4648
462022,23.2402,77.5390
462023,23.2499,77.4415
462024,23.2184,77.4501
462026,23.2040,77.4530
462027,23.2386,77.4286
462030,23.3620,77.3095
462031,23.2892,77.3123
462033,23.3109,77.3640
462036,23.3037,77.3468
462037,23.3028,77.4257
462038,23.3840,77.4358
462039,23.1941,77.4386
462041,23.2729,77.4731
462042,23.1247,77.4128
462043,23.1915,77.4788
462044,23.1748,77.3095
462045,23.1384,77.5476
462046,23.0871,77.5275
462047,23.1600,77.4874
462066,23.2879,77.2793
462101,23.5100,77.4013
462120,23.7792,77.2635
463106,23.6971,77.4013
463111,23.7084,77.5390
464001,23.5323,77.9739
464111,23.8057,77.5849
464113,23.6727,77.6765
464114,24.0498,77.4243
464220,23.7197,77.9739
464221,23.8999,77.8825
464224,24.1233,78.0424
464226,23.5790,77.6765
464228,24.1154,77.6536
464240,23.9863,78.0880
464258,23.7737,77.7681
464331,23.7123,78.1792
464337,23.9501,78.2248
464551,23.2368,77.7910
464651,23.4349,77.6307
464661,23.4890,77.7223
464665,22.9548,78.0880
464668,22.9903,78.2476
464671,23.0550,78.3273
464672,23.1631,78.3615
464770,23.0290,78.4525
464774,23.2116,78.7023
464776,23.0859,78.5888
464881,23.4801,78.5207
464884,23.4596,78.2476
464886,23.2855,78.4297
464986,23.1642,78.0652
464990,22.9484,77.6994
464993,23.0023,77.4931
465001,23.3942,76.3174
465106,23.2546,76.1900
465110,23.2755,76.2943
465113,23.2537,76.4447
465116,23.2405,76.5604
465118,23.1744,76.6066
465220,23.3811,76.4332
465223,23.3465,76.5719
465226,23.6062,76.3406
465227,23.4906,76.6182
465230,23.6828,76.1552
465333,23.4092,76.7567
465335,23.2817,76.7683
465337,23.3236,76.8490
465339,23.4249,76.9413
465441,23.6404,75.9463
465445,23.8268,76.2016
465447,23.9370,76.1320
465449,24.1487,76.1552
465550,23.8181,75.8534
465661,24.0162,76.7567
465667,23.5515,77.0564
465669,23.7385,77.0564
465674,23.9175,76.9643
465677,24.0441,77.0795
465679,24.0720,76.5951
465680,23.5533,76.8029
465683,23.7361,76.7567
465685,23.7014,76.8952
465687,23.7920,76.5951
465689,23.8477,76.4332
465691,23.9834,76.3869
465693,24.1403,76.3174
465697,23.6226,76.5257
466001,23.1774,77.0564
466111,23.0344,77.3095
466113,23.1298,76.9067
466114,23.0860,76.8029
466115,22.9903,77.0564
466116,22.9672,76.7798
466118,22.9729,76.5719
466120,22.8366,76.6182
466125,23.1209,76.6644
466221,23.0496,76.5141
466331,22.8181,77.2405
466445,22.7753,77.5849
466446,22.7392,77.4243
466448,22.8649,77.9853
466554,22.8330,77.7223
466651,23.3898,77.0795
466661,23.4442,77.1715
466665,23.5416,77.2175
470001,23.7533,78.7249
470002,23.8418,78.7306
470003,23.8342,78.7873
470004,23.8446,78.8496
470021,23.8637,78.9515
470051,23.6092,78.6796
470113,24.2745,78.1792
470115,23.9309,78.5888
470117,24.0292,78.3387
470118,24.2383,78.3159
470119,23.7731,78.3615
470120,23.7994,78.5547
470124,24.2286,78.1165
470125,23.6930,78.5434
470221,23.6661,78.8156
470223,23.5284,78.8609
470226,23.3314,79.0645
470227,23.6198,79.1549
470228,23.7228,78.9515
470229,23.7421,79.2226
470232,23.8265,79.0871
470235,23.3810,78.7703
470335,24.0701,78.8836
470337,23.9418,78.8949
470339,24.2644,78.9741
470441,24.2306,78.5207
470442,24.1505,78.7023
470661,23.8518,79.4479
470663,23.6759,79.6278
470664,23.8511,79.7848
470666,23.9301,79.2226
470669,23.9281,79.0306
470672,23.7515,79.3578
470673,24.0774,79.3128
470675,23.9787,79.4141
470771,23.9050,79.5379
470772,23.9612,79.6727
470775,24.2652,79.6502
470880,23.5006,79.4704
470881,23.5937,79.8073
471001,24.9477,79.6727
471101,24.7284,79.8969
471105,24.8256,79.7736
471111,25.1598,79.3578
471201,25.0288,79.4929
471301,24.7879,79.4029
471311,24.4781,79.3353
471313,24.4587,79.0645
471315,24.8818,79.4029
471318,24.2839,79.2451
471405,24.4971,79.6053
471408,24.7600,79.6727
471411,25.0916,79.7176
471501,25.0070,79.8521
471510,25.2538,80.0311
471515,25.0911,80.0535
471516,25.2678,80.1959
471525,25.1969,80.2321
471606,24.8223,79.8969
471625,24.9662,79.9417
472001,24.7517,78.9062
472005,24.6513,78.8156
472010,24.5709,78.9967
472101,24.9939,78.7023
472111,24.7182,79.0871
472115,24.8470,79.2451
472118,25.0898,79.0419
472221,25.0279,79.1549
472246,25.3395,78.6342
472331,25.0796,78.9062
472336,25.1880,78.7930
472337,25.1992,78.6342
472339,24.8889,78.8609
472442,25.3877,78.8043
472445,25.4180,78.8949
472446,25.5115,78.8949
472447,25.2777,78.8949
473001,24.6747,77.3554
473101,24.3594,77.4931
473105,24.8162,77.1025
473110,24.5229,77.2175
473111,24.5110,77.0795
473112,24.4883,77.1543
473113,24.7973,77.4243
473115,24.1842,77.0795
473118,24.1763,76.9873
473222,24.3844,76.9643
473226,24.4149,77.1830
473249,24.5347,77.3554
473287,24.2213,77.2405
473330,24.6006,77.5849
473331,24.4466,77.6994
473332,24.8127,77.6078
473335,24.8355,77.8825
473440,24.5372,77.9510
473443,24.3753,77.9739
473444,24.5482,78.0880
473446,24.7568,78.0652
473551,25.5669,77.6994
473585,24.9836,78.2704
473638,24.9149,77.5734
473660,25.4864,78.1336
473662,25.5798,78.1336
473665,25.4509,78.2704
473670,25.3175,78.0652
473770,25.0286,77.6765
473774,25.2716,77.5161
473775,25.5433,77.4243
473781,25.1082,77.7910
473793,25.7375,77.5161
473865,25.6655,78.0424
473880,25.5647,77.9510
473885,25.0092,77.4472
473990,25.0373,78.0652
473995,25.1633,78.1792
474001,26.1749,78.1450
474002,26.2100,78.1821
474003,26.2348,78.1835
474004,26.2410,78.2049
474005,26.2931,78.1678
474006,26.2006,78.3159
474007,26.2077,78.1721
474008,26.2277,78.1507
474009,26.1969,78.1650
474010,26.2748,78.0880
474011,26.2208,78.2077
474012,26.2674,78.2077
474015,26.2484,78.1721
474020,26.3026,78.2818
475001,26.0711,78.1564
475002,26.1652,78.4525
475005,26.0232,78.2818
475110,25.9174,78.2704
475115,26.0002,78.4297
475220,25.7840,78.0652
475330,26.0481,77.8825
475335,25.7670,78.7249
475336,25.8963,78.7363
475661,25.7025,78.4979
475671,25.6199,78.6342
475673,25.9968,78.6796
475675,25.8927,78.5434
475682,26.1439,78.7703
475685,25.7922,78.4525
475686,25.6879,78.3159
476001,26.5461,77.9967
476111,26.7299,78.2476
476115,26.7199,78.4070
476134,26.6468,78.0880
476219,26.4840,77.8139
476221,26.3194,77.7910
476224,26.3712,77.5849
476228,26.1468,77.6765
476229,26.2874,77.4243
476332,25.9075,77.3324
476335,25.9758,77.0564
476337,25.7647,76.7798
476339,25.4774,76.6875
476355,25.5109,77.0564
476444,26.3717,78.1336
476554,26.5779,78.2362
477001,26.5166,78.7703
477105,26.6169,78.7136
477111,26.6919,78.6342
477116,26.3980,78.4525
477117,26.4441,78.3046
477222,26.2729,78.6342
477227,26.3303,78.7703
477331,26.5219,78.9854
477332,26.5238,78.8609
477333,26.4447,79.0419
477335,26.3876,78.9062
477441,26.3049,79.0419
477445,26.2011,78.9062
477446,26.1169,78.8722
477447,25.9643,78.8609
477449,26.0200,78.8269
477555,26.6599,78.8156
477557,26.4807,78.6115
477566,26.6366,78.9628
477660,26.5915,78.5434
480001,22.0301,78.9515
480105,21.6462,78.6682
480106,21.7135,78.7930
480107,21.8828,78.8609
480108,21.6506,78.9062
480109,21.5992,78.6682
480110,21.9010,79.1323
480111,21.7318,79.0645
480115,22.1204,79.2451
480221,22.3307,79.2226
480223,22.1804,79.0871
480224,22.5851,79.1549
480331,21.9644,78.6796
480334,21.6728,78.5434
480337,21.5443,78.7249
480338,21.6195,78.4525
480441,22.2622,78.9062
480447,22.0552,78.6342
480449,22.1995,78.6796
480551,22.0927,78.4979
480553,21.9976,79.3466
480555,22.2523,78.4297
480557,22.2998,78.7703
480559,22.5099,78.7476
480661,22.0438,79.5154
480667,22.0610,79.7848
480771,21.9264,79.7063
480880,21.7668,79.6053
480881,21.7496,79.3353
480882,22.2323,79.5154
480884,22.4045,79.6278
480886,22.5208,79.6053
480887,22.5090,79.4254
480888,22.8093,79.6951
480990,22.2188,79.6727
480991,22.3245,79.8521
480994,22.4494,79.9640
480996,22.2386,79.9864
480997,22.7323,79.9640
480999,22.6073,79.8521
481001,21.9272,80.2990
481051,21.9306,80.7658
481102,21.8413,80.2433
481105,22.0098,80.4994
481111,22.1986,80.4994
481115,21.6320,80.4994
481116,22.0972,80.7879
481117,22.2190,80.8544
481222,21.4730,80.6105
481224,21.4294,80.4660
481226,21.7109,80.2321
481331,21.7723,80.0758
481332,21.8585,79.9417
481335,21.6753,80.0311
481337,21.5728,79.8969
481441,22.0055,80.0311
481445,21.7559,79.8073
481449,21.6561,79.7176
481551,22.1774,80.1429
481556,22.2104,80.2990
481661,22.6654,80.4104
481662,22.8378,80.1429
481663,22.8399,80.5661
481664,22.6812,80.6771
481665,22.6324,80.2544
481666,23.0153,80.1540
481668,22.5271,80.0758
481672,22.9645,80.6771
481768,22.3992,80.2990
481771,22.4962,80.3436
481776,22.4382,80.1652
481778,22.6119,81.1196
481879,23.0795,81.0313
481880,22.8656,81.0092
481882,22.7859,81.2739
481884,22.6311,81.4718
481885,23.0429,80.4104
481990,23.2228,80.6549
481995,22.5970,80.8544
481996,22.4329,80.8765
481998,22.4648,80.6105
482001,23.1620,79.9584
482002,23.2103,79.8857
482003,23.1103,79.7961
482004,23.2147,79.9528
482005,23.1732,80.0423
482008,23.1238,79.9137
482009,23.2106,79.9808
482010,23.2341,79.9808
482011,23.2127,80.0144
482020,23.1218,79.9752
482021,23.1647,79.5491
482051,23.0036,79.7848
482056,22.9401,79.8969
483001,23.0901,80.0311
483053,23.1589,79.8185
483105,23.4054,79.8073
483110,23.2316,80.4104
483113,23.3053,79.7176
483119,23.1611,79.6727
483220,23.2786,80.0311
483222,23.3728,80.0311
483225,23.5199,80.1205
483330,23.6554,80.0311
483331,23.7409,79.8969
483332,23.4424,80.3881
483334,23.4091,80.2321
483336,23.4613,79.9417
483440,23.6226,80.2544
483442,23.5866,80.4327
483501,23.8915,80.4104
483504,23.8132,80.3826
483770,23.8190,80.7658
483773,23.6918,80.6105
483775,23.9302,80.6549
483880,24.0244,80.6549
483990,23.8688,80.0535
484001,23.2833,81.2959
484110,23.2729,81.5377
484113,22.9963,81.8989
484114,23.2345,81.4828
484116,23.2439,81.6583
484117,23.2900,81.6364
484120,23.2719,81.4114
484220,23.1718,81.6364
484224,23.1179,81.7349
484330,23.0031,81.8006
484334,23.3162,81.9098
484336,23.1427,81.9862
484440,23.3026,82.1061
484444,23.1495,81.8880
484446,23.1606,82.1061
484551,23.4673,81.2078
484552,23.2958,81.0975
484555,23.3826,80.9650
484660,23.6028,80.6993
484661,23.5413,80.8544
484664,23.6497,80.9926
484665,23.8399,81.1196
484669,23.4714,81.7131
484770,23.5716,81.3839
484771,23.7654,81.4718
484774,24.0387,81.2959
484776,24.2101,81.4059
484881,23.0046,81.3839
484886,22.8183,81.6583
485001,24.5063,80.8322
485005,24.5977,80.8821
485111,24.6165,81.0975
485112,24.6667,80.9539
485113,24.5117,80.9208
485114,24.1919,80.7935
485115,24.4752,81.0975
485221,24.7444,80.8765
485226,24.8466,81.0092
485331,24.9438,80.6771
485334,25.0710,80.8322
485441,24.6421,80.7436
485446,24.5619,80.5883
485447,24.7501,80.5883
485551,24.4400,80.5216
485661,24.4040,80.6993
485666,24.7363,80.7436
485771,24.2627,80.6993
485772,24.0823,80.8322
485773,24.1685,80.6993
485774,24.2735,80.8765
485775,24.3953,80.9429
485778,24.3364,81.1417
485881,24.2223,81.2078
486001,24.5240,81.3289
486002,24.5559,81.3207
486003,24.5724,81.3509
486005,24.5030,81.3729
486006,24.4953,81.2409
486111,24.6891,81.5377
486114,24.5898,81.4499
486115,24.7907,81.6693
486117,24.8800,81.5816
486123,24.5997,81.6254
486220,25.0684,81.5816
486223,24.9692,81.4938
486226,24.9418,81.8443
486331,24.7332,81.9098
486333,24.6094,81.8006
486335,24.7201,82.1061
486338,24.6828,81.6364
486340,24.8898,81.7568
486341,24.7125,81.7459
486440,24.6319,81.3619
486441,24.7312,81.4499
486445,24.8598,81.2299
486446,24.6714,81.2299
486447,24.9642,81.4059
486448,24.8229,81.4059
486450,24.5275,81.1858
486451,24.8600,81.3344
486550,24.3937,81.3179
486553,24.4980,81.4938
486556,25.0532,81.3179
486661,24.3604,81.9971
486666,24.0583,81.6473
486669,24.0771,81.9971
486670,24.5831,82.1931
486675,24.4229,82.1768
486771,24.3415,81.6473
486775,24.3118,81.5377
486776,24.3044,81.4059
486881,24.2839,82.3452
486882,24.5760,82.5186
486884,24.1805,81.9426
486885,24.0553,82.7455
486886,24.0047,82.4319
486887,24.1190,82.5943
486888,24.1126,82.6456
486889,24.1817,82.6699
486890,24.1193,82.6618
486892,24.3010,82.6915
487001,22.7855,79.3353
487110,22.9050,79.1887
487114,23.0429,79.3128
487118,22.9859,79.5154
487221,22.9302,79.0419
487225,22.8392,79.0871
487330,23.1559,79.2451
487334,23.1589,78.9515
487337,23.1525,78.8609
487441,22.8266,78.9062
487551,22.8985,78.7590
487555,23.0083,78.8156
487661,22.9953,78.6342
487770,22.8203,78.8156
487881,22.7668,78.7249
488001,24.8328,80.4104
488050,24.4201,80.2098
488051,24.5443,80.1317
488059,24.4604,80.2879
488220,24.9152,80.2321
488222,24.9517,80.4327
488333,24.2683,80.4104
488441,24.4334,80.0535
488442,24.1453,79.9640
488443,24.7039,79.9696
488446,24.2569,80.2321
488448,24.0686,80.2321
490001,21.2012,81.3631
490006,21.1753,81.3344
490009,21.1893,81.3207
490011,21.2136,81.3894
490020,21.2096,81.3124
490021,21.1690,81.4444
490022,21.2214,81.3702
490023,21.2231,81.3454
490024,21.2794,81.4059
490025,21.2231,81.4609
490026,21.2468,81.3454
490036,21.3785,81.4938
490042,21.2726,81.5048
491001,21.2726,81.2739
491107,21.1263,81.4169
491111,21.0969,81.5377
491221,21.0385,81.3179
491222,20.8515,81.3619
491223,20.9483,81.4059
491225,20.9146,81.2078
491226,20.7255,81.2078
491227,20.7119,81.4059
491228,20.5319,81.1196
491229,20.3199,80.6771
491331,21.4866,81.2959
491332,21.4957,81.4718
491335,21.6894,81.5596
491336,21.8898,81.3179
491337,21.9508,81.5816
491338,21.7863,81.3729
491340,21.8177,81.7568
491441,21.0944,81.0313
491444,21.3060,81.0092
491445,21.2691,80.7658
491557,21.0802,80.7658
491558,20.9759,80.5883
491559,22.2882,81.2519
491661,20.9208,80.8765
491665,20.7023,80.7658
491666,20.5901,80.8765
491668,20.8616,80.6549
491771,20.8109,81.0313
491881,21.4630,80.8544
491885,21.4974,81.0534
491888,21.6569,80.9429
491993,21.6758,81.2959
491995,21.9004,81.0755
492001,21.2330,81.6583
492002,21.2453,81.6378
492003,21.3018,81.6145
492004,21.2592,81.6501
492005,21.2985,81.7267
492008,21.2813,81.6384
492009,21.2635,81.6172
492010,21.2466,81.5761
492012,21.2352,81.7021
492013,21.2128,81.6090
492014,21.2860,81.6528
492015,21.1878,81.7021
492099,21.2996,81.5706
492101,21.2045,81.8006
492112,21.4542,82.6362
493101,21.7230,81.7568
493111,21.3422,81.7131
493113,21.6822,81.8880
493114,21.5708,81.7896
493116,21.4885,81.8006
493118,21.7832,82.0189
493195,21.5896,81.9317
493196,21.5464,82.0189
493221,21.4347,81.6693
493222,21.5801,82.7563
493225,21.4228,81.9098
493228,21.5547,82.1931
493229,21.3485,82.3452
493331,21.6906,82.0625
493332,21.6968,82.1931
493335,21.5459,82.5186
493338,21.6712,82.6699
493344,21.6635,82.4969
493441,21.2129,81.9753
493445,21.1510,82.1714
493448,20.9733,82.4319
493449,20.9733,82.4319
493526,21.6575,82.3669
493551,21.1875,82.4536
493554,21.2045,82.8425
493555,21.3960,82.8856
493558,21.2872,83.1220
493559,21.6350,82.9286
493661,21.0582,81.7131
493662,20.6654,81.9098
493663,20.9162,81.7131
493770,20.8625,81.5816
493773,20.6528,81.6473
493776,20.6351,81.5267
493778,20.2415,81.9535
493881,21.0038,81.8115
493885,20.9246,81.8880
493887,20.8444,81.9426
493888,20.2571,82.3018
493889,20.4919,82.2583
493890,19.9387,82.6051
493891,19.9995,82.5023
493992,21.0255,82.0189
493996,20.7721,82.1714
494001,18.9674,81.9971
494010,19.2803,81.6035
494111,18.4806,81.6473
494114,17.9904,81.2078
494115,18.6768,81.8224
494122,18.3216,81.2519
494221,19.1355,82.0625
494222,19.2791,82.1061
494223,19.2242,81.9317
494224,19.4358,81.9098
494226,19.7193,81.9098
494228,19.8244,81.6254
494229,19.6046,81.4718
494230,19.9824,81.4718
494331,20.1038,81.5377
494333,20.4389,81.6254
494334,20.2660,81.4718
494335,20.2745,81.6473
494336,20.4304,81.4499
494337,20.4711,81.3179
494347,20.0669,81.7568
494441,19.1244,81.2959
494442,18.9559,81.7349
494444,19.0491,80.7214
494446,18.9862,80.4104
494447,18.5380,80.8544
494448,18.8071,80.5883
494449,18.8722,81.4499
494450,18.9232,81.0313
494551,18.8190,81.3179
494552,18.7309,81.4499
494553,18.7104,81.2629
494556,18.5630,81.3839
494635,20.3339,80.9429
494661,19.4438,81.0755
494665,19.9695,81.2078
494669,20.1450,80.9429
494670,20.2821,81.3179
494771,20.1358,80.7658
494776,20.0096,80.6105
494777,19.8658,80.5661
495001,22.0808,82.0516
495003,22.1293,82.0734
495004,22.0284,82.1931
495006,22.0799,82.2801
495009,22.1932,82.1714
495112,22.2116,82.0625
495113,22.3020,81.9753
495115,22.2663,81.7349
495116,22.4601,81.8224
495117,22.7215,81.8443
495118,22.8605,82.2583
495119,22.8475,81.9971
495220,22.0098,82.0516
495222,21.9829,81.9862
495223,22.0428,82.1224
495224,21.9295,82.1061
495330,22.1804,81.9098
495334,22.0725,81.6473
495335,21.9663,81.8880
495442,22.3558,82.1061
495445,22.5886,82.5186
495446,22.2796,82.4969
495447,22.4087,82.5997
495449,22.3910,82.3452
495450,22.4297,82.6699
495452,22.3670,82.5943
495454,22.2856,82.6267
495455,22.3757,82.6537
495550,22.0202,82.2692
495551,21.8183,82.2583
495552,22.0366,82.3669
495553,21.9572,82.4428
495554,21.8491,82.4103
495555,22.1350,82.3181
495556,21.8056,82.4969
495557,21.7660,82.6699
495559,22.1394,82.5402
495660,22.1808,82.4103
495661,21.7698,82.7563
495663,21.9295,82.3560
495668,21.9518,82.5835
495671,22.0031,82.6699
495674,22.2250,82.8641
495677,22.3482,82.7023
495682,22.3317,82.7293
495683,22.4222,83.0361
495684,22.3904,82.7185
495686,21.9121,82.7563
495687,22.0107,82.8425
495688,21.8302,83.0576
495689,22.0619,82.9286
495690,21.8456,82.8641
495691,21.8265,82.9717
495692,21.7881,83.1863
495695,21.9346,83.0039
496001,21.8900,83.3576
496005,21.9709,83.3041
496100,21.7353,83.3469
496107,21.9900,83.4857
496109,22.0631,83.3843
496111,22.1519,83.3789
496113,22.3486,83.5497
496115,22.4155,83.4430
496116,22.5244,83.2078
496118,22.5596,83.4857
496220,22.5206,83.6987
496223,22.7350,83.7199
496224,23.0164,83.6348
496225,22.8365,83.8897
496227,22.5303,83.9533
496242,22.5271,83.8685
496245,22.3978,83.9003
496330,23.0297,83.9744
496331,22.8690,84.1224
496334,22.7266,84.1224
496336,23.1180,83.8049
496338,22.9211,84.2490
496440,21.7510,83.4430
496445,21.4542,83.1435
496450,21.6422,83.1005
496551,21.5543,83.2720
496554,21.6509,83.3148
496661,22.0217,83.1005
496665,22.1659,83.1435
497001,23.1846,83.1220
497101,23.1008,83.3789
497111,22.8390,83.3576
497114,22.7528,83.5710
497116,22.8964,83.0361
497117,23.3010,83.6348
497118,23.3010,83.6348
497119,23.5855,83.6348
497220,23.7680,83.4644
497223,23.5256,83.3362
497224,23.3111,83.8897
497225,23.8516,83.2078
497226,23.2490,82.9717
497229,23.2432,82.8425
497231,23.6387,82.6915
497235,23.5106,82.9932
497331,23.3300,82.6699
497333,22.9342,82.8210
497335,23.2312,82.5835
497339,23.5316,82.4319
497442,23.3091,82.2366
497446,23.1846,82.2312
497447,23.1042,82.1605
497448,23.1085,82.2475
497449,23.0582,82.4319
497451,23.2547,82.3343
497553,23.1611,82.3560
497555,23.2292,82.1768
497557,23.7349,82.2366
497559,23.1827,82.3126
497773,23.3628,82.3669
497778,23.6495,81.9535
500001,17.3874,78.4722
500002,17.3610,78.4800
500003,17.4369,78.4894
500004,17.4070,78.4611
500005,17.2766,78.4866
500006,17.3707,78.4493
500007,17.4176,78.5431
500008,17.3916,78.4124
500009,17.4606,78.4951
500010,17.5171,78.5150
500011,17.4660,78.4761
500012,17.3762,78.4751
500013,17.3924,78.5179
500014,17.5520,78.5150
500015,17.4777,78.5108
500016,17.4447,78.4626
500017,17.4337,78.5349
500018,17.4546,78.4062
500019,17.4797,78.3198
500020,17.4104,78.5002
500022,17.4098,78.4716
500023,17.3608,78.4925
500024,17.3735,78.4900
500025,17.4276,78.5050
500026,17.4496,78.5064
500027,17.3894,78.4972
500028,17.3941,78.4425
500029,17.4007,78.4882
500030,17.3202,78.4020
500031,17.3759,78.3931
500032,17.4358,78.3468
500033,17.4325,78.4071
500034,17.4146,78.4383
500035,17.3553,78.5377
500036,17.3698,78.5150
500037,17.4900,78.4352
500038,17.4441,78.4404
500039,17.4015,78.5666
500040,17.4587,78.5632
500041,17.4171,78.4617
500042,17.4636,78.4536
500043,17.6331,78.4070
500044,17.4078,78.5122
500045,17.4395,78.4281
500046,17.4578,78.3290
500047,17.4512,78.5349
500048,17.3680,78.4302
500049,17.5049,78.3585
500050,17.4978,78.3317
500051,17.4531,78.6172
500052,17.3217,78.4319
500053,17.3356,78.4676
500054,17.5042,78.4439
500055,17.5248,78.4498
500056,17.4800,78.5292
500057,17.3955,78.4539
500058,17.3080,78.5263
500059,17.3523,78.5065
500060,17.3685,78.5305
500061,17.4254,78.5164
500062,17.4737,78.5718
500063,17.4054,78.4738
500064,17.3559,78.4544
500065,17.3508,78.4727
500066,17.3680,78.4686
500067,17.5046,78.4766
500068,17.3704,78.5751
500069,17.3095,78.5133
500070,17.3290,78.5754
500072,17.4802,78.4171
500073,17.4327,78.4425
500074,17.3465,78.5510
500075,17.3861,78.3511
500076,17.4442,78.5666
500077,17.2977,78.4411
500078,17.6108,78.6228
500079,17.3373,78.5323
500080,17.4185,78.4912
500081,17.4434,78.3822
500082,17.4268,78.4525
500083,17.5100,78.5945
500084,17.4708,78.3587
500085,17.4880,78.3822
500086,17.3563,78.3744
500087,17.5037,78.5349
500088,17.4311,78.6399
500089,17.4027,78.3773
500090,17.5324,78.3785
500091,17.3610,78.3998
500092,17.4131,78.5803
500093,17.3567,78.3982
500094,17.5081,78.5604
500095,17.3850,78.4867
500096,17.4151,78.4165
500097,17.3259,78.5351
500098,17.4250,78.6055
500100,17.5403,78.4909
500101,17.6042,78.5469
501101,17.3264,77.9510
501102,17.3701,77.9053
501106,17.4082,77.7681
501111,17.4331,77.9853
501121,17.2687,77.7681
501141,17.3038,77.5849
501142,17.3640,77.6192
501143,17.2023,77.4472
501144,17.2014,77.6192
501158,17.3089,77.4817
501202,17.5505,77.8139
501203,17.4181,78.1222
501218,17.2481,78.3956
501301,17.4968,78.6682
501359,17.1260,78.4979
501401,17.6385,78.4979
501501,17.1869,77.9510
501502,17.0857,77.8139
501503,17.3250,78.1222
501504,17.2962,78.2248
501505,17.3569,78.6682
501506,17.1338,78.6342
501508,17.1389,78.7249
501509,16.9967,78.6796
501510,17.2243,78.5888
501511,17.2858,78.6455
501512,17.2951,78.7079
502001,17.6167,78.0852
502032,17.5091,78.3001
502101,18.0915,78.4638
502102,18.1079,78.5434
502103,18.1088,78.8553
502107,18.2039,78.7816
502108,18.1628,78.6796
502109,17.8608,78.3159
502110,18.0502,78.2647
502113,18.1243,78.2362
502114,18.1090,78.7590
502115,18.1313,78.3501
502117,18.0008,78.3159
502125,18.0501,78.1678
502130,18.0817,78.2077
502205,17.4948,78.1393
502210,17.5776,77.6880
502220,17.5827,77.5849
502221,17.6699,77.4931
502228,17.7161,77.5791
502246,17.7637,77.6880
502247,17.9678,78.5434
502248,18.0530,78.4070
502249,17.7797,77.5734
502251,17.8524,77.6192
502255,17.9487,78.4183
502256,17.8801,77.6880
502257,17.8270,77.7681
502267,18.1677,78.9628
502269,17.8822,77.9053
502270,17.8441,78.0424
502271,18.0344,77.9167
502273,17.7414,78.0766
502276,18.1734,78.8609
502277,18.0234,78.8949
502278,17.8824,78.6796
502279,17.7397,78.6342
502280,18.0559,79.0532
502281,17.7379,78.8043
502285,17.5564,78.0994
502286,18.0541,77.6765
502287,18.1502,77.7223
502290,17.9354,77.8253
502291,17.6521,77.9510
502293,17.7357,77.9853
502294,17.6420,78.0709
502295,17.5290,78.0310
502296,17.6661,78.1792
502300,17.4973,78.2201
502301,17.9344,78.7703
502302,17.9840,78.0424
502303,18.0663,78.0538
502305,17.4845,78.1621
502306,17.5741,78.0081
502307,17.5467,78.2127
502310,18.2352,78.9175
502311,17.8274,78.7363
502312,17.8313,78.8043
502313,17.7209,78.3159
502314,17.8497,78.1336
502316,17.8677,78.2362
502318,17.6964,77.6364
502319,17.6011,78.3026
502321,17.6844,77.7223
502324,17.5225,78.2564
502325,17.5513,78.3505
502329,17.5359,78.1450
502331,18.0020,78.1450
502334,17.8360,78.4866
502335,17.8814,78.4638
502336,17.7784,78.4979
502345,17.7396,77.8596
502371,18.1124,77.8596
502372,18.0155,78.7590
502375,18.0852,78.9515
502381,17.9320,78.1450
503001,18.6694,78.0823
503002,18.6942,78.1051
503003,18.7040,78.1678
503101,18.1835,78.4411
503102,18.2494,78.3728
503108,18.1296,78.1336
503110,18.2315,78.2704
503111,18.3223,78.4183
503114,18.4069,78.0880
503120,18.3221,78.2248
503122,18.2173,78.0424
503123,18.2564,78.4866
503124,18.2230,78.1336
503125,18.2124,78.5320
503144,18.4268,78.4070
503145,18.4183,78.2704
503164,18.5586,78.2704
503165,18.5699,78.4525
503174,18.6058,78.2092
503175,18.5156,78.1450
503180,18.6598,77.9339
503185,18.6725,77.8596
503186,18.6953,78.0310
503187,18.3486,77.9053
503188,18.5681,77.8710
503201,18.5010,77.9167
503202,18.6690,77.9853
503206,18.5740,77.9624
503207,18.5870,77.8024
503212,18.9269,78.1792
503213,18.7961,78.1450
503217,18.8889,78.3159
503218,18.9056,78.3956
503219,18.9758,78.3956
503224,18.7924,78.2704
503225,18.8162,78.4638
503230,18.5938,78.0880
503235,18.7689,77.9053
503245,18.7858,77.9853
503246,18.8589,78.0310
503301,18.4281,77.8710
503302,18.2195,77.8939
503305,18.3417,77.6192
503306,18.3958,77.7338
503307,18.6910,78.5207
503308,18.9127,78.5093
503309,18.4707,77.6307
503310,18.2931,77.7681
503311,18.7886,78.3956
503321,18.4703,77.8024
503322,18.6107,78.2163
504001,19.6531,78.5434
504101,18.9649,78.0424
504102,19.0026,77.9053
504103,19.1928,77.9510
504104,19.0176,78.1336
504105,19.0212,78.3728
504106,19.0637,78.3046
504107,18.8694,77.9225
504109,19.1550,78.0880
504110,19.2077,78.1792
504201,18.7845,79.7176
504202,19.1073,78.8156
504203,19.2588,78.6115
504204,18.9117,79.6839
504205,19.1625,78.9515
504206,19.0326,79.1323
504207,18.9936,79.2677
504208,18.8743,79.4366
504209,18.8691,79.3466
504214,18.9575,79.8745
504215,18.9082,79.2113
504216,18.8709,79.5828
504218,19.0582,79.3691
504219,19.1133,79.7176
504220,19.1397,79.3578
504231,18.9930,79.4591
504251,19.0561,79.5379
504272,19.1821,79.4816
504273,19.2244,79.6053
504292,19.2806,79.3578
504293,19.4108,79.1774
504294,19.1982,79.1549
504295,19.4907,79.3353
504296,19.3354,79.4929
504297,19.1911,79.2338
504299,19.4227,79.7848
504301,18.9225,79.4591
504302,18.8534,79.4816
504303,18.8640,79.5126
504304,19.4010,78.2704
504306,19.1171,78.2248
504307,19.4128,78.4525
504308,19.5534,78.4525
504309,19.7087,78.6796
504310,19.0876,78.4979
504311,19.3639,78.7930
504312,19.7381,78.4070
504313,19.3750,78.9741
504323,19.2634,78.3159
504346,19.5267,78.7703
505001,18.4355,79.1436
505101,18.1501,79.4816
505102,18.1673,79.5828
505122,18.2561,79.4929
505129,18.3269,79.3972
505152,18.4300,79.4591
505153,18.4572,79.5266
505162,18.5212,79.4141
505172,18.6606,79.3916
505174,18.5817,79.4479
505184,18.5942,79.6727
505185,18.5272,79.3128
505186,18.4876,79.2338
505187,18.7532,79.3691
505188,18.6682,79.5266
505208,18.7817,79.4591
505209,18.7411,79.5716
505210,18.7101,79.4366
505211,18.7463,79.5069
505212,18.5782,79.5941
505214,18.7096,79.5322
505215,18.4477,79.1012
505301,18.4585,78.7363
505302,18.5010,78.8609
505303,18.3622,78.6909
505304,18.2976,78.5888
505305,18.4847,78.5888
505306,18.6691,78.7363
505307,18.5755,78.7363
505325,18.8123,78.5888
505326,18.8316,78.7136
505327,18.8033,78.9232
505330,18.8619,78.7306
505331,18.9612,78.7249
505401,18.4030,78.9854
505402,18.3990,78.9175
505403,18.5314,78.7816
505404,18.2590,78.7249
505405,18.3111,78.8156
505415,18.5540,79.1661
505416,18.7096,79.2226
505425,18.9250,79.0984
505445,18.5916,79.0080
505450,18.9528,78.5888
505451,18.5116,79.0419
505452,18.6937,78.9515
505453,18.7903,78.8043
505454,18.9307,78.9967
505455,18.7710,78.8722
505460,18.9694,78.8609
505462,18.7242,78.6796
505466,18.0402,79.1887
505467,18.1423,79.1323
505468,18.2154,79.3916
505469,18.3704,79.2338
505470,18.2831,79.3466
505471,18.0465,79.3015
505472,18.1967,79.2677
505473,18.1716,79.0306
505474,18.3027,79.2789
505475,18.3523,79.5379
505476,18.0996,79.4141
505480,18.1660,79.3466
505481,18.2729,79.1661
505490,18.2516,79.3071
505497,18.0946,79.3240
505498,18.1698,79.4141
505501,18.6083,78.8949
505502,18.3793,79.3916
505503,18.5818,79.8745
505504,18.6606,80.0311
505505,18.4335,79.3128
505514,18.8261,79.4141
505524,18.5174,78.9401
505525,18.6060,79.2564
505526,18.8007,79.1774
505527,18.3900,79.1661
505528,18.2638,79.0080
505529,18.8232,78.9628
505530,18.3269,79.0871
505531,18.6079,79.0871
505532,18.7954,79.0871
506001,17.9966,79.5514
506002,17.9751,79.5997
506003,17.9418,79.5266
506004,17.9800,79.5294
506005,17.8765,79.6165
506006,18.0293,79.6278
506007,18.0006,79.5856
506009,18.0312,79.5547
506011,18.0117,79.5744
506013,17.9769,79.6334
506015,18.0669,79.5660
506101,17.6244,79.9417
506104,17.5285,79.8969
506105,17.5353,80.0311
506112,17.6788,79.8633
506122,17.7947,79.8409
506132,17.9522,79.9417
506134,17.7694,80.0311
506135,17.9391,80.1429
506142,18.0034,79.3691
506143,17.8298,79.4029
506144,17.8865,79.3691
506145,17.9184,79.3128
506151,17.9357,79.4141
506163,17.5736,79.6390
506164,18.2215,79.7176
506165,18.5114,80.3213
506166,17.9159,79.5884
506167,17.8174,79.1774
506168,18.3571,79.8409
506169,18.4287,79.8633
506170,18.3830,79.8325
506172,18.1692,80.5216
506201,17.6772,79.1774
506221,17.8098,79.0419
506222,17.5640,79.4591
506223,17.9449,78.9515
506224,17.8986,79.1661
506244,17.7757,79.2677
506252,17.7363,79.4029
506301,17.8347,79.2789
506302,17.6404,79.3578
506303,17.6354,79.2677
506310,17.8499,79.6671
506313,17.7793,79.5491
506314,17.7040,79.6727
506315,17.3859,79.8521
506316,17.7756,79.4816
506317,17.6476,79.4929
506318,17.5455,79.5491
506319,18.1167,79.7288
506324,17.5216,79.7624
506330,17.9059,79.7288
506331,17.9961,79.8099
506332,17.8450,79.9081
506342,18.0464,79.7288
506343,18.1520,79.9528
506344,18.2296,80.3213
506345,18.4235,79.9864
506347,18.1267,80.1429
506348,18.3066,79.7736
506349,18.0779,79.8734
506352,18.1332,80.0423
506355,17.9053,78.8722
506356,18.4066,79.6727
506365,17.7976,79.6727
506366,18.3215,79.6165
506367,17.9526,79.0871
506368,17.6151,79.7624
506369,17.7444,79.7736
506370,18.0096,79.4816
506371,18.0811,79.5041
506381,17.3972,80.0758
506391,18.1587,79.6390
507001,17.2308,80.1373
507002,17.2970,80.1763
507003,17.3181,80.1317
507101,17.7693,80.4994
507103,17.4742,80.6993
507111,17.7190,80.9208
507113,17.7466,81.5377
507114,17.5394,81.0975
507115,17.5089,80.9429
507116,17.8434,80.8212
507117,17.9613,80.5883
507118,17.5123,80.6382
507119,17.4894,80.6493
507120,17.4679,80.5661
507121,17.6000,81.4059
507122,17.5019,80.2990
507123,17.6914,80.3436
507124,17.7829,80.2990
507125,17.5258,80.6133
507128,17.7597,80.7879
507129,17.7311,81.1858
507130,17.9025,81.8880
507133,18.2473,80.6771
507134,17.6056,81.1362
507135,17.4309,81.2959
507136,18.5204,80.4994
507137,17.8843,80.9429
507138,17.6771,80.7769
507140,18.0455,80.8765
507154,17.7086,80.6993
507157,17.1913,79.9305
507158,17.1312,80.1317
507159,17.1702,79.9752
507160,17.1034,80.0423
507161,17.2947,79.8969
507163,17.2903,80.0423
507164,17.1037,80.7879
507165,17.1430,80.3770
507166,17.4169,80.4771
507167,17.2296,80.4771
507168,17.3211,80.4327
507169,17.0233,80.0758
507170,17.2202,80.0423
507182,17.3593,80.2544
507183,17.3348,79.9976
507201,16.8110,80.5216
507202,16.9044,80.5216
507203,16.8982,80.3881
507204,17.0219,80.2879
507208,17.1233,80.2098
507209,17.2359,80.6105
507210,17.4952,80.1652
507211,17.6357,80.1652
507301,17.3294,81.1196
507302,17.1933,80.6993
507303,17.2462,80.8322
507304,17.0485,80.3547
507305,17.2189,80.2544
507306,17.2990,80.9650
507316,17.3826,80.7436
507318,17.2580,80.2154
508001,17.0840,79.2113
508004,17.0165,79.2564
508101,17.6599,79.0758
508105,17.7113,78.9515
508111,17.4879,79.1323
508112,17.3896,79.0419
508113,17.3135,79.1436
508114,17.2055,79.0871
508115,17.6153,78.9062
508116,17.6102,78.8156
508126,17.5143,78.7703
508201,16.9144,79.7624
508202,16.6829,79.3353
508204,16.8278,79.8969
508205,17.1710,79.3128
508206,17.0067,79.9752
508207,16.6922,79.5154
508208,16.6717,79.4605
508210,17.3158,79.4029
508211,17.1782,79.4479
508212,17.1967,79.8073
508213,17.0743,79.6951
508217,16.9496,79.5379
508218,16.9099,79.6727
508221,17.3323,79.7176
508223,17.4694,79.4366
508224,17.2897,79.5716
508233,17.0567,79.8073
508234,17.1190,79.8857
508238,16.9233,79.9417
508243,16.6786,79.0306
508244,17.1123,79.0871
508245,16.9602,78.8609
508246,16.7389,79.9864
508247,17.0359,79.4029
508248,16.5709,78.9741
508250,16.8524,78.8043
508252,17.2888,78.9062
508253,17.1490,78.9062
508254,17.2128,79.2226
508255,16.9725,79.0871
508256,16.8352,79.1323
508257,16.7495,79.0532
508258,16.5832,78.7703
508266,16.6538,79.2226
508277,17.4953,79.2677
508278,16.8471,79.3578
508279,17.4140,79.4929
508280,17.4211,79.6278
508284,17.3414,78.8043
508285,17.4202,78.9628
508286,17.5763,79.0419
508355,16.7678,79.6278
508373,16.8720,78.9515
508374,17.0429,79.5379
508376,17.1852,79.5828
508377,16.7853,79.3170
509001,16.7607,78.0081
509102,16.1653,78.3387
509103,16.3571,78.0424
509104,16.1231,77.9967
509105,16.0896,78.2248
509110,16.4391,77.8596
509120,16.2233,78.1336
509125,16.2460,77.7223
509126,15.9740,77.8139
509127,16.0096,77.6307
509128,16.0716,77.9053
509129,16.1428,77.5390
509130,16.4774,77.7223
509131,16.3439,77.8139
509132,16.1509,77.6765
509135,15.9226,77.7223
509152,15.8996,78.1336
509153,15.9869,78.0424
509201,16.3851,78.9741
509202,16.9189,78.1336
509203,16.5503,78.1792
509204,16.6708,77.8596
509205,16.6571,77.6307
509206,16.3185,78.1792
509207,17.0994,78.0424
509208,16.4637,77.4931
509209,16.5606,78.3615
509210,16.7442,77.5390
509215,16.5445,78.2818
509216,17.0295,78.2362
509217,17.2005,78.1792
509219,16.4444,77.9510
509228,17.1019,78.2818
509235,16.4189,78.3159
509301,16.7823,78.1792
509311,16.6025,77.4931
509320,16.6560,78.4070
509321,16.8521,78.5888
509324,16.7151,78.6342
509325,17.1510,78.3273
509326,16.1851,78.7023
509327,16.9036,78.6796
509334,16.8236,77.8939
509335,16.9546,77.9510
509336,16.9760,77.5390
509337,16.9027,77.8596
509338,17.1237,77.6765
509339,16.9409,77.7223
509340,16.8671,78.0424
509349,16.5708,78.5434
509350,17.0418,77.6651
509351,16.6054,77.7338
509352,16.4119,77.4013
509353,16.5291,77.6192
509357,16.7901,78.3159
509358,16.9522,78.5093
509360,16.7933,78.5774
509371,16.8045,77.7681
509375,16.4414,78.7249
509376,16.4829,78.6342
509380,16.5450,78.0880
509381,16.3518,77.9510
509382,16.6351,78.0424
509385,16.4265,78.4525
509401,16.2924,78.5434
509406,16.6347,78.2362
509407,16.8369,77.5390
509408,16.9786,78.3615
509409,16.5386,77.7795
509410,17.0583,78.1336
509411,16.8998,77.6192
509412,16.2824,78.3615
515001,14.6941,77.5992
515002,14.6251,77.5390
515003,14.6252,77.6479
515004,14.7300,77.5734
515005,14.6806,77.6135
515101,14.2858,77.6078
515110,14.0816,77.6307
515122,13.9761,77.5734
515123,14.1176,77.4472
515124,14.0289,77.4931
515133,14.1776,77.7223
515134,14.1018,77.8024
515144,14.2280,77.8139
515154,14.2807,77.9510
515159,14.3693,77.9256
515164,14.1825,77.5963
515201,13.8359,77.5046
515202,13.8359,77.5046
515211,13.7557,77.4931
515212,13.8814,77.5046
515231,13.9998,77.8139
515241,13.9472,77.6765
515261,13.9018,77.4587
515271,13.9279,77.0910
515281,14.1385,76.9873
515286,14.0139,76.9989
515291,13.9316,77.1600
515301,13.9257,77.2635
515303,13.8743,77.3669
515305,14.0202,77.1140
515311,13.8226,77.0334
515321,13.7820,77.1255
515331,13.8514,77.5849
515341,13.8453,77.6880
515401,15.1320,77.5849
515402,15.1926,77.6422
515405,15.0114,77.6880
515408,15.0576,77.9053
515411,14.8690,78.0310
515413,15.0334,77.9910
515414,14.7845,77.9510
515415,14.9609,78.0310
515425,14.6856,77.8139
515435,14.8207,77.7681
515445,14.8714,77.8596
515455,14.9583,77.7681
515465,14.6517,78.0424
515501,14.1916,77.9967
515511,14.3769,78.0424
515521,14.0247,78.3159
515531,14.0871,77.9624
515541,14.2008,78.1792
515551,13.9724,78.1792
515556,13.9080,78.0310
515561,14.0067,77.9510
515571,13.8833,78.2248
515581,14.2315,78.3387
515591,14.0723,78.1222
515601,13.8727,77.7795
515611,14.8979,77.7109
515621,14.3409,77.3554
515631,14.5746,77.8825
515641,14.4396,77.4931
515651,14.3146,77.7223
515661,14.5457,77.7681
515671,14.4000,77.7166
515672,14.4410,77.8732
515701,14.7241,77.6765
515711,14.7549,77.4013
515721,14.5987,77.6880
515722,14.5335,77.5390
515731,14.8083,77.5390
515741,14.7422,77.1715
515751,14.6151,77.3554
515761,14.5567,77.1255
515763,14.5972,77.0334
515765,14.3791,77.2175
515766,14.3233,77.0334
515767,14.4697,76.9989
515774,14.8879,77.5275
515775,14.9458,77.5390
515787,14.5186,77.2635
515801,15.1542,77.3669
515803,15.1581,77.4358
515812,14.9279,77.2175
515822,14.8363,77.2175
515832,14.9815,77.3554
515842,15.1057,77.3210
515863,14.5532,76.8606
515865,14.8180,76.8952
515867,14.6726,76.9528
515870,15.0264,77.1370
515871,14.8716,77.0334
515872,14.9849,76.8144
516001,14.4783,78.8213
516002,14.4805,78.8666
516003,14.4478,78.7816
516004,14.3833,78.8722
516101,13.8203,79.3353
516104,14.2107,79.3578
516105,13.9297,79.2226
516107,14.1129,79.2226
516108,14.0610,79.0871
516110,14.0831,79.3240
516115,14.1955,79.1492
516126,14.1526,79.0871
516127,14.3902,79.2677
516128,14.2176,79.2564
516129,13.9237,79.0871
516130,14.0548,78.9515
516150,14.2442,79.0871
516151,14.3401,79.1774
516152,14.3208,79.0080
516162,14.5396,78.7816
516163,14.6325,78.8043
516172,14.7441,78.7363
516173,14.7923,78.7816
516175,15.0125,78.8156
516193,14.9776,79.0419
516203,14.6401,78.7249
516213,14.3897,79.0080
516214,13.9507,78.6796
516215,13.9570,78.8156
516216,14.4085,78.6796
516217,15.1235,78.9628
516218,14.4608,78.5774
516227,14.6695,79.0984
516228,14.7934,79.0419
516233,14.6947,79.1436
516237,14.5023,78.9628
516247,14.4398,79.0984
516257,14.1794,78.6796
516259,14.2164,78.4979
516267,14.0792,78.4979
516268,14.2337,78.8609
516269,14.0400,78.6342
516270,14.0900,78.7249
516289,14.5898,78.6342
516293,14.5363,78.7136
516309,14.5917,78.4411
516310,14.6628,78.4866
516311,14.6570,78.4567
516312,14.7372,78.4809
516321,14.4552,78.4638
516329,14.3636,78.4638
516330,14.0548,78.9515
516339,14.5394,78.5434
516349,14.3448,78.3159
516350,14.4977,78.3956
516355,14.6707,78.6455
516356,14.7462,78.6626
516359,14.8609,78.5434
516360,14.7340,78.5320
516362,14.7374,78.6001
516380,14.6680,78.3615
516390,14.4416,78.1906
516396,14.5045,78.0766
516401,14.5837,78.2818
516411,14.9374,78.4638
516421,14.4920,78.2818
516431,14.9097,78.3728
516432,14.9728,78.2590
516433,14.9292,78.3046
516434,14.8081,78.4070
516439,14.8428,78.2989
516444,14.7552,78.2704
516454,14.6226,78.1450
516464,14.7046,78.1792
516474,14.8859,78.1336
516484,14.5332,78.1906
516501,14.5656,79.0871
516502,14.7430,78.9515
516503,14.8767,78.8609
516504,14.2710,78.6796
516505,14.6029,78.9062
517001,13.2239,79.1266
517002,13.1775,79.1040
517004,13.2265,79.0532
517101,13.5789,79.3015
517102,13.5532,79.2338
517112,13.4809,79.1436
517113,13.5433,79.0080
517123,13.5502,78.9062
517124,13.3640,79.0758
517125,13.2323,79.1887
517126,13.3698,79.2113
517127,13.2749,79.1210
517128,13.1810,79.0532
517129,13.3343,78.9175
517130,13.4155,78.9515
517131,13.2710,79.0306
517132,13.0702,79.1210
517152,13.4997,79.0532
517167,13.2925,79.2677
517172,13.5602,79.1323
517192,13.7050,79.0532
517193,13.6559,79.1040
517194,13.7448,79.1774
517213,13.7784,78.9062
517214,13.7368,78.9967
517234,13.5917,78.8156
517235,13.7602,78.7590
517236,13.8199,78.8156
517237,13.6928,78.7816
517247,13.3538,78.5888
517257,13.4530,78.7703
517277,13.6441,78.7136
517280,13.5379,78.6342
517291,13.7202,78.6342
517297,13.8192,78.5547
517299,13.6627,78.6228
517305,13.8681,78.6228
517319,13.6357,78.5320
517325,13.4840,78.4525
517350,13.7030,78.5093
517351,13.7411,78.3501
517352,13.6163,78.3615
517370,13.6554,78.2248
517390,13.8301,78.3046
517391,13.7096,78.1678
517401,12.8525,78.5434
517403,13.1086,79.2226
517408,13.1800,78.7703
517414,13.3500,78.7590
517415,13.0812,78.5888
517416,13.2749,78.8609
517417,13.3909,78.4070
517418,13.8703,78.4297
517419,13.1631,79.1661
517421,13.2034,79.3128
517422,13.1336,79.0080
517423,12.8789,78.3728
517424,12.9884,78.5434
517425,12.7796,78.4297
517426,12.8069,78.2818
517429,13.1405,78.9062
517432,13.2194,78.6342
517501,13.6245,79.4310
517502,13.6225,79.3860
517503,13.5857,79.4591
517504,13.7070,79.3578
517505,13.5987,79.3635
517506,13.1330,78.6058
517507,13.6761,79.4366
517520,13.6511,79.5210
517526,13.5904,79.5716
517536,13.8467,79.6839
517541,13.5925,79.8969
517551,13.5702,79.4985
517561,13.5262,79.4029
517569,13.4311,79.3128
517571,13.4972,79.5266
517581,13.4314,79.6997
517582,13.3784,79.4141
517583,13.4406,79.5379
517584,13.3900,79.5547
517586,13.3003,79.7288
517587,13.3923,79.7289
517588,13.4572,79.9417
517589,13.3605,79.8073
517590,13.3176,79.5941
517591,13.3550,79.6727
517592,13.3540,79.5098
517599,13.2527,79.4029
517619,13.7604,79.5379
517620,13.8649,79.5716
517640,13.7611,79.6895
517641,13.7085,79.6614
517642,13.8038,79.7512
517643,13.5613,79.6951
517644,13.7392,79.7119
517645,13.7150,79.8185
518001,15.8286,78.0509
518002,15.6662,78.0880
518003,15.8166,77.9910
518004,15.8567,77.9853
518005,15.8316,78.0267
518006,15.8379,78.0110
518007,15.7613,78.0609
518010,15.6299,78.2704
518101,15.9778,78.7249
518102,16.1350,78.8496
518112,15.4939,78.3159
518122,15.2271,78.0652
518123,15.0673,78.0880
518124,15.3071,78.2704
518134,15.2658,78.3615
518135,15.2245,78.4525
518145,15.0029,78.3956
518155,15.0949,78.3956
518165,15.1350,78.2818
518166,15.0285,78.2248
518176,15.4333,78.2590
518186,15.2326,78.2761
518196,15.1533,78.1906
518206,15.4805,78.1735
518216,15.5312,77.9396
518217,15.5593,78.0310
518218,15.6720,77.9853
518220,15.2415,77.9053
518221,15.2340,77.7681
518222,15.3796,77.9053
518225,15.5101,77.7681
518301,15.6559,77.2980
518302,15.6289,77.2290
518308,15.5653,77.1255
518313,15.8469,77.2175
518323,15.7385,77.3324
518333,15.8414,77.1255
518343,15.8632,77.4931
518344,15.7493,77.1255
518345,15.9039,77.4013
518346,15.4706,77.0795
518347,15.4894,77.4013
518348,15.3787,77.0795
518349,15.9324,77.2980
518350,15.6301,77.4472
518360,15.7710,77.4931
518380,15.4026,77.4931
518385,15.2621,77.4472
518390,15.2794,77.5505
518395,15.4327,77.2175
518396,15.2542,77.3095
518401,15.8609,78.2704
518405,15.7709,78.3159
518411,15.9668,78.3046
518412,15.9474,78.3728
518422,15.9243,78.5888
518432,15.8206,78.1678
518442,15.8136,78.4638
518452,15.7635,78.1792
518462,15.8303,77.7223
518463,15.6867,77.6307
518464,15.7054,77.7567
518465,15.5893,77.5390
518466,15.8259,77.8482
518467,15.7022,77.9053
518468,15.4129,77.6765
518501,15.4853,78.4809
518502,15.5373,78.7023
518508,15.6956,78.4183
518510,15.2917,78.5263
518511,15.5364,78.4638
518512,15.4962,78.5774
518513,15.6080,78.5093
518523,15.5618,78.5093
518533,15.7221,78.7023
518543,15.1370,78.5434
518553,15.0035,78.6342
518563,15.3378,78.5263
518573,15.3057,78.4638
518583,15.3745,78.6796
518593,15.3749,78.4638
518594,15.2338,78.6342
518598,15.4004,78.0766
518599,15.4708,78.0994
518674,15.3670,78.4240
520001,16.5380,80.6133
520002,16.5099,80.6355
520003,16.5256,80.6285
520004,16.5225,80.6577
520007,16.4853,80.6715
520008,16.5127,80.6646
520010,16.4990,80.6521
520011,16.5231,80.6369
520012,16.5315,80.5966
520013,16.4980,80.6299
520015,16.5421,80.6382
521001,16.1253,81.1086
521002,16.2465,81.2188
521101,16.5094,80.8212
521102,16.5364,80.7713
521104,16.5009,80.7602
521105,16.6796,80.9761
521106,16.5629,80.9761
521107,16.5512,80.7104
521108,16.5185,80.6965
521109,16.6281,80.8655
521110,16.6310,80.9318
521111,16.6991,80.8876
521120,15.8515,80.9650
521121,16.0256,80.9539
521125,16.0880,80.9152
521126,16.1402,80.9097
521130,16.0964,80.9761
521131,16.1216,81.0203
521132,16.1793,80.8710
521133,16.1710,80.9484
521134,16.4738,80.6984
521135,16.2101,80.9097
521136,16.2633,80.9263
521137,16.4751,80.7048
521138,16.2861,80.9152
521139,16.4523,80.7159
521148,16.4036,80.9374
521149,16.2176,81.0865
521150,16.2139,80.9982
521151,16.4365,80.7547
521153,16.4328,80.8046
521156,16.2680,81.0368
521157,16.3052,80.9539
521158,16.3081,81.0203
521162,16.1924,81.0423
521163,16.3442,80.7769
521164,16.4236,80.8599
521165,16.3471,80.8433
521170,16.8180,80.4215
521175,16.9177,80.0647
521178,16.9210,80.1317
521180,16.6993,80.3770
521181,16.7156,80.4771
521182,16.7031,80.2098
521183,16.6951,80.2879
521185,16.8006,80.2990
521190,16.8552,80.2210
521201,16.7804,80.8765
521202,16.7866,80.8184
521207,16.8310,80.9650
521211,16.6830,80.7879
521212,16.6212,80.7104
521213,16.9206,80.8765
521214,17.0142,80.8765
521215,16.8659,80.6993
521225,16.5391,80.5716
521226,16.9462,80.6660
521227,17.0061,80.6993
521228,16.6162,80.5994
521229,16.7197,80.5661
521230,16.7257,80.6993
521235,17.1067,80.5994
521241,16.5908,80.5550
521245,16.3867,80.8156
521246,16.3080,80.8821
521247,16.2478,80.8351
521250,16.2609,80.8710
521256,16.3546,80.8821
521260,16.4627,80.8212
521261,16.4022,80.9042
521263,16.4503,80.9374
521286,16.6018,80.7990
521301,16.4014,81.0203
521311,16.4899,80.9097
521312,16.5062,80.8821
521321,16.5414,81.0203
521322,16.3817,80.9705
521323,16.4434,81.0479
521324,16.3807,81.3619
521325,16.4275,81.0865
521326,16.5227,81.1075
521327,16.5139,81.0589
521328,15.9483,81.0534
521329,16.3855,81.1968
521330,16.3799,81.0644
521331,16.3165,81.0810
521332,16.2918,81.0479
521333,16.5517,81.2629
521340,16.6003,81.3069
521343,16.4686,81.2299
521344,16.4844,81.3289
521345,16.5471,81.1527
521356,16.3519,81.0920
521366,16.2903,81.1527
521369,16.3155,81.1968
521390,16.3678,80.9843
521401,17.0049,80.4215
521402,16.9731,80.2433
521403,16.9979,80.5216
521456,16.6060,80.3770
521457,16.8488,80.0870
522001,16.2893,80.4605
522002,16.3146,80.4410
522003,16.2850,80.4299
522004,16.3068,80.3965
522005,16.3020,80.3547
522006,16.3200,80.4098
522007,16.3194,80.4303
522009,16.3160,80.3297
522015,16.1148,80.3325
522016,16.4782,80.3881
522017,16.2341,80.3993
522018,16.3972,80.3993
522019,16.1846,80.3325
522020,16.5583,80.3547
522034,16.3769,80.4660
522101,15.8771,80.4771
522102,15.8842,80.4410
522111,15.9386,80.5550
522112,16.0490,80.4215
522113,15.9853,80.4271
522124,16.0929,80.4938
522201,16.2512,80.6493
522202,16.2289,80.6715
522211,16.2016,80.5827
522212,16.1582,80.5216
522213,16.2412,80.5550
522233,16.1572,80.2433
522234,16.2017,80.1987
522235,16.0571,80.3436
522236,16.4468,80.4660
522237,16.5401,80.4660
522256,16.0940,80.7824
522257,16.1177,80.7935
522258,16.0237,80.7713
522259,16.0627,80.7325
522261,16.1782,80.7104
522262,15.9371,80.7879
522264,15.8823,80.8655
522265,16.0442,80.8433
522268,15.9985,80.7270
522301,16.2410,80.7421
522302,16.4063,80.5994
522303,16.4325,80.6660
522304,16.2956,80.7325
522305,16.3626,80.6660
522306,16.2871,80.6715
522307,16.3075,80.6049
522308,16.3342,80.6826
522309,16.0365,80.6660
522310,15.9589,80.4883
522311,16.0104,80.5994
522312,16.1221,80.6271
522313,16.1752,80.6438
522314,15.9202,80.6660
522315,16.0297,80.5105
522316,16.1005,80.5327
522317,15.9095,80.4215
522318,16.1556,80.5938
522324,16.1597,80.8212
522325,16.1073,80.6882
522329,15.9658,80.6438
522330,16.3596,80.5994
522341,16.0802,80.5994
522401,16.4164,80.3102
522402,16.5054,80.2210
522403,16.4213,80.1652
522408,16.3128,80.0870
522409,16.6034,80.0758
522410,16.5467,80.1094
522411,16.5869,79.9752
522412,16.4271,80.0423
522413,16.5016,79.8969
522414,16.6347,79.7624
522415,16.5815,79.6278
522421,16.5747,79.4929
522426,16.4747,79.3578
522435,16.5948,79.8969
522436,16.5319,80.2879
522437,16.4850,79.7961
522438,16.3323,80.2544
522439,16.5532,79.3015
522501,16.4762,80.5994
522502,16.4473,80.6049
522503,16.4499,80.5327
522508,16.3850,80.5161
522509,16.3090,80.5105
522510,16.3769,80.5300
522529,16.2746,80.2656
522549,16.2705,80.1763
522601,16.1933,80.0200
522603,16.2853,79.9976
522611,16.1743,80.1094
522612,16.3886,79.4929
522613,16.3109,79.3353
522614,16.4019,79.7624
522615,16.3641,79.9417
522616,16.0833,80.1540
522617,16.1880,79.9081
522619,16.1319,80.1987
522626,16.0348,80.1094
522646,16.1151,79.8409
522647,16.0379,79.6839
522649,16.0222,79.8409
522657,16.1186,79.6727
522658,16.2159,79.7624
522659,15.9771,79.6278
522660,15.9350,79.7176
522661,16.2546,79.8409
522663,16.2558,79.6278
523001,15.4814,80.0591
523002,15.5020,80.0032
523101,15.2655,80.0200
523104,15.2212,80.0647
523105,15.2041,79.9417
523108,15.1331,79.4029
523109,15.2905,79.8073
523110,15.0933,79.5379
523111,15.3285,79.6278
523112,15.1707,79.2226
523113,15.1518,79.8073
523114,15.0644,79.6614
523115,15.0153,79.8521
523116,15.1478,79.7176
523117,15.1857,79.5379
523135,15.6925,80.2433
523155,15.8424,80.3492
523156,15.8273,80.3540
523157,15.8090,80.3826
523165,15.7959,80.3492
523166,15.8398,80.4215
523167,15.8167,80.1652
523168,15.9055,80.3325
523169,15.9732,80.2879
523170,15.8671,80.2544
523171,16.0167,80.2210
523180,15.5967,80.1763
523181,15.7621,80.2433
523182,15.5252,80.1317
523183,15.6633,80.1094
523184,15.7641,80.2879
523185,15.7581,80.1540
523186,15.6663,80.1763
523187,15.7717,80.3269
523190,15.8984,80.1763
523201,15.8528,79.9417
523211,15.6128,80.0200
523212,15.7288,80.0200
523213,15.7551,80.0870
523214,15.8191,80.0926
523223,15.3179,79.4029
523224,15.3114,79.2677
523225,15.5282,79.9417
523226,15.5583,79.8409
523227,15.4203,79.3691
523228,15.4963,79.2677
523230,15.3090,79.4591
523240,15.5599,79.6278
523241,15.6461,79.4929
523245,15.4609,79.4929
523246,15.5491,79.4029
523247,15.7937,79.6727
523252,15.7395,79.7512
523253,15.6125,79.7624
523254,15.3705,79.5379
523260,15.9155,80.0423
523261,15.8590,80.0758
523262,15.5695,80.0870
523263,15.6783,79.9305
523264,15.7094,79.8521
523265,15.8001,79.8073
523270,15.4273,79.7624
523271,15.3499,79.8409
523272,15.4375,79.9864
523273,15.4164,79.9025
523274,15.3349,80.0200
523279,15.3540,79.9305
523280,15.3796,80.1149
523281,15.0524,79.9081
523286,15.4798,80.1540
523291,15.0343,80.0200
523292,15.1619,80.0311
523301,15.9873,80.0870
523302,16.0982,79.9752
523303,15.9921,79.9417
523304,15.8358,79.5828
523305,15.8292,79.4479
523315,15.7321,79.3578
523316,15.7222,79.2733
523320,15.8203,79.2677
523326,15.9705,79.4929
523327,16.0985,79.2677
523328,16.2004,79.4479
523329,15.7672,79.1323
523330,15.9175,79.3578
523331,16.0140,78.9741
523332,15.6792,79.2226
523333,15.7164,79.0419
523334,15.4995,79.0984
523335,15.6633,78.9062
523336,15.6117,79.0306
523346,15.3972,79.1323
523356,15.3795,79.0080
523357,15.4761,78.8609
523367,15.2649,78.7930
523368,15.4730,79.0306
523369,15.2899,78.9458
523370,15.5722,79.1661
523371,15.6472,79.2789
523372,15.6586,78.8156
523373,15.2542,79.0419
524001,14.4534,79.9836
524002,14.4386,80.1094
524003,14.4109,79.9976
524004,14.4521,79.8857
524005,14.4723,79.9878
524101,14.1285,79.8409
524121,13.6876,79.9864
524123,13.7828,80.0758
524124,13.6966,80.2098
524126,13.8690,79.9417
524127,13.9185,80.0311
524129,13.8295,79.8185
524131,14.0429,79.7176
524132,13.9016,79.6278
524134,14.0791,79.4929
524137,14.5118,80.0147
524142,14.7904,79.9864
524152,14.7352,80.0423
524201,14.9581,79.8633
524203,14.9429,80.0423
524221,14.9528,79.4929
524222,14.8564,79.4029
524223,14.8788,79.8969
524224,14.8688,79.6727
524225,14.7826,79.8073
524226,14.8940,79.2226
524227,14.9947,79.4029
524228,14.8165,79.5379
524230,14.8062,79.3128
524234,14.7325,79.7176
524236,15.0366,79.3128
524239,15.0072,79.6727
524240,14.6924,79.8521
524301,14.5431,79.3466
524302,14.6200,79.2677
524303,14.5963,79.5041
524304,14.7174,79.6390
524305,14.5221,79.9081
524306,14.5642,79.8185
524307,14.6763,79.4929
524308,14.6423,79.7624
524309,14.5023,79.7176
524310,15.0280,79.1323
524311,14.3926,80.1094
524312,14.7141,79.3128
524313,14.5316,80.1317
524314,14.4837,80.0870
524315,14.6901,80.0647
524316,14.5160,80.0271
524317,14.6142,79.9081
524318,14.6007,80.1317
524320,14.3601,79.8857
524321,14.2719,79.9752
524322,14.6003,79.5941
524323,14.2398,80.0311
524341,14.4963,79.5828
524342,14.4163,79.5941
524343,14.4902,79.4479
524344,14.2776,80.1094
524345,14.4122,79.7624
524346,14.3658,80.0200
524366,14.5420,79.9696
524401,13.5557,80.1205
524402,14.0028,79.8521
524403,13.8781,80.1652
524404,13.9932,79.6278
524405,14.2782,79.8521
524406,14.1485,79.7736
524407,14.2236,79.7146
524408,14.2029,79.5353
524409,14.3183,79.7176
524410,14.0634,79.9305
524411,14.0708,80.1094
524412,14.1479,80.0311
524413,14.0203,79.9976
524414,14.3065,79.4479
524415,13.9781,80.0870
524421,13.9202,79.7961
530001,17.6998,83.2961
530002,17.7121,83.3121
530003,17.7243,83.3228
530004,17.7230,83.2854
530005,17.6657,83.2452
530007,17.7489,83.2667
530008,17.7344,83.2747
530009,17.7242,83.2345
530011,17.6921,83.2426
530012,17.6991,83.1917
530013,17.7416,83.3121
530014,17.6785,83.2774
530015,17.6972,83.2212
530016,17.7294,83.3014
530017,17.7366,83.3389
530018,17.7439,83.2519
530020,17.7161,83.3001
530022,17.7478,83.3228
530024,17.7469,83.2961
530026,17.6851,83.2104
530027,17.7466,83.2024
530028,17.7717,83.2452
530029,17.7618,83.2158
530031,17.6103,83.1756
530032,17.6566,83.1542
530035,17.7066,83.2787
530040,17.7614,83.2881
530041,17.8078,83.3549
530043,17.7544,83.3442
530044,17.6581,83.1971
530045,17.7878,83.3736
530046,17.6905,83.1649
530047,17.7812,83.1810
530048,17.8296,83.3896
530049,17.7199,83.1727
530051,17.7911,83.2104
530052,17.8989,83.3469
531001,17.6749,83.0039
531002,17.5530,83.0522
531011,17.5572,83.0039
531019,17.6954,83.0845
531020,17.5610,83.1113
531021,17.6301,83.0684
531022,17.9348,83.0254
531023,17.7858,82.9770
531024,18.0732,82.6267
531025,17.8409,82.7131
531026,17.7401,82.8533
531027,17.9335,82.6699
531028,17.9415,82.8856
531029,18.0455,82.5186
531030,18.0326,82.7994
531031,17.6589,82.8856
531032,17.7456,83.0039
531033,17.6035,82.9824
531034,17.8535,83.0576
531035,17.7722,83.0898
531036,17.8139,82.9394
531040,18.3284,82.5186
531055,17.5761,82.8748
531060,17.4562,82.8102
531061,17.4836,82.9179
531075,17.8846,82.9394
531077,18.1367,82.7455
531081,17.3817,82.7023
531082,17.4830,82.7401
531083,17.4758,82.7023
531084,17.6655,82.4319
531085,17.5083,82.6267
531087,17.7459,82.0843
531105,17.9585,82.1061
531111,17.9690,82.3669
531113,17.6177,82.7239
531114,17.7346,82.7023
531115,17.5471,82.4103
531116,17.7873,82.5402
531117,17.5910,82.6375
531126,17.4020,82.6159
531127,17.3072,82.5943
531133,17.8696,82.2366
531149,18.2779,83.0576
531151,18.2668,82.7563
531162,17.9726,83.4323
531163,17.9011,83.4110
531173,17.8610,83.2720
531219,17.9925,83.3255
532001,18.2891,83.9056
532005,18.2763,83.8738
532122,18.5694,83.6242
532123,18.4554,83.7518
532127,18.4755,83.6455
532148,18.3932,83.6561
532168,18.3974,83.7836
532185,18.4123,83.8791
532190,18.5082,83.9215
532195,18.5155,84.1541
532201,18.6338,84.1541
532203,18.5998,84.2241
532211,18.5424,84.2595
532212,18.6086,84.2963
532213,18.7495,84.0696
532214,18.7008,84.0273
532215,18.6824,84.1963
532216,18.7547,84.2384
532218,18.6869,84.3437
532219,18.7563,84.4855
532220,18.7355,84.3857
532221,18.8072,84.4068
532222,18.7137,84.4488
532242,18.9281,84.4908
532243,18.8340,84.5117
532263,18.9014,84.5903
532264,18.9057,84.5327
532284,18.9363,84.5694
532290,18.9971,84.6217
532291,19.0010,84.5537
532292,18.9561,84.6374
532312,19.1001,84.7002
532322,19.0290,84.7002
532401,18.2725,83.9427
532402,18.3394,83.8155
532403,18.2199,83.7730
532404,18.2745,84.0062
532405,18.3225,84.0273
532406,18.3251,84.1118
532407,18.1598,83.7412
532408,18.2233,83.8791
532409,18.1570,83.6561
532410,18.2685,83.8155
532421,18.4055,84.0379
532425,18.4386,83.9638
532426,18.6008,84.0432
532427,18.5109,84.0062
532428,18.6407,83.9956
532429,18.3717,84.0907
532430,18.4446,84.1541
532432,18.5129,84.0696
532440,18.5378,83.7412
532443,18.6811,83.7836
532445,18.5291,83.8367
532455,18.8244,83.8261
532456,18.9535,83.7943
532457,18.7698,83.9638
532458,18.6035,83.9427
532459,18.6853,83.9109
532460,18.7241,83.6561
532461,18.6388,83.5816
532462,18.6002,83.6614
532474,18.4717,84.0749
532484,18.3657,83.9003
533001,16.9482,82.2529
533002,16.9383,82.2230
533003,16.9717,82.2529
533004,16.9663,82.2271
533005,17.0368,82.2692
533006,16.9445,82.1550
533016,16.8936,82.2040
533101,16.9937,81.7678
533102,17.0658,81.8115
533103,17.0049,81.7910
533104,17.0336,81.7404
533105,17.0236,81.7842
533106,17.0132,81.8170
533107,16.9729,81.8334
533124,16.9438,81.8388
533125,16.9243,81.7896
533126,16.9035,81.8552
533201,16.5765,82.0244
533210,16.4405,81.9862
533211,16.6592,82.0462
533212,16.5649,82.1822
533213,16.5140,82.0734
533214,16.5961,81.9262
533215,16.5280,81.9808
533216,16.6561,82.1170
533217,16.4829,82.0244
533218,16.5379,82.0107
533220,16.6489,82.2366
533221,16.5865,81.9808
533222,16.5673,82.0897
533223,16.7122,81.9044
533228,16.6979,81.9862
533229,16.6936,81.8771
533232,16.8124,81.9207
533233,16.8042,81.8607
533234,16.8566,81.8552
533235,16.8531,81.7678
533236,16.7838,81.7896
533237,16.7911,81.8279
533238,16.7387,81.8334
533239,16.6316,81.9371
533240,16.5766,81.8771
533241,16.6454,81.9917
533242,16.4762,81.8498
533244,16.4129,81.8771
533247,16.4969,81.9317
533248,16.4441,81.9262
533249,16.5064,81.8771
533250,16.3870,81.8115
533251,16.4130,81.7295
533252,16.3619,81.7678
533253,16.4394,81.8060
533254,16.4056,81.8388
533255,16.8401,82.0298
533260,16.8721,82.1006
533261,16.8561,81.9917
533262,16.7957,82.0952
533263,16.7255,82.0952
533264,16.8787,81.9698
533274,16.6919,81.8334
533284,17.3873,81.9317
533285,17.3029,81.8771
533286,17.2525,81.7896
533287,17.1785,81.7021
533288,17.4777,81.8443
533289,17.1604,81.8334
533290,17.1990,81.7732
533291,17.0736,82.0080
533292,17.1144,81.8552
533293,17.0874,81.7678
533294,17.0701,81.9207
533295,17.6338,81.6473
533296,16.9981,81.8771
533297,17.1431,81.9862
533305,16.7455,82.0080
533306,16.7177,82.0462
533307,16.7907,81.9644
533308,16.8592,81.9207
533309,16.7369,81.9371
533339,17.3418,81.6802
533340,16.9009,81.9371
533341,16.9538,81.9426
533342,16.9382,81.9917
533343,17.0041,82.0298
533344,16.9355,82.0734
533345,16.9338,82.0298
533346,16.8917,82.0026
533401,17.3154,82.4969
533406,17.3105,82.3669
533407,17.4434,82.4644
533408,17.2311,82.4428
533428,17.4395,82.0625
533429,17.2656,82.1170
533430,17.2585,82.2366
533431,17.1977,82.1822
533432,17.2447,82.1822
533433,17.1204,82.1550
533434,17.0075,82.1170
533435,17.2482,81.9753
533436,17.4707,82.2583
533437,17.0657,82.1061
533440,17.0569,82.1822
533444,17.2327,82.3289
533445,17.1776,82.2692
533446,17.3436,82.3126
533447,17.1582,82.3777
533448,17.1044,82.3506
533449,17.2027,82.3126
533450,17.1064,82.2475
533461,16.8363,82.2366
533462,16.8976,82.1550
533463,16.7547,82.2475
533464,16.7409,82.1931
533468,16.8443,82.1387
533483,17.6240,81.9753
533577,16.6328,82.0434
534001,16.6943,81.1113
534002,16.6611,81.0865
534003,16.7353,81.0479
534004,16.6415,81.1748
534005,16.7270,81.1251
534006,16.7129,81.0699
534007,16.6871,81.0147
534101,16.8485,81.5103
534102,16.8068,81.5624
534111,16.9810,81.4609
534112,16.8968,81.4059
534122,16.6182,81.7459
534123,16.6208,81.8115
534124,16.6676,81.6638
534126,16.6390,81.6802
534134,16.6766,81.5980
534145,16.8919,81.5706
534146,16.8226,81.5925
534156,16.7776,81.6364
534165,16.7657,81.4883
534166,16.7796,81.5432
534176,17.0209,81.4334
534186,16.6562,81.5267
534195,16.7443,81.3949
534196,16.7436,81.5212
534197,16.7047,81.5706
534198,16.7002,81.4609
534199,16.6067,81.4609
534201,16.5202,81.4883
534202,16.5659,81.5350
534204,16.5412,81.5020
534206,16.5609,81.4828
534207,16.4774,81.5871
534208,16.4916,81.5048
534209,16.6051,81.5651
534210,16.5813,81.5542
534211,16.7512,81.7076
534215,16.6633,81.7760
534216,16.8262,81.6802
534217,16.6810,81.7076
534218,16.7612,81.6638
534222,16.7148,81.6747
534225,16.7018,81.6419
534227,16.8097,81.7076
534230,16.6181,81.5980
534235,16.6610,81.3619
534236,16.5040,81.3784
534237,16.5348,81.4169
534238,16.6199,81.6419
534239,16.4440,81.4828
534240,16.5965,81.6419
534243,16.5242,81.5871
534244,16.5467,81.5651
534245,16.5203,81.6364
534247,16.5615,81.6419
534250,16.5281,81.6857
534260,16.5069,81.7404
534265,16.5528,81.7185
534266,16.5281,81.8334
534267,16.5429,81.7623
534268,16.4974,81.7951
534269,16.5810,81.8388
534275,16.4520,81.6802
534280,16.3576,81.6583
534281,16.4009,81.5706
534301,16.9190,81.6583
534302,16.8973,81.7021
534305,16.9388,81.5706
534311,17.1956,81.4114
534312,17.1310,81.4059
534313,17.0090,81.5706
534315,17.3447,81.4718
534316,17.1365,81.5377
534318,17.1947,81.5267
534320,16.6650,81.7459
534324,16.6494,81.7951
534326,16.6845,81.7951
534327,16.5775,81.7514
534328,16.7287,81.7295
534329,16.8514,81.7240
534330,16.7127,81.7678
534331,16.7755,81.7295
534338,16.5870,81.6966
534340,17.0890,81.6638
534341,17.1280,81.6145
534342,16.9883,81.6364
534350,16.9919,81.7240
534401,16.7883,81.3289
534406,16.7920,81.4169
534411,16.8397,81.4389
534416,16.8187,81.3564
534425,16.8556,81.2629
534426,16.9492,81.2629
534427,16.7153,81.2629
534432,16.7887,81.2023
534437,16.6012,81.0534
534442,16.7359,81.1968
534447,17.1253,81.2739
534448,17.2678,81.3179
534449,16.9932,81.1968
534450,16.7798,81.1306
534451,17.0438,81.2849
534452,16.9201,81.1306
534456,17.1683,81.1858
534460,17.1117,80.9650
534461,16.9855,81.0203
534462,16.9265,81.0092
534467,17.0727,81.1417
534475,16.8247,81.0865
535001,18.1161,83.4030
535002,18.1202,83.4377
535003,18.1591,83.3683
535004,18.0822,83.3629
535005,18.0662,83.4110
535006,18.0684,83.4750
535101,18.3051,83.4964
535102,18.3989,83.4750
535124,18.4927,83.4537
535125,18.2622,83.6242
535126,18.4956,83.5390
535128,18.3073,83.5603
535145,18.1348,83.0147
535148,18.1060,83.1971
535160,18.1703,83.1810
535161,17.9979,83.1435
535183,17.9166,83.1756
535204,18.0955,83.5816
535213,18.0483,83.5816
535214,18.0572,83.3201
535215,18.1333,83.3041
535216,17.9997,83.5390
535217,18.1985,83.4857
535218,18.1656,83.5603
535220,18.2572,83.4750
535221,18.1790,83.2613
535240,17.9888,83.2185
535250,18.0375,83.2613
535260,18.2284,83.3255
535270,18.3000,83.3469
535273,18.2970,83.2613
535280,18.2085,83.4323
535281,17.9949,83.0576
535463,18.7183,83.4857
535501,18.7763,83.4537
535521,18.9060,83.4430
535522,18.7977,83.3896
535523,19.0080,83.6561
535524,19.0051,83.5710
535525,18.7793,83.5390
535526,18.8044,83.5816
535527,18.7474,83.3041
535534,18.8797,83.7093
535546,18.6795,83.3896
535547,18.6635,83.2720
535557,18.5779,83.5283
535558,18.6307,83.3469
535568,18.5635,83.4537
535573,18.5613,83.3896
535578,18.4897,83.3683
535579,18.4745,83.2720
535580,18.3701,83.3255
535581,18.3907,83.2399
535591,18.5659,83.1863
535592,18.4683,83.1005
535593,18.6573,83.1005
535594,18.8065,83.6455
560001,12.9766,77.5993
560002,12.9635,77.5821
560003,13.0019,77.5713
560004,12.9438,77.5738
560005,12.9980,77.6227
560006,13.0138,77.5877
560007,12.9579,77.6309
560008,12.9820,77.6256
560009,12.9770,77.5773
560010,12.9850,77.5533
560011,12.9337,77.5900
560012,13.0140,77.5658
560013,13.0503,77.5529
560014,13.0734,77.5464
560015,13.0626,77.5284
560016,13.0166,77.6804
560017,12.9551,77.6593
560018,12.9570,77.5637
560019,12.9473,77.5616
560020,12.9889,77.5741
560021,12.9925,77.5633
560022,13.0289,77.5400
560023,12.9757,77.5586
560024,13.0487,77.5923
560025,12.9662,77.6068
560026,12.9565,77.5484
560027,12.9561,77.5921
560029,12.9343,77.6044
560030,12.9442,77.6076
560032,13.0298,77.6047
560033,12.9983,77.6409
560034,12.9261,77.6221
560035,12.9048,77.6821
560036,13.0084,77.6960
560037,12.9566,77.7047
560038,12.9783,77.6408
560039,12.9446,77.5253
560040,12.9680,77.5305
560041,12.9217,77.5936
560042,12.9828,77.6131
560043,13.0206,77.6479
560045,13.0262,77.6200
560046,13.0012,77.5995
560047,12.9537,77.6176
560048,12.9854,77.7081
560049,13.0223,77.7132
560050,12.9353,77.5585
560051,12.9883,77.5987
560053,12.9693,77.5731
560054,13.0347,77.5572
560055,13.0078,77.5577
560056,12.9515,77.4921
560057,13.0429,77.5131
560058,13.0281,77.5121
560059,12.9251,77.4992
560060,12.9105,77.4842
560061,12.9037,77.5376
560062,12.8834,77.5486
560063,13.1291,77.6142
560064,13.1020,77.5864
560065,13.0936,77.5779
560066,12.9698,77.7500
560067,12.9967,77.7582
560068,12.8893,77.6399
560070,12.9149,77.5635
560071,12.9533,77.6408
560072,12.9719,77.5128
560073,13.0496,77.4941
560074,12.8824,77.4418
560075,12.9706,77.6529
560076,12.8845,77.6036
560077,13.0640,77.6504
560078,12.8988,77.5764
560079,12.9890,77.5332
560080,13.0103,77.5796
560081,12.9231,77.6096
560082,12.7930,77.5052
560083,12.8267,77.5549
560084,13.0146,77.6271
560085,12.9306,77.5434
560086,13.0067,77.5450
560087,12.9215,77.7343
560088,13.1386,77.4785
560089,13.1636,77.4472
560090,13.0796,77.4970
560091,12.9866,77.4904
560092,13.0641,77.5931
560093,12.9859,77.6713
560094,13.0393,77.5740
560095,12.9369,77.6407
560096,13.0158,77.5390
560097,13.0809,77.5565
560098,12.9155,77.5135
560099,12.8124,77.6940
560100,12.8498,77.6545
560102,12.9119,77.6446
560103,12.9299,77.6848
560104,12.9621,77.5376
560105,12.7775,77.6422
560107,13.0897,77.4862
560108,12.8566,77.5556
560109,12.8652,77.5240
560110,12.9499,77.4800
560300,13.2039,77.6937
561101,13.1368,77.1370
561201,12.8596,77.2643
561202,14.1030,77.2868
561203,13.3017,77.4931
561204,13.3424,77.4013
561205,13.3181,77.5963
561206,13.6120,77.5734
561207,13.8437,77.8825
561208,13.6146,77.4013
561209,13.6763,77.7223
561210,13.5369,77.4358
561211,13.5354,77.6307
561212,13.7201,77.9167
561213,13.5177,77.5046
561228,13.7053,77.6192
562101,13.4514,77.7681
562102,13.3196,77.8596
562103,13.3907,77.6880
562104,13.5877,77.7681
562105,13.4126,77.9053
562106,12.7227,77.6765
562107,12.7592,77.7338
562108,12.7413,77.1255
562109,12.7547,77.4013
562110,13.2892,77.6994
562111,13.2557,77.2520
562112,12.6861,77.5261
562114,13.0477,77.8596
562117,12.5316,77.4472
562119,12.3774,77.5161
562120,12.8788,77.1715
562121,12.6260,77.5390
562122,13.1976,77.9167
562123,13.1138,77.3554
562125,12.8614,77.7866
562126,12.3924,77.3554
562127,13.0854,77.2405
562128,12.7847,77.3210
562129,13.1792,77.7681
562130,12.9460,77.3899
562131,13.0571,77.1255
562132,13.2043,77.3554
562135,13.1944,77.8482
562138,12.5679,77.2635
562149,13.1195,77.6786
562157,13.1726,77.6307
562159,12.7909,77.2175
562160,12.6535,77.1715
562161,12.7174,77.2118
562162,13.0308,77.4069
562163,13.2304,77.5492
563101,13.1156,78.0994
563102,13.1825,78.0766
563103,13.1101,78.2248
563113,12.8985,78.3046
563114,12.9699,78.1336
563115,12.9919,78.2419
563116,13.0148,78.3728
563117,13.0487,78.1222
563118,12.9843,78.2619
563119,12.9018,78.2533
563120,12.9406,78.2362
563121,12.9685,78.3501
563122,12.9511,78.2789
563123,13.6055,78.1336
563124,13.7377,78.0424
563125,13.4647,78.0424
563126,13.2419,78.1336
563127,13.1467,78.2818
563128,13.2808,77.9967
563129,12.8362,78.1792
563130,13.0175,77.9396
563131,13.2071,78.3615
563132,13.2133,78.4979
563133,13.1113,78.0081
563134,13.5231,78.3159
563135,13.3370,78.2248
563136,13.0632,78.4411
563137,12.9657,78.0424
563138,13.3412,78.3159
563139,12.8731,77.9967
563146,13.4809,78.1450
563159,13.5534,77.9967
563160,12.9593,77.9053
563161,13.5297,78.2134
563162,13.0302,78.2134
570001,12.3219,76.6499
570002,12.3319,76.6268
570003,12.3696,76.6528
570004,12.2995,76.6499
570005,12.3045,76.6384
570006,12.3148,76.6211
570007,12.3339,76.6673
570008,12.2200,76.5719
570009,12.3033,76.6153
570010,12.2313,76.8029
570011,12.3065,76.6788
570012,12.3244,76.6167
570014,12.2945,76.6341
570015,12.3387,76.6499
570016,12.3508,76.6124
570017,12.3308,76.6037
570018,12.3405,76.5748
570019,12.3330,76.7048
570020,12.3381,76.6384
570022,12.2921,76.6153
570023,12.2724,76.6124
570025,12.2818,76.6600
570026,12.2754,76.5604
570027,12.3585,76.5979
570028,12.3028,76.7740
570029,12.3129,76.6961
570030,12.3142,76.6070
570031,12.2617,76.6368
571101,12.3703,76.8952
571102,12.4628,76.0624
571103,12.3050,76.4794
571104,12.4249,75.9812
571105,12.2462,76.2016
571107,12.3732,76.0624
571108,12.3804,76.2016
571109,11.9585,76.7106
571110,12.2453,76.8606
571111,11.8224,76.6644
571114,12.0252,76.2479
571115,12.0270,76.9758
571116,11.9277,76.3058
571117,11.9781,77.1255
571118,12.0574,76.6759
571119,12.0970,76.8029
571120,12.2829,76.9413
571121,11.8770,76.4100
571122,12.1870,77.0449
571123,11.7843,76.8029
571124,12.1815,76.9297
571125,12.1237,76.4332
571126,11.6843,76.5719
571127,11.8418,77.0795
571128,11.9182,76.8029
571129,12.1524,76.7914
571130,12.3969,76.5257
571134,12.3734,76.2827
571187,12.5393,76.0276
571189,12.2085,76.3406
571201,12.4431,75.6906
571211,12.2388,75.8418
571212,12.1751,75.6906
571213,12.1872,75.9231
571214,12.3065,75.6441
571215,12.2790,75.9695
571216,12.1027,76.0160
571217,12.0217,75.9579
571218,12.1354,75.7837
571219,12.1521,76.1088
571231,12.8022,75.9115
571232,12.5450,75.9231
571234,12.4200,75.8883
571235,12.6795,75.9231
571236,12.6296,75.8302
571237,12.4505,75.8302
571247,12.3647,75.4811
571248,12.3716,75.8185
571249,12.0510,75.8766
571250,11.9689,76.0160
571251,12.5375,75.7837
571252,12.3115,75.7371
571253,12.3318,75.9115
571254,12.2038,76.0276
571301,12.1162,76.6788
571302,12.1479,76.6990
571311,12.2151,76.6990
571312,12.0406,76.7914
571313,11.9343,76.9067
571314,12.0730,76.5373
571315,11.9496,76.5257
571316,12.0461,76.9067
571342,11.9173,77.0219
571401,12.5222,76.9009
571402,12.5595,76.8606
571403,12.5008,76.9240
571404,12.5427,76.9758
571405,12.6010,76.7914
571415,12.4000,76.8144
571416,12.6802,76.8029
571417,12.2575,77.1140
571418,12.9801,76.7221
571419,12.6563,76.9989
571421,12.4308,77.2175
571422,12.4691,77.0795
571423,12.7513,76.4332
571424,12.3855,76.9758
571425,12.7322,76.9413
571426,12.6662,76.5257
571427,12.4357,76.6297
571428,12.5674,77.0219
571429,12.6538,77.0622
571430,12.3366,77.1255
571431,12.6733,76.6644
571432,12.8580,76.7567
571433,12.5933,77.0910
571434,12.5408,76.7106
571435,12.4658,76.6701
571436,12.7585,76.5719
571438,12.4215,76.6817
571439,12.0782,77.3554
571440,12.0697,77.1715
571441,12.0526,77.0449
571442,12.1411,77.0219
571443,12.1636,77.2635
571444,12.1080,77.5161
571445,12.8176,76.8490
571446,12.6292,76.9067
571448,12.9493,76.6701
571450,12.6090,76.9528
571455,12.4889,76.5719
571457,11.8502,77.2635
571463,12.2873,77.0334
571475,12.4157,77.1370
571476,12.7261,77.0449
571477,12.3731,76.7221
571478,12.4542,76.8894
571490,11.9863,77.5505
571601,12.5787,76.3522
571602,12.4453,76.3753
571603,12.5279,76.3464
571604,12.5621,76.2479
571605,12.6035,76.3985
571606,12.3839,76.6008
571607,12.4163,76.5777
571610,12.3769,76.3522
571617,12.4724,76.2479
571802,12.8852,76.6297
571807,12.4415,76.7452
571811,13.0311,76.7279
571812,12.5421,76.5141
572101,13.3466,77.0939
572102,13.3249,77.1111
572103,13.3314,77.1284
572104,13.2974,77.1830
572105,13.3237,77.0881
572106,13.4309,77.1370
572107,13.3690,77.0334
572111,12.8673,76.9413
572112,13.6887,77.0795
572113,13.9110,76.9873
572114,13.3019,76.6182
572115,13.6715,76.7567
572116,14.0980,77.0795
572117,13.5190,76.8721
572118,13.2451,77.0449
572119,13.4753,76.4794
572120,13.0976,77.0334
572121,13.5645,77.3095
572122,13.2379,77.1255
572123,12.8292,77.0795
572124,13.7917,77.3095
572125,13.6253,76.9528
572126,12.9193,77.0795
572127,13.7510,77.4013
572128,13.5956,77.0334
572129,13.4714,77.2635
572130,13.0073,77.0334
572132,13.6936,77.1715
572133,13.8323,77.2175
572134,13.0561,76.8836
572135,13.9060,76.8952
572136,14.2015,77.3095
572137,13.7243,76.8952
572138,13.5073,77.0795
572139,13.8101,76.8029
572140,13.3355,77.2635
572141,14.2397,77.1715
572142,12.9670,76.9067
572175,13.6553,77.3095
572201,13.2518,76.5257
572211,13.2974,76.7452
572212,13.2116,76.6182
572213,13.1250,76.9067
572214,13.3973,76.7106
572215,13.2045,76.6990
572216,13.3308,76.9528
572217,13.3347,76.3869
572218,13.5658,76.4794
572219,13.2261,76.8952
572220,13.1428,76.8144
572221,13.0834,76.7567
572222,13.4903,76.7567
572223,13.3260,76.8606
572224,13.1189,76.5719
572225,13.2546,76.7914
572226,13.3422,76.5257
572227,13.1237,76.6644
572228,13.5281,76.6182
573101,13.0760,75.7837
573102,12.7411,76.0276
573103,13.3271,76.2479
573111,13.0615,76.3406
573112,13.4016,76.1668
573113,12.6127,76.1436
573115,13.1686,75.8302
573116,12.9313,76.4332
573117,13.4809,76.3753
573118,13.0884,76.2131
573119,13.1967,76.3406
573120,12.8347,76.0972
573121,13.2334,75.9812
573122,13.2343,76.2016
573123,12.7591,75.7371
573124,12.9504,76.5835
573125,13.2836,76.0740
573126,13.4225,76.3406
573127,12.9543,75.8185
573128,12.8996,76.0508
573129,12.8484,75.9347
573130,12.6396,76.0160
573131,13.0238,76.4794
573133,12.6327,76.0972
573134,12.8937,75.7371
573135,12.8330,76.4910
573136,12.6151,76.1900
573137,12.7641,75.8302
573141,13.0393,76.5604
573142,12.6987,76.0740
573144,13.4758,76.2827
573150,12.5654,76.0972
573162,13.1347,76.2363
573164,13.1172,76.3290
573165,12.9334,75.6441
573201,13.0186,76.0950
573202,13.0188,76.1233
573210,12.6648,76.2827
573211,12.7865,76.2479
573212,12.9623,76.1229
573213,13.0070,75.9579
573214,12.9370,75.9115
573215,13.0812,75.8766
573216,13.1314,75.9695
573217,13.0333,76.0276
573218,12.9408,75.9812
573219,13.1390,76.1088
573220,13.0090,76.2016
573225,12.9239,76.2943
574101,13.3027,75.0378
574102,13.2837,74.9092
574103,13.1163,74.7834
574104,13.2160,74.9969
574105,13.2678,74.7396
574106,13.2244,74.7630
574107,13.1735,75.1312
574108,13.3778,74.9793
574109,13.1207,75.1896
574110,13.1967,74.9559
574111,13.1435,74.8156
574112,13.1230,74.8010
574113,13.1845,74.8449
574114,13.1718,75.0085
574115,13.2602,74.7981
574116,13.2122,74.8390
574117,13.1914,74.7747
574118,13.3029,74.7630
574119,13.1690,74.7747
574122,13.2500,75.0962
574129,13.1518,74.9559
574141,13.0849,74.8683
574142,12.9684,74.8858
574143,12.8783,74.9735
574144,12.9935,74.9326
574145,12.9323,74.9384
574146,13.0478,74.8098
574148,13.0434,74.8770
574150,13.0611,74.8449
574151,12.9652,74.9267
574153,12.8112,74.9735
574154,13.0986,74.8156
574197,13.0438,75.0261
574198,12.9230,75.4578
574199,12.8368,74.9326
574201,12.7456,75.1954
574202,12.7450,75.2829
574203,12.7799,75.2071
574210,12.6989,75.2596
574211,12.9332,75.0494
574212,12.6607,75.3762
574213,13.1336,75.0261
574214,13.0945,75.3179
574216,12.9533,75.3995
574217,13.0099,75.2129
574218,12.5697,75.5510
574219,12.9291,74.9793
574220,12.7831,75.1662
574221,12.7910,75.5044
574222,12.8225,75.0728
574223,12.6555,75.2829
574224,12.9479,75.2071
574225,13.0213,74.9764
574226,13.1070,74.9559
574227,13.0607,74.9326
574228,13.0576,75.4578
574229,12.8214,75.4461
574230,12.7962,75.5975
574231,12.8587,75.0202
574232,12.6566,75.5044
574233,12.9189,75.1896
574234,12.4381,75.5975
574235,12.7271,75.0670
574236,13.0763,75.1020
574237,13.0017,75.0728
574238,12.7066,75.5975
574239,12.5476,75.3529
574240,12.9269,75.3296
574241,12.8254,75.3179
574242,13.0269,75.1195
574243,12.7581,75.1195
574244,13.2427,74.8800
574248,12.5962,75.4228
574253,12.8305,75.1137
574259,12.6502,75.1896
574260,12.6923,75.1429
574265,12.9162,75.1429
574267,13.0029,74.9969
574279,12.7363,75.0319
574285,12.7713,75.3529
574313,12.6081,75.2362
574314,12.5080,75.4461
574323,12.7975,75.0261
574324,12.9649,75.1137
574325,12.8292,75.1896
574326,12.8767,75.2362
574327,12.5507,75.3835
574328,12.7292,75.3995
574509,13.0191,74.8916
575001,12.8563,74.8361
575002,12.8498,74.8683
575003,12.8843,74.8361
575004,12.8853,74.8536
575005,12.8821,74.8697
575006,12.9011,74.8361
575007,12.8624,74.8916
575008,12.9021,74.8536
575010,12.9283,74.8244
575011,12.9589,74.8215
575013,12.9149,74.8332
575014,12.9918,74.8098
575015,12.9274,74.8566
575016,12.8916,74.8653
575017,12.8281,74.8800
575018,12.7894,74.9355
575019,12.9717,74.8010
575020,12.8178,74.8478
575022,12.7946,74.8800
575023,12.7610,74.8800
575025,13.0270,74.7893
575028,12.9190,74.9033
575029,12.8868,74.9267
575030,13.0051,74.8449
576101,13.3240,74.7396
576102,13.3636,74.7454
576103,13.3423,74.7191
576104,13.3493,74.7864
576105,13.3935,74.7747
576106,13.3779,74.7044
576107,13.3469,74.8390
576108,13.3529,74.7074
576111,13.1754,74.8800
576112,13.4376,75.0378
576113,13.3206,74.8683
576114,13.3839,74.7322
576115,13.4011,74.7161
576117,13.2655,74.9793
576120,13.2795,74.8390
576122,13.2805,74.7630
576124,13.3736,74.9092
576201,13.6245,74.6927
576210,13.5224,74.7688
576211,13.6124,74.7688
576212,13.5578,74.9793
576213,13.4324,74.7688
576214,13.8677,74.7103
576215,13.4186,74.9092
576216,13.6594,74.6664
576217,13.6046,74.6898
576218,13.4483,74.7074
576219,13.8092,74.6752
576220,13.8210,74.8624
576221,13.5233,74.6927
576222,13.5741,74.7864
576223,13.5042,74.8390
576224,13.7416,74.6752
576225,13.5030,74.7279
576226,13.4790,74.7044
576227,13.6000,74.9326
576228,13.9580,74.7103
576229,13.6661,74.9092
576230,13.6717,74.7279
576231,13.5420,74.7220
576232,13.8347,74.6342
576233,13.7384,74.8039
576234,13.4846,74.8858
576235,13.7033,74.6927
576247,13.6905,74.6693
576257,13.5570,74.6927
576282,13.7366,74.9559
576283,13.6768,74.8098
577001,14.4707,75.9405
577002,14.4560,75.9318
577003,14.4334,75.9812
577004,14.4491,75.8650
577005,14.4382,75.9202
577006,13.9637,75.8127
577101,13.3568,75.7720
577102,13.2932,75.8418
577111,13.2058,75.6906
577112,13.3381,75.4461
577113,13.0629,75.5510
577114,13.3101,75.3529
577115,13.7417,75.5975
577116,13.6410,76.0044
577117,13.2988,75.7924
577118,13.5104,75.5044
577120,13.5058,75.2362
577121,13.2255,75.4461
577122,13.1608,75.4927
577123,13.4148,75.4112
577124,13.1844,75.3179
577125,13.6171,75.2129
577126,13.5022,75.3645
577127,13.5620,75.4228
577128,13.6946,75.6615
577129,13.5745,75.8302
577130,13.3741,75.6790
577131,13.5637,75.6441
577132,13.1132,75.6441
577133,13.2429,75.7488
577134,13.6458,75.5044
577135,13.4550,75.9115
577136,13.3779,75.5510
577137,13.4391,75.8302
577138,13.5052,76.2016
577139,13.3588,75.2246
577140,13.6302,76.2131
577142,13.2569,75.2129
577144,13.7153,75.7255
577145,13.7927,75.9870
577146,13.3010,75.9812
577160,13.2534,75.5393
577168,13.3541,75.9231
577175,13.3951,76.0508
577179,13.2678,75.3995
577180,13.6729,76.1668
577181,13.2624,75.3062
577182,13.5662,76.2827
577201,13.9385,75.5801
577202,13.8625,75.5393
577203,13.8706,75.5801
577204,13.9756,75.5393
577205,13.9456,75.5102
577211,13.9565,75.4112
577213,13.9391,75.8766
577214,14.1771,75.3179
577215,13.9926,76.0160
577216,14.0265,75.6324
577217,14.2390,75.6433
577218,14.1517,75.9003
577219,14.2858,75.7953
577220,13.7679,75.4694
577221,14.0858,75.8650
577222,13.8953,75.6150
577223,14.1582,75.5626
577224,14.1681,75.7255
577225,14.1405,75.4578
577226,13.8209,75.4112
577227,13.9734,75.6906
577228,13.7128,75.8766
577229,13.8981,75.6615
577230,14.1916,75.6325
577231,14.1737,75.8185
577232,13.7158,75.3529
577233,13.9429,75.7488
577243,14.1015,75.7488
577245,13.8071,75.7488
577301,13.8736,75.7255
577302,13.8229,75.6324
577401,14.1114,74.9910
577411,13.5002,75.1429
577412,14.0837,75.2712
577413,14.5431,75.1896
577414,13.7644,75.2246
577415,13.6375,75.3645
577416,14.0421,75.5160
577417,14.0750,75.1312
577418,13.9364,75.0845
577419,14.5250,75.0845
577421,14.1235,74.8273
577422,13.8032,75.3062
577423,14.0895,75.3645
577424,13.5755,75.0845
577425,13.7890,75.0728
577426,13.9932,75.2712
577427,14.2736,75.4112
577428,14.4038,75.3179
577429,14.4071,75.0144
577430,14.2048,75.0378
577431,14.2166,75.2246
577432,13.6424,75.2596
577433,14.4524,75.1896
577434,14.2560,75.1312
577435,14.2056,74.7864
577436,13.8604,75.3179
577448,13.6656,75.0845
577451,13.8422,75.6732
577452,13.8825,74.9443
577453,14.0150,74.8975
577501,14.2138,76.4042
577502,14.2868,76.3869
577511,13.8839,76.6990
577512,14.4952,76.0624
577513,14.5946,76.2016
577514,14.2743,75.9812
577515,13.7767,76.2016
577516,14.4391,75.7023
577517,14.3805,76.4332
577518,14.1917,76.1204
577519,14.3803,76.2363
577520,14.1998,76.2595
577521,14.3844,76.3058
577522,14.2142,76.7106
577523,14.1008,76.1204
577524,14.2011,76.4794
577525,14.3141,75.8883
577526,14.0034,76.2016
577527,13.8513,76.3174
577528,14.5787,76.3174
577529,14.5762,76.6644
577530,14.3390,75.7371
577531,14.0300,76.0740
577532,14.1609,76.5719
577533,13.7470,76.4794
577534,14.3025,76.0740
577535,14.7159,76.7106
577536,14.3885,76.5719
577537,14.4043,76.8490
577538,14.2460,76.8721
577539,13.9527,76.1088
577540,14.8799,76.7798
577541,14.2787,76.2479
577542,13.6179,76.3985
577543,14.4420,76.7106
577544,14.2474,75.9115
577545,14.0404,76.6528
577546,14.0373,76.8029
577547,13.7075,75.9812
577548,13.4948,76.0160
577549,13.8474,76.0508
577550,13.7688,76.0624
577551,14.2177,75.7953
577552,14.1741,76.0160
577553,14.5035,76.2016
577554,13.8647,76.1552
577555,14.1049,76.3869
577556,14.3614,76.1088
577557,14.0140,76.3869
577558,14.0673,76.5257
577566,14.4757,75.8360
577589,14.5415,75.8883
577597,13.6580,76.3058
577598,13.8454,76.6182
577599,13.9791,76.5719
577601,14.4903,75.7953
580001,15.4593,75.0202
580002,15.4274,75.0115
580003,15.4307,74.9764
580004,15.4449,75.0173
580005,15.4912,74.9852
580006,15.4339,75.0231
580007,15.4224,74.8975
580008,15.4691,74.9969
580009,15.3986,75.0494
580011,15.5136,74.8975
580020,15.3392,75.1399
580021,15.3547,75.1166
580023,15.3991,75.2246
580024,15.2893,75.1195
580025,15.3957,75.0903
580026,15.3514,75.0261
580028,15.2872,75.1720
580029,15.3515,75.1326
580030,15.3501,75.0903
580031,15.3836,75.1224
580032,15.4050,75.1429
580112,15.5329,75.1779
580114,15.3042,75.0027
580118,15.3434,74.9092
581101,14.7961,75.2362
581102,14.7127,75.1779
581103,15.4415,74.7630
581104,14.7066,75.0845
581105,15.1346,75.3645
581106,14.6398,75.4578
581107,15.1346,75.3645
581108,14.8443,75.6324
581109,14.5430,75.3645
581110,14.7733,75.4112
581111,14.4445,75.4228
581112,14.8764,75.4228
581113,15.2653,75.2712
581115,14.6486,75.5975
581116,14.4184,75.5510
581117,15.2381,75.3762
581118,14.9554,75.4112
581119,14.4334,75.6092
581120,14.6279,75.2712
581121,15.4144,74.3001
581123,14.5087,75.7255
581126,15.0404,75.3179
581128,14.8354,75.4927
581129,15.3506,74.5229
581145,14.5755,75.7023
581148,14.7309,75.2829
581186,15.1864,74.4526
581187,15.0046,74.4526
581193,15.0281,75.1312
581195,15.3309,75.3995
581196,15.1934,75.0494
581197,14.7611,75.0494
581198,14.9554,75.4112
581202,14.8886,75.2596
581203,14.8794,75.1195
581204,15.1521,74.9443
581205,14.9887,75.2246
581207,15.2135,75.1779
581208,14.5547,75.5510
581209,15.4404,75.3296
581210,14.3595,75.5160
581211,14.6893,75.7023
581212,15.1345,75.1896
581213,14.9218,75.5975
581301,14.8185,74.1416
581302,14.8001,74.1020
581303,14.8333,74.1313
581304,14.8313,74.1431
581305,14.8280,74.1563
581306,14.7967,74.1534
581307,14.7871,74.1387
581308,14.7766,74.1504
581314,14.7177,74.5698
581315,14.4943,74.6166
581316,14.7559,74.3001
581317,14.9323,74.2297
581318,14.5613,74.9443
581319,14.5703,74.3177
581320,13.9655,74.5639
581321,14.7138,74.3470
581322,14.3225,74.7571
581323,14.4006,74.5698
581324,14.7737,74.2297
581325,15.2572,74.6518
581326,14.5372,74.3294
581327,14.3355,74.4408
581328,14.8817,74.2355
581329,15.2792,74.8039
581330,14.4636,74.4115
581331,14.4552,74.7103
581332,14.3860,74.4350
581333,14.4975,74.4115
581334,14.3229,74.5053
581335,14.2453,74.5288
581336,14.7304,74.7571
581337,14.8538,74.5698
581338,14.3560,74.4936
581339,14.8239,74.3001
581340,14.5098,74.8507
581341,14.3084,74.4584
581342,14.2181,74.4584
581343,14.4270,74.4145
581344,14.6207,74.4760
581345,14.9014,74.1123
581346,14.7459,74.9910
581347,14.8243,74.8039
581348,14.1820,74.5112
581349,14.9277,74.9910
581350,14.1301,74.4936
581351,14.4507,74.3881
581352,14.8630,74.1299
581353,14.6200,74.3001
581354,13.9865,74.6283
581355,14.3316,74.8975
581356,15.3776,74.7454
581357,14.6265,74.3939
581358,14.6657,74.9793
581359,14.9965,74.6635
581360,14.8899,74.1504
581361,14.2739,74.5346
581362,14.4291,74.4877
581363,15.1784,74.6635
581365,15.2962,74.5580
581384,14.2259,74.6635
581396,14.8924,74.3881
581400,14.8409,74.3822
581401,14.6277,74.8332
581402,14.7397,74.8975
581403,14.6439,74.6518
581411,15.0277,74.9559
581412,15.0304,74.8273
581421,14.0422,74.6166
581423,14.1867,74.5815
581440,14.5301,74.4760
581450,14.5384,74.7688
581453,15.4316,74.3822
582101,15.4293,75.6354
582102,15.5185,75.6441
582103,15.3356,75.6441
582111,15.5826,75.7488
582112,15.0160,75.6441
582113,15.2562,75.8302
582114,15.7231,75.9695
582115,15.4361,75.7837
582116,15.1438,75.5044
582117,15.2808,75.5044
582118,15.1191,75.8302
582119,15.5765,75.8302
582120,15.1955,75.5975
582201,15.4573,75.4112
582202,15.6954,75.5510
582203,15.7795,75.6092
582204,15.5123,75.5510
582205,15.4072,75.5160
582206,15.8403,75.4927
582207,15.7317,75.4112
582208,15.5913,75.3645
582209,15.7078,75.7371
582210,15.0617,75.4694
582211,15.8057,75.8302
583101,15.1243,76.9470
583102,15.0927,76.8952
583103,15.1992,76.9528
583104,15.1479,76.9096
583105,15.1560,76.8764
583111,15.1034,77.0795
583112,14.9847,76.6182
583113,15.4026,76.7106
583114,15.6978,77.0334
583115,15.1303,76.7567
583116,15.3192,76.8490
583117,15.2626,77.0564
583118,15.0373,76.6355
583119,15.1165,76.5257
583120,15.4137,76.8952
583121,15.6462,76.9413
583122,15.5515,76.8952
583123,15.1706,76.6644
583124,15.0222,76.4794
583125,14.6531,76.0392
583126,14.7051,76.5257
583127,14.7713,76.1088
583128,14.8878,76.5257
583129,15.3189,76.6528
583130,14.8018,76.6182
583131,14.8084,75.9695
583132,15.3605,76.5835
583134,14.8226,76.2016
583135,14.8580,76.4100
583136,14.7369,76.2943
583137,14.6660,75.8766
583152,15.1997,76.7192
583201,15.2347,76.3985
583203,15.2651,76.4274
583211,15.3019,76.3753
583212,15.0296,76.2247
583213,14.7542,75.8302
583214,15.0852,76.0160
583215,15.2875,76.5141
583216,14.8909,75.8302
583217,14.8395,75.7371
583218,14.6540,76.4332
583219,14.9880,75.9231
583220,14.9539,76.1088
583221,15.2847,76.4679
583222,15.1053,76.3406
583223,15.2081,76.5257
583224,15.1367,76.1088
583225,15.2479,76.3348
583226,15.2651,75.9695
583227,15.4265,76.5373
583228,15.3800,76.3406
583229,15.6265,76.6182
583230,15.5058,76.1552
583231,15.3516,76.1610
583232,15.4939,75.9695
583233,15.2785,76.3203
583234,15.3424,76.3811
583235,15.4437,76.4447
583236,15.6314,75.9695
583237,15.5575,76.2479
583238,15.3167,76.0624
583239,15.3116,76.4390
583268,15.4752,76.5835
583275,15.2180,76.8836
583276,15.1547,76.9024
583277,15.7780,76.1088
583278,15.8329,76.2479
583279,15.7743,76.4100
583280,15.8668,75.8883
583281,15.9097,76.0160
583282,15.5010,76.6297
583283,15.5663,76.3869
584101,16.2351,77.3439
584102,16.1836,77.4472
584103,16.1604,77.3497
584104,16.1264,77.2635
584111,16.4297,76.9413
584113,16.3950,77.1255
584115,16.1786,76.6182
584116,16.3286,76.8029
584118,16.1208,77.1715
584120,16.0736,76.7798
584122,16.0806,76.5257
584123,15.9741,77.0334
584124,15.9455,76.5719
584125,15.9582,76.4100
584126,16.3893,77.0334
584127,16.1607,76.3406
584128,15.7701,76.7106
584129,16.1528,76.9413
584132,15.7615,76.5719
584133,16.0885,77.4013
584134,16.3111,77.2635
584135,16.3222,77.4472
584136,16.2131,77.1715
584138,15.9477,76.7914
584139,16.3198,76.6644
584140,15.9989,77.4472
584143,15.8735,76.8952
584167,15.6988,76.8606
584170,16.3723,77.3210
584202,16.0368,77.3095
584203,16.0313,77.2175
585101,17.3298,76.8634
585102,17.3089,76.9413
585103,17.3430,76.7567
585104,17.4388,76.8029
585105,17.3268,76.8389
585106,17.2989,76.8779
585201,16.7718,77.1428
585202,16.7186,77.1255
585210,17.2088,77.3669
585211,17.0428,77.1255
585212,17.1391,76.4794
585213,17.3337,76.6182
585214,16.8719,77.3554
585215,16.4954,76.5257
585216,16.6338,76.5257
585217,17.3050,76.2016
585218,16.8949,76.9873
585219,16.2436,76.3753
585220,16.5643,76.6990
585221,16.5884,77.2635
585222,17.0979,77.2635
585223,16.7532,76.9413
585224,16.4671,76.8029
585225,17.0339,76.9873
585226,17.8500,77.4013
585227,17.6610,77.3554
585228,17.0742,76.8952
585229,17.1637,76.9355
585236,17.4137,76.4332
585237,16.3480,76.3869
585265,17.1947,76.6182
585287,16.7797,76.8144
585290,16.5044,76.6644
585291,16.3540,76.4794
585292,17.1754,77.2060
585301,17.2501,76.4100
585302,17.5343,76.5026
585303,16.9786,76.8490
585304,16.5191,76.8952
585305,17.4897,77.5849
585306,17.5186,77.3095
585307,17.5274,77.4472
585308,17.1607,76.8029
585309,16.6891,76.6644
585310,16.9788,76.5026
585311,17.4727,76.6182
585312,17.3210,77.1255
585313,17.5717,77.0564
585314,17.6921,76.6066
585315,16.6309,77.3899
585316,17.5594,76.8721
585317,17.2282,77.1255
585318,17.0139,77.4013
585319,16.7128,77.0334
585320,17.2893,77.3554
585321,16.7301,77.3095
585322,17.4572,77.0795
585323,16.6179,76.8144
585324,17.3763,77.2635
585325,16.8678,76.5719
585326,18.2690,77.4013
585327,17.9155,76.9873
585328,18.0705,77.2175
585329,17.7806,77.2290
585330,17.7048,77.1370
585331,17.7792,77.0334
585353,17.8194,77.1140
585355,16.5336,77.1255
585367,17.4321,76.6739
585401,17.9218,77.5218
585402,17.9926,77.4472
585403,17.8589,77.5390
585411,18.0643,77.1255
585412,17.6876,77.2290
585413,17.9836,77.3095
585414,17.8286,77.2520
585415,17.8564,77.3210
585416,18.0550,76.9873
585417,18.2102,77.2175
585418,17.8907,77.1370
585419,17.7636,76.8029
585421,18.1353,77.4931
585436,18.1371,77.3439
585437,17.7234,76.8952
585443,18.2505,77.2980
585444,18.0455,77.3669
586101,16.8630,75.7430
586102,16.7251,75.8302
586103,16.8659,75.7023
586104,16.9120,75.7023
586108,16.6816,75.7023
586109,16.8138,75.7182
586111,17.2458,76.0160
586112,16.9622,75.9231
586113,16.6562,75.5044
586114,16.9291,75.4578
586115,16.7873,76.0624
586116,16.4217,76.1088
586117,17.1369,75.7837
586118,16.6216,76.3406
586119,16.9524,75.7837
586120,16.7506,76.2016
586121,16.5377,75.7837
586122,16.6330,75.8302
586123,16.9587,76.3753
586124,16.2590,76.2595
586125,16.5707,75.5975
586127,16.8238,75.9231
586128,16.8923,76.2479
586129,16.2406,76.1552
586130,16.7976,75.5510
586201,16.4060,75.8766
586202,17.0647,76.2363
586203,16.6704,76.0392
586204,17.2721,75.7371
586205,17.3611,75.6906
586206,17.0834,76.3406
586207,17.3390,75.8650
586208,16.5630,76.1552
586209,17.1839,75.9579
586210,16.4852,75.6906
586211,17.2268,75.9115
586212,16.3849,76.2479
586213,16.4123,75.9695
586214,16.5047,76.3174
586215,17.0148,76.0160
586216,16.4857,75.8650
586217,17.1599,76.1088
587101,16.1773,75.7255
587102,16.2185,75.6557
587103,16.1496,75.6557
587111,16.0980,75.9115
587112,16.0796,75.9812
587113,16.3712,75.2129
587114,15.8591,75.7720
587115,16.1760,75.8766
587116,16.3408,75.5975
587117,16.4262,75.5044
587118,16.1456,76.1088
587119,16.5565,75.2362
587120,16.1238,75.7837
587121,16.3614,75.3995
587122,16.1868,75.3645
587124,15.9954,75.9231
587125,16.0107,76.1552
587154,15.9600,76.2595
587155,15.8877,75.5160
587201,15.9094,75.6674
587202,15.9372,75.9115
587203,16.0458,75.8185
587204,16.1933,75.4578
587205,16.0807,75.6557
587206,16.0802,75.4811
587207,16.3108,75.8302
587301,16.5329,75.3879
587311,16.4490,75.1779
587312,16.3874,75.1195
587313,16.2720,75.2712
587314,16.4775,75.0962
587315,16.4848,75.0378
587316,16.3533,75.0436
587330,16.6462,75.3645
590001,15.8596,74.5082
590003,15.8442,74.5317
590005,15.7898,74.5288
590006,15.8329,74.4936
590008,15.8189,74.4584
590009,15.8518,74.4980
590010,15.9022,74.5053
590011,15.8357,74.5126
590014,15.7506,74.3822
590015,15.8942,74.5522
590016,15.9380,74.6049
590017,15.8842,74.5317
590018,15.7825,74.4672
590019,15.8763,74.5024
590020,15.8204,74.5580
591101,16.0151,74.7220
591102,15.7843,74.8507
591103,15.8729,74.6518
591104,15.6962,74.8975
591106,15.5461,74.7103
591107,16.1489,74.6752
591108,15.8330,74.4174
591109,15.7710,74.6635
591110,15.7190,75.2246
591111,15.8293,75.0027
591112,15.6340,74.6635
591113,15.9259,74.5170
591114,16.0362,75.1779
591115,15.5983,74.8039
591116,15.8163,75.1429
591117,15.8923,75.0845
591118,15.7234,74.7161
591119,15.9281,74.9443
591120,15.5817,74.5698
591121,15.9181,74.8039
591122,16.0943,74.7103
591123,16.0034,75.3645
591124,15.8467,74.6049
591125,15.7883,74.7454
591126,15.7550,75.0845
591127,15.8691,75.4112
591128,15.9015,74.4174
591129,16.0475,75.0144
591130,16.0886,75.2712
591131,15.7131,74.6518
591136,16.2302,75.1662
591143,15.9506,74.4643
591147,15.9237,74.7220
591153,15.6986,74.7688
591156,15.9769,74.5112
591173,16.7015,75.2537
591201,16.4167,74.5815
591211,16.4502,74.4174
591212,16.8558,75.0845
591213,16.5154,74.6752
591214,16.5242,74.4877
591215,16.5171,74.3939
591216,16.5930,74.4877
591217,16.5628,74.8507
591218,16.2084,74.8624
591219,16.5048,74.4584
591220,16.5238,74.9443
591221,16.1632,74.5580
591222,16.3619,74.7688
591223,16.6794,74.7220
591224,16.2911,74.8975
591225,16.3164,74.4643
591226,16.3709,74.5815
591227,16.1989,75.0494
591228,16.4537,74.4643
591229,16.5152,74.2942
591230,16.7140,75.1896
591231,16.1981,74.7220
591232,16.8029,74.9910
591233,16.1464,74.9559
591234,16.7341,74.8390
591235,16.4215,74.9559
591236,16.2988,74.5346
591237,16.3780,74.3705
591238,16.3850,74.4643
591239,16.5048,74.5346
591240,16.5834,75.1312
591241,16.4730,74.3412
591242,16.6106,74.7220
591243,16.0383,74.5698
591244,16.5331,74.6049
591246,16.0963,74.5815
591247,16.4872,74.6049
591248,16.7741,75.2246
591254,16.0860,74.4408
591263,16.5374,74.4350
591265,16.8269,75.3179
591287,16.4062,74.5170
591301,15.4450,74.5698
591302,15.6172,74.4291
591303,16.6722,74.9326
591304,16.7178,75.0845
591305,16.2880,74.6986
591306,16.2474,74.7688
591307,16.1609,74.8390
591308,16.1558,74.7688
591309,16.2353,74.6049
591310,16.2906,75.0494
591311,16.6228,74.8858
591312,16.3437,74.9910
591313,16.2706,74.4643
591314,16.2565,74.5053
591315,16.7059,74.7688
591316,16.6635,74.8156
591317,16.4676,74.8039
591340,16.2477,74.5405
591344,16.0587,74.8507
591345,15.6526,74.2884
600001,13.0963,80.2866
600002,13.0689,80.2671
600003,13.0816,80.2752
600004,13.0369,80.2676
600005,13.0640,80.2806
600006,13.0504,80.2486
600007,13.0832,80.2614
600008,13.0744,80.2565
600009,13.0812,80.2837
600010,13.0857,80.2452
600011,13.1123,80.2379
600012,13.0986,80.2596
600013,13.1138,80.2945
600014,13.0535,80.2695
600015,13.0213,80.2231
600016,13.0021,80.2005
600017,13.0413,80.2339
600018,13.0367,80.2517
600019,13.1638,80.2984
600020,13.0038,80.2569
600021,13.1154,80.2831
600022,13.0024,80.2278
600023,13.0986,80.2340
600024,13.0532,80.2231
600025,13.0132,80.2327
600026,13.0509,80.2121
600028,13.0223,80.2591
600030,13.0787,80.2251
600031,13.0732,80.2408
600032,13.0177,80.2057
600033,13.0350,80.2217
600034,13.0592,80.2400
600035,13.0311,80.2398
600036,12.9908,80.2357
600037,13.0836,80.1731
600038,13.0986,80.2140
600039,13.1183,80.2595
600040,13.0849,80.2102
600041,12.9611,80.2592
600042,12.9755,80.2206
600043,12.9631,80.1657
600044,12.9611,80.1372
600045,12.9307,80.1119
600046,12.9068,80.1214
600047,12.9455,80.1229
600048,12.8602,80.1466
600049,13.1052,80.2047
600050,13.0911,80.1832
600051,13.1643,80.2555
600052,13.2031,80.1540
600053,13.1143,80.1545
600054,13.1262,80.0814
600055,13.1599,80.0703
600056,13.0450,80.1157
600057,13.2032,80.3164
600058,13.0932,80.1615
600059,12.9228,80.1274
600060,13.1556,80.2247
600061,12.9782,80.1865
600062,13.1389,80.1354
600063,12.9076,80.0954
600064,12.9361,80.1517
600065,13.1635,80.0898
600066,13.1616,80.2004
600067,13.2394,80.2098
600068,13.1656,80.2710
600069,13.0013,80.0926
600070,12.9823,80.1226
600071,13.1043,80.1038
600072,13.0916,80.0703
600073,12.9155,80.1521
600074,12.9835,80.1400
600075,12.9749,80.1266
600076,13.1128,80.1897
600077,13.0733,80.1232
600078,13.0410,80.2001
600081,13.1354,80.2934
600082,13.1182,80.2203
600083,13.0360,80.2040
600084,13.0837,80.2546
600085,13.0185,80.2448
600086,13.0488,80.2558
600087,13.0373,80.1777
600088,12.9883,80.2035
600089,13.0181,80.1870
600090,12.9957,80.2677
600091,12.9617,80.1994
600092,13.0621,80.1924
600093,13.0525,80.1983
600094,13.0635,80.2234
600095,13.0556,80.1801
600096,12.9598,80.2404
600097,12.9384,80.2396
600098,13.1055,80.1722
600099,13.1342,80.2058
600100,12.9171,80.1941
600101,13.0921,80.1945
600102,13.0847,80.2252
600103,13.2123,80.2718
600104,13.0863,80.2872
600106,13.0719,80.2118
600107,13.0739,80.1907
600110,13.1288,80.2320
600113,12.9863,80.2457
600115,12.9169,80.2506
600116,13.0187,80.1499
600117,12.9370,80.1740
600118,13.1362,80.2586
600119,12.8765,80.2269
600120,13.2775,80.3102
600122,13.0211,80.1267
600123,13.0551,80.0842
600124,13.0612,80.0200
600125,13.0130,80.1736
600126,12.9039,80.1457
600127,12.8100,80.1414
600128,13.0102,80.1189
600129,12.9447,80.1939
600130,12.8630,80.1916
601101,13.3154,80.1094
601102,13.3356,80.0423
601103,13.2654,79.9976
601201,13.4643,80.1205
601202,13.4252,79.9976
601203,13.3452,80.2879
601204,13.3426,80.2210
601205,13.4678,80.2098
601206,13.3459,80.1596
601301,12.8613,80.0771
602001,13.1689,79.8633
602002,13.0796,79.9081
602003,13.1315,79.9249
602021,13.1952,79.9528
602023,13.2592,79.8409
602024,13.1751,80.0200
602025,13.0813,79.9528
602026,13.3084,79.9305
602105,12.9675,79.9528
602106,12.9194,79.8857
602108,12.9395,79.8185
602117,13.0106,80.0367
603001,12.6785,79.9696
603002,12.7192,79.9976
603003,12.6747,80.0200
603101,12.7621,79.9305
603102,12.5201,80.1317
603103,12.7949,80.1987
603104,12.6814,80.1987
603105,12.7137,80.1887
603106,12.7377,79.8857
603107,12.6461,79.8633
603108,12.7234,80.1094
603109,12.5974,80.0758
603110,12.7037,80.1446
603111,12.6495,79.9528
603112,12.7680,80.2377
603127,12.5709,80.1261
603201,12.4152,79.7512
603202,12.8362,80.0870
603203,12.8246,80.0271
603204,12.7865,79.9752
603209,12.7728,80.0623
603210,12.8644,80.0814
603211,12.8653,80.0661
603301,12.3960,79.8409
603302,12.3566,79.9976
603303,12.5352,79.9305
603304,12.3097,79.9528
603305,12.4160,80.0758
603306,12.4891,79.9081
603307,12.3674,79.6839
603308,12.6024,79.9081
603309,12.4257,79.8801
603310,12.3281,79.8409
603311,12.4287,79.9584
603312,12.4706,80.0200
603313,12.3767,79.9305
603314,12.5554,79.8633
603319,12.4630,79.8185
603401,12.2628,79.9081
603402,12.6400,79.7063
603403,12.6383,79.6614
603405,12.5940,79.9864
603406,12.5519,79.7736
604001,12.2310,79.6614
604101,12.2578,79.7736
604102,12.1423,79.7063
604151,12.2189,79.3466
604152,12.2154,79.2564
604153,12.1711,79.2789
604154,12.1348,79.8073
604201,12.3743,79.2789
604202,12.2549,79.4029
604203,12.3153,79.5041
604204,12.3761,79.3240
604205,12.1998,79.4366
604206,12.2493,79.5491
604207,12.3070,79.5828
604208,12.4013,79.3916
604210,12.3353,79.4366
604301,12.1925,79.8409
604302,12.1532,79.6073
604303,12.1732,79.9305
604304,12.1220,79.6515
604305,12.3180,79.7232
604306,12.2050,79.5716
604307,12.2778,79.7063
604401,12.6121,79.5716
604402,12.7581,79.5379
604403,12.4814,79.7063
604404,12.5659,79.5491
604405,12.4797,79.6614
604406,12.3975,79.5828
604407,12.7010,79.5266
604408,12.5350,79.6278
604409,12.6077,79.4591
604410,12.7726,79.6165
604501,12.4049,79.4816
604502,12.4718,79.4591
604503,12.5615,79.4366
604504,12.6095,79.3635
604505,12.5641,79.5041
604601,12.2813,79.2113
605001,11.9297,79.8269
605002,11.9377,79.8346
605003,11.9525,79.8325
605004,11.9124,79.8157
605005,11.9293,79.8157
605006,11.9498,79.7975
605007,11.8693,79.7904
605008,11.9602,79.8129
605009,11.9368,79.7904
605010,11.9229,79.7933
605011,11.9423,79.8255
605013,11.9462,79.8157
605014,12.0621,79.8241
605101,12.0111,79.8185
605102,11.9106,79.6895
605103,11.9102,79.5266
605104,11.9637,79.8325
605105,11.8669,79.5716
605106,11.8477,79.6614
605107,11.9586,79.6165
605108,11.9127,79.5941
605109,12.0312,79.7512
605110,11.8902,79.7456
605111,11.9869,79.7736
605201,12.1178,79.3578
605202,12.0636,79.4141
605203,12.0888,79.4816
605301,11.9348,79.4310
605302,11.9502,79.3916
605401,11.8852,79.4591
605402,11.9961,79.4141
605501,12.0270,79.6390
605502,11.9619,79.7063
605601,12.0003,79.5266
605602,11.9486,79.4985
605651,12.1573,79.5041
605652,12.0696,79.5716
605701,12.0368,79.3015
605702,12.0244,78.9854
605751,11.8840,79.1323
605752,11.9891,79.2338
605754,12.0226,79.0815
605755,11.9701,79.3240
605756,12.0081,79.1436
605757,11.9599,79.2056
605758,12.0508,79.2282
605759,11.9851,79.2028
605766,11.9415,79.1661
605801,11.9345,78.9854
605802,11.9821,79.0532
605803,11.9000,79.2564
606001,11.5379,79.3297
606003,11.5424,79.3015
606102,11.7893,79.3015
606103,11.4793,79.4141
606104,11.6080,79.2564
606105,11.4072,79.2789
606106,11.4229,79.0984
606107,11.7094,79.2677
606108,11.5181,78.9515
606110,11.4744,79.2789
606111,11.4263,79.1887
606115,11.7020,79.3691
606201,11.6938,78.8609
606202,11.7297,78.9175
606203,11.6676,79.0532
606204,11.6202,78.9854
606205,11.8481,79.0758
606206,11.7798,79.0532
606207,11.7333,78.7249
606208,11.8194,78.9175
606209,11.8246,78.7396
606213,11.7323,78.9854
606301,11.5719,78.8949
606302,11.5167,79.2113
606303,11.4303,78.9967
606304,11.5232,79.0871
606305,11.6594,79.1323
606401,11.9165,78.8156
606402,11.9534,78.8949
606601,12.2308,79.0758
606603,12.2055,79.0080
606604,12.2750,79.0532
606611,12.2335,79.1436
606701,12.3248,78.7533
606702,12.3399,78.9854
606703,12.2205,78.7395
606704,12.2821,78.9515
606705,12.3353,78.8722
606706,12.1883,78.8609
606707,12.1586,78.9628
606708,12.0532,78.8609
606709,12.2743,78.7897
606710,12.4453,78.8043
606751,12.4358,79.1210
606752,12.3246,79.1661
606753,12.1163,79.0306
606754,12.1018,79.2338
606755,12.1451,79.1887
606801,12.4674,79.3466
606802,12.3779,79.0871
606803,12.5153,79.1323
606804,12.0991,79.1661
606805,12.3165,79.1040
606806,12.0748,79.1210
606807,12.4750,79.3972
606808,12.1649,79.1210
606811,12.0931,79.0843
606901,12.5116,79.0419
606902,12.4756,79.2677
606903,12.6204,79.2113
606904,12.4611,79.1887
606905,12.6579,79.1605
606906,12.4556,79.0532
606907,12.5742,79.1887
606908,12.4244,78.9797
607001,11.7559,79.7680
607002,11.7439,79.7456
607003,11.6811,79.7176
607004,11.7303,79.7596
607005,11.6625,79.7484
607006,11.7689,79.7372
607101,11.7952,79.4591
607102,11.6886,79.6165
607103,11.7151,79.5273
607104,11.7731,79.6221
607105,11.7585,79.6839
607106,11.7698,79.5322
607107,11.8160,79.4141
607108,11.8248,79.4985
607109,11.7872,79.7007
607112,11.8002,79.5941
607201,11.7859,79.2113
607202,11.7393,79.1661
607203,11.8818,79.3691
607204,11.7478,79.3916
607205,11.8265,79.5435
607209,11.8576,79.3240
607301,11.6229,79.6614
607302,11.5764,79.6165
607303,11.5515,79.5491
607308,11.6250,79.5660
607401,11.7431,79.7232
607402,11.8068,79.7736
607801,11.6180,79.5266
607802,11.5266,79.4816
607803,11.6193,79.4844
607804,11.5906,79.3916
607805,11.6613,79.4816
607807,11.5931,79.4591
608001,11.3832,79.7007
608002,11.4060,79.7119
608102,11.4249,79.7736
608201,11.3962,79.5941
608301,11.2769,79.5435
608302,11.3306,79.6390
608303,11.3066,79.5941
608304,11.2317,79.5322
608305,11.3564,79.5772
608306,11.2221,79.5772
608401,11.3546,79.6839
608501,11.5123,79.7063
608502,11.5081,79.7456
608601,11.4650,79.6390
608602,11.4210,79.6614
608701,11.3482,79.5041
608702,11.4378,79.5041
608703,11.4121,79.4141
608704,11.4850,79.5716
608801,11.5796,79.7063
608901,11.3649,79.3466
609001,11.0854,79.6614
609003,11.1004,79.6109
609101,11.3361,79.7961
609102,11.3164,79.7119
609103,11.1470,79.6671
609104,11.2515,79.7792
609105,11.1308,79.8465
609106,11.2026,79.8185
609107,11.1355,79.8185
609108,11.2890,79.7288
609109,11.1841,79.7680
609110,11.2413,79.7260
609111,11.2396,79.7568
609112,11.1810,79.6783
609113,11.2423,79.8353
609114,11.1636,79.8241
609115,11.2697,79.8185
609116,11.2376,79.7007
609117,11.1825,79.7232
609118,11.1255,79.6895
609201,11.2249,79.6558
609202,11.1894,79.5997
609203,11.1509,79.6165
609204,11.1709,79.5491
609205,11.2237,79.6221
609301,11.0958,79.8017
609302,11.0596,79.7232
609303,11.0039,79.8101
609304,11.1386,79.7456
609305,11.0947,79.6867
609306,11.0150,79.7232
609307,11.0188,79.8353
609308,11.0165,79.7680
609309,11.0885,79.7512
609310,11.0399,79.8017
609311,11.0742,79.8241
609312,11.0176,79.8017
609313,11.0415,79.8465
609314,11.0696,79.6895
609401,11.0458,79.6446
609402,11.0444,79.6867
609403,10.9969,79.6839
609404,11.0234,79.6446
609405,10.9569,79.6558
609501,10.9538,79.5660
609502,10.9004,79.6334
609503,10.9231,79.6446
609504,10.8558,79.6334
609601,10.9322,79.7512
609602,10.9076,79.8465
609603,10.9769,79.7512
609604,10.8953,79.8129
609605,10.9406,79.8353
609606,10.8683,79.8409
609607,10.9168,79.7904
609608,10.9530,79.7063
609609,10.9737,79.8241
609701,10.8796,79.6783
609702,10.8654,79.7512
609703,10.8611,79.7904
609704,10.8696,79.7119
609801,11.0765,79.5660
609802,11.0597,79.4844
609803,11.0390,79.5294
609804,11.0630,79.4985
609805,11.0111,79.6109
609806,11.0781,79.6109
609807,11.1469,79.5041
609808,11.0384,79.5941
609810,11.0545,79.5336
609811,11.1327,79.5772
610001,10.7783,79.6446
610003,10.7591,79.6530
610004,10.7767,79.5997
610101,10.8193,79.7063
610102,10.7315,79.5772
610103,10.7108,79.6221
610104,10.8155,79.5941
610105,10.9046,79.5941
610106,10.7080,79.7063
610107,10.8754,79.5547
610109,10.7449,79.6446
610201,10.6229,79.6558
610202,10.6674,79.6558
610203,10.5946,79.6390
610204,10.6198,79.7288
610205,10.6577,79.6137
610206,10.6813,79.5716
610207,10.6405,79.6839
611001,10.7846,79.8353
611002,10.8280,79.8017
611003,10.7598,79.8437
611101,10.7602,79.6867
611102,10.6894,79.8185
611103,10.6213,79.7736
611104,10.7547,79.7736
611105,10.7583,79.7119
611106,10.7401,79.8353
611108,10.7612,79.8017
611109,10.6872,79.7512
611110,10.6227,79.8185
611111,10.6737,79.8465
611112,10.5346,79.8409
612001,10.9587,79.3860
612002,10.9781,79.3832
612101,10.9961,79.4985
612102,11.0284,79.4648
612103,10.9822,79.4197
612104,10.9834,79.4535
612105,11.0160,79.4310
612106,11.0865,79.5322
612201,10.9753,79.5435
612202,10.9453,79.4816
612203,10.9988,79.5772
612204,10.9603,79.4310
612301,10.9782,79.3071
612302,10.9571,79.3409
612303,10.9906,79.3409
612401,10.9368,79.3972
612402,10.9038,79.4085
612501,11.0083,79.3691
612502,11.1023,79.5041
612503,11.0545,79.4141
612504,11.0838,79.4535
612601,10.8497,79.4535
612602,10.9169,79.4648
612603,10.8363,79.5491
612604,10.8793,79.5041
612605,10.8835,79.4648
612610,10.8293,79.5098
612701,10.8899,79.3297
612702,10.9493,79.3550
612703,10.9241,79.3522
612801,10.8374,79.4197
612802,10.8515,79.3466
612804,10.8754,79.3916
612901,11.1900,79.4591
612902,11.1438,79.4141
612903,11.2579,79.4816
612904,11.0975,79.3691
613001,10.7835,79.1492
613002,10.8037,79.0927
613003,10.8238,79.1887
613004,10.7623,79.1012
613005,10.7267,79.1153
613006,10.6888,79.1436
613007,10.7604,79.1266
613008,10.7963,79.1182
613009,10.7851,79.1182
613010,10.7455,79.0956
613101,10.8404,79.0306
613102,10.7964,78.8892
613103,10.8673,79.0843
613104,10.8380,78.9628
613105,10.8524,78.9005
613201,10.8712,79.1153
613202,10.8609,79.1379
613203,10.8791,79.0250
613204,10.9104,79.1210
613205,10.8482,79.0927
613301,10.6282,78.9967
613303,10.6589,79.0815
613401,10.7346,79.0250
613402,10.7154,78.9515
613403,10.7251,79.0702
613501,10.7801,79.2113
613502,10.7978,79.2395
613503,10.7652,79.2620
613504,10.8047,79.2789
613601,10.7745,79.0532
613602,10.7935,78.9628
613701,10.7864,79.5547
613702,10.7518,79.5210
613703,10.7618,79.4873
613704,10.7495,79.6165
613705,10.8117,79.4816
614001,10.6606,79.4535
614013,10.6752,79.3916
614014,10.6706,79.4197
614015,10.5710,79.4310
614016,10.6338,79.4816
614017,10.5282,79.4760
614018,10.6078,79.3691
614019,10.7165,79.3015
614020,10.5833,79.4648
614101,10.6798,79.5266
614102,10.7181,79.5098
614103,10.7300,79.5322
614201,10.8934,79.1915
614202,10.9186,79.1944
614203,10.9367,79.2338
614204,10.8983,79.2508
614205,10.9325,79.2733
614206,10.8732,79.1718
614207,10.9168,79.3015
614208,10.9368,79.3156
614210,10.9111,79.2197
614211,10.8942,79.2141
614301,10.8484,79.2564
614302,10.8661,79.2846
614303,10.8748,79.2169
614401,10.8063,79.3240
614402,10.6101,79.2733
614403,10.7798,79.3635
614404,10.7879,79.4366
614601,10.4334,79.2958
614602,10.4052,79.2789
614612,10.2038,79.2113
614613,10.4097,79.4141
614614,10.5014,79.1774
614615,10.4716,79.2789
614616,10.1430,79.0419
614617,10.0109,79.2169
614618,10.0441,79.0532
614619,9.9874,79.1718
614620,10.0478,79.1661
614621,9.9582,79.1210
614622,10.2846,78.9854
614623,10.3121,79.1436
614624,10.2770,79.0871
614625,10.6285,79.3240
614626,10.5381,79.2789
614628,10.4128,79.1774
614629,9.8801,79.0871
614630,10.1034,79.1774
614701,10.3418,79.3691
614702,10.5028,79.5491
614703,10.4607,79.6165
614704,10.3676,79.4816
614705,10.4792,79.5041
614706,10.4313,79.5660
614707,10.3771,79.7736
614708,10.6203,79.5772
614710,10.5426,79.5772
614711,10.5195,79.7176
614712,10.5489,79.7680
614713,10.5341,79.6558
614714,10.3849,79.6727
614715,10.5931,79.5941
614716,10.4629,79.6839
614717,10.6131,79.5266
614723,10.3181,79.3240
614738,10.3966,79.5210
614801,10.2229,79.1210
614802,10.2716,79.2564
614803,10.3388,79.2789
614804,10.2694,79.1887
614805,10.1795,79.1436
614806,10.4651,79.7512
614807,10.3335,79.7961
614808,10.4229,79.8185
614809,10.4680,79.8409
614810,10.3742,79.8577
614901,10.4961,79.3466
614902,10.5901,79.1774
614903,10.4762,79.4141
614904,10.6904,79.1887
614905,10.5634,79.3691
614906,10.4464,79.3522
620001,10.7972,78.6824
620002,10.8256,78.6994
620003,10.8359,78.6767
620004,10.7902,78.7193
620005,10.8466,78.7420
620006,10.8667,78.6853
620007,10.7351,78.7306
620008,10.8157,78.6952
620009,10.7351,78.5774
620010,10.8240,78.7306
620011,10.7693,78.7533
620012,10.7162,78.6682
620013,10.8100,78.8043
620014,10.7487,78.7986
620015,10.7450,78.8496
620016,10.7257,78.7760
620017,10.8134,78.6711
620018,10.8235,78.6810
620019,10.8026,78.7533
620020,10.7814,78.7051
620021,10.7586,78.6881
620022,10.7682,78.8015
620023,10.7713,78.6952
620024,10.6663,78.7448
620025,10.6990,78.8043
620026,10.8155,78.6895
620101,10.8543,78.6512
620102,10.8033,78.6228
621001,11.1772,78.5093
621002,11.2047,78.6455
621003,11.2423,78.4638
621004,11.1156,78.6455
621005,10.9623,78.7136
621006,11.0256,78.6228
621007,11.0290,78.7136
621008,11.2021,78.5774
621009,10.9597,78.6455
621010,11.1415,78.5945
621011,11.2823,78.6342
621012,11.3217,78.4979
621014,11.0684,78.5774
621101,11.2305,78.7363
621102,11.3206,78.7590
621103,11.3689,78.7079
621104,11.0984,78.7816
621105,11.0102,78.8043
621106,11.1266,78.9401
621107,11.2331,78.8043
621108,11.3765,79.0532
621109,11.1232,78.8496
621110,11.4083,78.7136
621111,10.9257,78.7760
621112,10.9186,78.7363
621113,11.1918,78.8949
621114,11.0958,78.7136
621115,11.3052,78.9401
621116,11.3679,78.8269
621117,11.4251,78.8609
621118,11.1627,78.7136
621133,11.3350,78.9910
621202,10.9324,78.5093
621203,10.9739,78.2875
621204,10.9349,78.5774
621205,11.0649,78.4866
621206,11.0889,78.5320
621207,11.0099,78.2134
621208,11.0614,78.3956
621209,10.9778,78.3899
621210,11.1745,78.4411
621211,11.0080,78.4525
621212,11.2124,78.8496
621213,10.9086,78.6172
621214,11.1291,78.4183
621215,11.0357,78.3046
621216,10.8939,78.6682
621217,10.9835,78.5377
621218,10.8750,78.7590
621219,11.2786,78.8269
621220,11.2547,78.9345
621301,10.7772,78.2248
621302,10.6035,78.3159
621305,10.4864,78.4411
621306,10.5749,78.4411
621307,10.6396,78.3956
621308,10.4332,78.4979
621310,10.4610,78.3501
621311,10.6443,78.2248
621312,10.6147,78.4695
621313,10.7291,78.4183
621314,10.3840,78.3615
621315,10.5116,78.2248
621316,10.5659,78.4979
621601,10.8717,78.8213
621651,11.0135,78.8949
621652,11.0383,78.9628
621653,10.9962,79.0306
621701,11.0381,79.2677
621702,10.8754,78.9232
621703,10.8709,78.7986
621704,11.1126,79.1661
621705,11.1572,79.1661
621706,10.9014,78.8722
621707,11.0432,79.0984
621708,11.2068,78.9967
621709,11.3144,79.1887
621710,11.2664,79.2508
621711,10.9475,78.9175
621712,10.9434,78.8043
621713,11.1299,79.0306
621714,11.2473,79.1887
621715,10.9557,79.1436
621716,11.2440,79.0984
621717,11.2978,79.0419
621718,11.2234,79.1436
621719,11.3177,79.2789
621722,10.9001,78.9910
621729,11.1382,79.1040
621730,11.3591,79.1887
621801,11.3268,79.3747
621802,11.2092,79.3691
621803,11.2663,79.4029
621804,11.1290,79.3128
621805,11.3288,79.4310
621806,11.2291,79.3015
621851,10.9294,79.0306
622001,10.3843,78.8326
622002,10.3595,78.6001
622003,10.3610,78.7986
622004,10.4134,78.8722
622005,10.4102,78.7816
622101,10.4856,78.7249
622102,10.5266,78.6342
622103,10.4561,78.6739
622104,10.3857,78.7136
622201,10.2708,78.9062
622202,10.1719,78.9175
622203,10.4936,78.9515
622204,10.0191,78.9628
622209,10.1696,78.8496
622301,10.4066,78.9967
622302,10.5106,79.1210
622303,10.3592,78.9062
622304,10.3769,79.0984
622401,10.3137,78.5547
622402,10.3390,78.6455
622403,10.2398,78.4922
622404,10.3357,78.7079
622407,10.2749,78.5490
622409,10.2736,78.6682
622411,10.3176,78.8213
622412,10.2920,78.7193
622422,10.3430,78.7590
622501,10.4774,78.8043
622502,10.5790,78.8609
622503,10.1816,78.7193
622504,10.6094,78.7816
622505,10.2350,78.8269
622506,10.2784,78.8043
622507,10.2310,78.7136
622515,10.6168,78.6796
623115,9.2419,78.3159
623120,9.1908,78.4183
623135,9.1563,78.3615
623308,9.8862,78.9401
623315,9.8452,79.0306
623401,9.7492,78.7816
623402,9.7741,78.8722
623403,9.7063,78.9797
623404,9.7998,78.9854
623406,9.8410,79.0702
623407,9.7763,78.9401
623409,9.7793,79.0306
623501,9.3727,78.8213
623502,9.3980,78.7590
623503,9.3632,78.8666
623504,9.3347,78.8269
623512,9.3449,78.9797
623513,9.4242,78.8949
623514,9.4733,78.8892
623515,9.2287,78.7533
623516,9.2927,79.0589
623517,9.2516,78.7873
623518,9.2723,79.1040
623519,9.2820,79.1520
623520,9.3938,78.7986
623521,9.2784,79.2141
623522,9.3812,78.9175
623523,9.2657,78.8892
623524,9.2959,78.9854
623525,9.6205,78.8722
623526,9.2619,79.3015
623527,9.4396,78.6909
623528,9.1973,78.6228
623529,9.2764,79.2395
623530,9.4643,78.7816
623531,9.5608,78.8892
623532,9.2917,78.8496
623533,9.2972,78.6796
623534,9.3211,79.0052
623536,9.3157,78.9175
623537,9.5103,78.8496
623538,9.6984,78.9062
623566,9.2381,78.7079
623601,9.4630,78.4070
623603,9.4163,78.3159
623604,9.3636,78.3728
623605,9.4882,78.3444
623608,9.5633,78.4638
623701,9.5678,78.6001
623703,9.2478,78.4979
623704,9.3787,78.4979
623705,9.5172,78.7249
623706,9.4781,78.5320
623707,9.5444,78.5547
623708,9.3279,78.4468
623711,9.3492,78.6001
623712,9.4253,78.5888
623806,9.2988,79.0348
624001,10.3639,77.9682
624002,10.3520,77.9453
624003,10.3158,78.0081
624004,10.3970,77.9682
624005,10.4049,78.0310
624101,10.1734,77.4472
624103,10.2138,77.3554
624201,10.1591,77.9396
624202,10.1743,77.7567
624204,10.2394,77.7338
624206,10.2181,77.8996
624208,10.1720,77.8424
624210,10.2781,77.5963
624211,10.2134,77.7738
624212,10.3583,77.6765
624215,10.2006,77.8710
624216,10.2966,77.6479
624219,10.1117,77.8482
624220,10.0864,77.7567
624301,10.2846,77.9110
624302,10.2745,77.9339
624303,10.3177,77.9110
624304,10.2383,77.9967
624306,10.3642,78.1222
624307,10.3088,77.9682
624308,10.2311,78.0994
624401,10.2010,78.1792
624402,10.2827,78.3046
624403,10.4134,78.2590
624601,10.4305,77.5505
624610,10.3847,77.5046
624612,10.5480,77.7338
624613,10.5196,77.5734
624614,10.4782,77.6422
624615,10.3934,77.4472
624616,10.6231,77.6765
624617,10.5831,77.5046
624618,10.5371,77.4587
624619,10.4827,77.7567
624620,10.7383,78.0766
624621,10.3898,77.3554
624622,10.4421,77.8482
624701,10.2796,77.8510
624702,10.5153,78.0310
624703,10.6719,78.0766
624704,10.5737,77.8253
624705,10.3547,77.8710
624706,10.5948,78.0880
624707,10.2829,77.8653
624708,10.2376,77.8310
624709,10.4464,77.9624
624710,10.5339,77.9396
624711,10.5993,77.9167
624712,10.6382,77.7795
624801,10.4763,78.1678
624802,10.4622,78.0880
625001,9.9157,78.1194
625002,9.9381,78.1308
625003,9.8984,78.0966
625004,9.9084,78.0680
625005,9.8619,78.0709
625006,9.8826,78.0367
625007,9.9665,78.1593
625008,9.8602,78.0252
625009,9.8866,78.1507
625011,9.9043,78.1080
625012,9.8745,78.1165
625014,9.9960,78.1393
625015,9.8818,78.0909
625016,9.9285,78.0937
625017,9.9732,78.1165
625018,9.9610,78.0823
625019,9.9435,78.0538
625020,9.9273,78.2134
625021,9.9147,78.0138
625022,9.7924,78.1222
625023,9.9525,78.1892
625101,10.1521,78.3501
625102,10.0725,78.4354
625103,10.2516,78.3615
625104,10.0160,78.2362
625105,10.0852,78.3273
625106,9.9980,78.3501
625107,9.9643,78.1735
625108,10.0876,78.3956
625109,10.0004,78.4183
625110,9.9305,78.3046
625122,9.9736,78.2818
625201,9.8842,78.2362
625203,10.1668,77.7051
625205,10.0659,77.9453
625207,10.0264,77.9167
625214,10.0338,77.9682
625218,10.0948,77.9853
625221,10.0525,78.0310
625234,9.9850,77.9853
625301,10.0363,78.1906
625402,10.0094,78.0538
625501,10.0982,78.0766
625503,10.1112,78.1336
625512,9.9487,77.5963
625513,10.0077,77.3468
625514,9.9175,77.9396
625515,9.8096,77.3899
625516,9.6960,77.2750
625517,9.9137,77.5390
625518,9.6943,77.2290
625519,9.6025,77.4013
625520,9.8778,77.4587
625521,9.6541,77.3210
625522,9.8323,77.2692
625523,10.0615,77.5333
625524,9.8660,77.2922
625525,9.6018,77.2348
625526,9.7641,77.3439
625527,9.8467,77.8024
625528,9.9488,77.3095
625529,9.9255,77.8596
625530,9.8927,77.2750
625531,10.0321,77.4817
625532,9.9660,77.7681
625533,9.8070,77.3210
625534,9.9435,77.4587
625535,9.8750,77.6765
625536,10.0171,77.6651
625537,10.0239,77.8482
625540,9.8332,77.4358
625556,9.7834,77.2750
625562,10.0531,77.6021
625579,9.7369,77.4931
625582,10.0821,77.3554
625601,10.1273,77.5333
625602,10.1480,77.6422
625603,10.0856,77.5906
625604,10.1242,77.5963
625605,10.0856,77.4472
625701,9.6676,77.9967
625702,9.6951,77.8482
625703,9.7145,77.7795
625704,9.8001,77.8767
625705,9.7436,77.6765
625706,9.7989,77.9967
625707,9.6644,77.9053
625708,9.7624,77.8939
626001,9.5899,77.9624
626002,9.5854,77.9910
626003,9.5401,77.9453
626004,9.4928,77.9967
626005,9.5753,77.8596
626101,9.5129,78.1051
626102,9.4083,77.6137
626103,9.6061,77.8024
626104,9.6376,78.0766
626105,9.4870,78.1450
626106,9.7178,78.1792
626107,9.5525,78.1450
626108,9.4294,77.8996
626109,9.6092,78.0481
626110,9.4730,77.5906
626111,9.3609,77.4989
626112,9.4838,78.0538
626113,9.3989,78.1222
626114,9.3381,78.2590
626115,9.7267,78.1222
626116,9.6056,77.6364
626117,9.4444,77.5505
626118,9.4230,78.1906
626119,9.5001,77.8939
626121,9.3975,77.4587
626122,9.4001,77.4917
626123,9.4521,77.7986
626124,9.4416,77.7376
626125,9.5186,77.4931
626126,9.5963,77.6822
626127,9.3396,77.6651
626128,9.3669,77.8253
626129,9.5021,78.2704
626130,9.5187,77.8024
626131,9.3637,77.7338
626132,9.6307,77.6507
626133,9.6650,77.6192
626134,9.4026,78.0709
626135,9.4860,77.6479
626136,9.3379,77.6192
626137,9.4210,77.6593
626138,9.5591,77.7109
626139,9.3731,77.5634
626140,9.2984,77.7338
626141,9.4872,77.6822
626142,9.4210,77.5046
626149,9.6578,77.7223
626188,9.3909,77.5017
626189,9.4323,77.8253
626201,9.2798,77.8253
626202,9.3304,78.0310
626203,9.3588,77.9053
626204,9.4160,77.9853
626205,9.2732,77.9510
626607,9.6333,78.2704
626612,9.6040,78.3728
627001,8.7310,77.7023
627002,8.7271,77.7481
627003,8.7374,77.7309
627004,8.7347,77.6507
627005,8.6964,77.7166
627006,8.7169,77.6822
627007,8.6707,77.7567
627008,8.7463,77.6737
627009,8.7180,77.7166
627010,8.7303,77.5963
627011,8.7091,77.7738
627012,8.7854,77.6307
627101,8.4364,77.6708
627102,8.4687,77.5877
627103,8.4557,77.6021
627104,8.2026,77.7509
627105,8.2761,77.5275
627106,8.1732,77.6651
627107,8.4757,77.5562
627108,8.4738,77.6651
627109,8.3101,77.5849
627110,8.4552,77.7567
627111,8.2389,77.7109
627112,8.3158,77.7681
627113,8.3234,77.6651
627114,8.1918,77.5734
627115,8.4331,77.5677
627116,8.2361,77.6192
627117,8.3864,77.6192
627118,8.3907,77.7567
627119,8.3977,77.8081
627120,8.1590,77.6393
627127,8.1526,77.6049
627131,8.2953,77.6250
627133,8.3916,77.4472
627151,8.6045,77.7109
627152,8.5600,77.6651
627201,8.8831,77.6422
627202,8.9116,77.6049
627351,8.7586,77.8024
627352,8.8660,77.7795
627353,8.7519,77.7624
627354,8.5629,77.7567
627355,8.4997,77.8024
627356,8.6469,77.6880
627357,8.8316,77.7223
627358,8.7497,77.6937
627359,8.8011,77.7795
627401,8.6981,77.4415
627412,8.7818,77.3612
627413,8.7473,77.4587
627414,8.6216,77.5734
627415,8.8522,77.3669
627416,8.6666,77.4645
627417,8.6882,77.5476
627418,8.7513,77.4186
627420,8.5206,77.4472
627421,8.6595,77.4128
627422,8.7270,77.3382
627423,8.7897,77.4358
627424,8.8034,77.3612
627425,8.6868,77.2635
627426,8.6841,77.5046
627427,8.6380,77.4960
627428,8.7217,77.4214
627451,8.6730,77.6593
627452,8.6607,77.6135
627453,8.6815,77.5906
627501,8.5347,77.5505
627502,8.5793,77.5963
627601,8.7414,77.5247
627602,8.7823,77.5390
627603,8.7205,77.5476
627604,8.6938,77.6364
627651,8.3038,77.8996
627652,8.3987,77.8424
627654,8.2906,77.8196
627657,8.3498,77.8253
627659,8.2861,77.8482
627713,9.2123,77.7747
627719,9.2308,77.6651
627751,9.0790,77.3554
627753,9.2928,77.5734
627754,9.1858,77.6192
627755,9.2019,77.4587
627756,9.2043,77.5275
627757,9.3411,77.4013
627758,9.2646,77.3899
627759,8.6994,77.8081
627760,9.2662,77.4358
627761,9.2687,77.5046
627764,9.3038,77.4489
627802,8.9026,77.2635
627803,9.0004,77.2750
627804,9.0292,77.3267
627805,8.9599,77.2779
627806,8.9446,77.3841
627807,9.0264,77.2463
627808,8.9014,77.3841
627809,8.9831,77.2463
627811,8.9663,77.3066
627812,9.1641,77.3095
627813,8.9979,77.2060
627814,8.9154,77.3210
627818,8.9551,77.2951
627851,8.8352,77.5046
627852,9.0028,77.3439
627853,8.8792,77.5275
627854,8.9289,77.5562
627855,9.1778,77.3899
627856,9.0260,77.3899
627857,9.0516,77.5046
627858,8.9588,77.4042
627859,9.0067,77.4587
627860,8.9986,77.5390
627861,8.9201,77.4587
627862,9.1271,77.4931
627951,8.9704,77.6651
627953,9.0885,77.6307
628001,8.8106,78.1593
628002,8.8331,78.0994
628003,8.7899,78.1465
628004,8.7543,78.1735
628005,8.7040,78.1222
628006,8.7834,78.1536
628007,8.7859,78.0623
628008,8.7849,78.1165
628101,8.7674,78.0766
628102,8.7436,78.0081
628103,8.7182,78.0595
628104,8.7854,77.9624
628105,8.8995,78.1450
628151,8.6316,78.0816
628152,8.6649,78.0823
628201,8.5566,78.0709
628202,8.5681,78.0937
628203,8.4207,78.0310
628204,8.5800,78.1279
628205,8.5284,78.0310
628206,8.3804,78.0338
628207,8.5939,78.0538
628208,8.4478,78.0367
628209,8.3700,78.0452
628210,8.4679,77.9910
628211,8.5782,78.0267
628212,8.6213,77.9824
628213,8.4798,78.0252
628215,8.4934,78.1165
628216,8.5173,78.1080
628217,8.5469,78.1051
628218,8.5243,78.0709
628219,8.4600,78.0823
628229,8.5947,78.0924
628251,8.6948,78.0024
628252,8.7221,77.8424
628301,8.8503,77.9624
628302,8.8914,77.8939
628303,8.8473,77.8710
628304,8.8092,78.0310
628401,8.9272,77.9967
628402,8.8757,78.0766
628501,9.1749,77.8567
628502,9.1944,77.8710
628503,9.1546,77.8196
628552,9.1021,77.7109
628601,8.6353,77.9139
628612,8.5903,77.9396
628613,8.5019,77.8710
628614,8.5943,77.9824
628615,8.6465,77.8424
628616,8.5646,77.9796
628617,8.5471,77.9396
628618,8.5738,78.0167
628619,8.6536,77.8939
628620,8.6610,77.9567
628621,8.6160,77.8996
628622,8.5874,77.8482
628623,8.5976,78.0024
628653,8.3690,77.9225
628656,8.3371,77.9339
628701,8.4773,77.9453
628702,8.3950,77.8939
628703,8.3711,77.9910
628704,8.4491,77.9053
628712,9.0185,78.1336
628714,8.9646,77.8139
628716,9.0842,77.8253
628718,9.0125,77.9510
628720,9.0978,77.9053
628721,9.1912,77.7766
628722,8.9366,78.1165
628751,8.6624,78.0024
628752,8.6404,77.9910
628753,8.6286,77.9567
628801,8.6287,78.0452
628802,8.6527,78.0367
628809,8.6677,77.8310
628851,8.7400,77.8939
628901,9.0768,78.2590
628902,9.1473,78.0880
628903,8.9885,78.2134
628904,9.2456,78.0994
628905,9.2809,78.1792
628906,9.0341,78.2818
628907,9.1953,78.2248
628908,9.0903,78.0081
628952,8.9735,77.7567
629001,8.1927,77.4300
629002,8.1605,77.4300
629003,8.1890,77.3985
629004,8.1665,77.4085
629101,8.4835,77.2980
629102,8.1875,77.3525
629151,8.3686,77.2348
629152,8.4167,77.2290
629153,8.3374,77.1801
629154,8.2721,77.1514
629155,8.2965,77.2434
629156,8.2492,77.2721
629157,8.2503,77.2233
629158,8.2810,77.2606
629159,8.2082,77.2463
629160,8.2795,77.1313
629161,8.3768,77.3210
629162,8.2924,77.2003
629163,8.3242,77.1888
629164,8.3069,77.3152
629165,8.3039,77.2233
629166,8.2743,77.3037
629167,8.2605,77.2894
629168,8.3361,77.2233
629169,8.2622,77.2578
629170,8.3782,77.2003
629171,8.2703,77.1773
629172,8.3020,77.1658
629173,8.2488,77.1773
629174,8.2418,77.2922
629175,8.2429,77.3267
629176,8.2612,77.1456
629177,8.3268,77.2692
629178,8.2178,77.2118
629179,8.3026,77.2664
629180,8.2250,77.3525
629193,8.2278,77.1888
629201,8.1584,77.3612
629202,8.1362,77.3382
629203,8.1019,77.5247
629204,8.1545,77.3238
629251,8.1841,77.2434
629252,8.1566,77.3037
629301,8.2717,77.3899
629302,8.2111,77.5046
629401,8.1323,77.5562
629402,8.1741,77.5218
629403,8.1544,77.4903
629501,8.1218,77.3899
629502,8.2130,77.3956
629601,8.1288,77.4415
629602,8.0974,77.4645
629701,8.0985,77.4989
629702,8.0892,77.5447
629703,8.1309,77.5103
629704,8.1616,77.4645
629801,8.2012,77.3612
629802,8.2101,77.3037
629803,8.1903,77.2721
629804,8.2197,77.2692
629809,8.1683,77.3382
629810,8.2082,77.3296
629851,8.3146,77.3899
629852,8.2462,77.4300
629901,8.2311,77.4587
630001,10.0615,78.7533
630002,10.0874,78.7845
630003,10.0750,78.7830
630005,9.9742,78.7760
630101,10.1497,78.7533
630102,10.1590,78.7845
630103,10.1840,78.7873
630104,10.1079,78.8213
630105,10.1958,78.8099
630106,10.1223,78.7590
630107,10.1406,78.8099
630108,10.0616,78.9175
630201,10.1969,78.5263
630202,10.0471,78.8156
630203,10.1822,78.5774
630204,10.0573,78.6285
630205,10.2115,78.6285
630206,10.0926,78.6966
630207,10.0964,78.6455
630208,10.1375,78.7193
630210,10.0500,78.5774
630211,10.1259,78.5434
630212,10.1462,78.6512
630301,10.0289,78.7646
630302,9.9265,78.8269
630303,9.9500,78.8722
630305,9.9659,78.6909
630306,9.9930,78.7618
630307,10.0327,78.7136
630309,10.3309,78.4183
630311,9.9242,78.7590
630312,9.8613,78.8496
630313,9.9912,78.6285
630314,9.9932,78.8496
630321,9.9048,78.6739
630405,10.2499,78.6228
630408,9.8150,78.7816
630410,10.3113,78.4866
630411,9.8567,78.7136
630501,10.1561,78.4638
630502,10.2214,78.4411
630551,9.8211,78.6342
630552,9.9751,78.4809
630553,10.0044,78.5320
630554,9.7681,78.6909
630555,9.9252,78.6285
630556,9.8741,78.5774
630557,9.9376,78.5093
630558,9.9392,78.5547
630559,9.8012,78.3728
630561,9.8164,78.4979
630562,9.9011,78.4070
630566,10.0476,78.5093
630602,9.7528,78.4013
630606,9.6849,78.4979
630609,9.6704,78.3956
630610,9.7550,78.3046
630611,9.8070,78.2248
630702,9.6131,78.6455
630709,9.6781,78.6228
630710,9.6161,78.7363
630713,9.6819,78.7363
631001,13.0871,79.6671
631002,13.0225,79.6165
631003,13.1381,79.6614
631004,13.0880,79.6895
631005,12.9761,79.5941
631006,13.0652,79.6895
631051,12.9779,79.6390
631052,12.9516,79.5491
631101,13.1062,79.5772
631102,13.0888,79.4310
631151,13.0261,79.7063
631152,12.9988,79.7344
631201,13.2073,79.6839
631202,13.2609,79.4648
631203,13.0997,79.8409
631204,13.2100,79.7512
631205,13.1781,79.5266
631206,13.2286,79.5098
631207,13.3120,79.4591
631208,13.2692,79.5266
631209,13.1809,79.5941
631210,13.1307,79.7624
631211,13.1560,79.6137
631212,13.2510,79.6390
631213,13.2264,79.5941
631301,13.1725,79.3916
631302,13.1033,79.3691
631303,13.1526,79.4591
631304,13.1778,79.4507
631402,13.0087,79.8409
631501,12.8279,79.7232
631502,12.8997,79.6727
631551,12.8625,79.5941
631552,12.8906,79.7288
631553,12.9833,79.7736
631561,12.8705,79.7961
631601,12.8015,79.7736
631603,12.7107,79.7736
631604,12.8748,79.9081
631605,12.8049,79.8633
631606,12.7772,79.8801
631701,12.7063,79.6614
631702,12.7589,79.7007
632001,12.8954,79.1492
632002,12.8832,79.1266
632004,12.9258,79.1295
632006,12.9567,79.1210
632007,12.9887,79.1407
632008,12.9308,79.1125
632009,12.9368,79.1887
632010,12.9153,79.0815
632011,12.8234,79.1887
632012,12.9320,79.1407
632013,12.9192,79.1069
632014,12.9640,79.1605
632055,12.8704,79.0927
632057,12.8469,79.1407
632058,12.8423,79.0984
632059,13.0238,79.0984
632101,12.8375,78.9854
632102,12.7507,79.0758
632103,12.7342,78.9515
632104,12.9065,79.0080
632105,12.8631,79.0532
632106,12.9822,79.1887
632107,12.7638,78.8496
632113,12.7960,79.0758
632114,12.9143,79.0589
632115,13.0330,79.2155
632201,12.9568,78.9910
632202,12.9765,79.0532
632203,12.9963,78.9854
632204,12.9696,79.0250
632209,12.9944,78.9401
632301,12.6716,79.2874
632311,12.7480,79.1492
632312,12.7235,79.1040
632313,12.5353,79.3466
632314,12.7345,79.2338
632315,12.6864,79.1661
632316,12.6516,79.2846
632317,12.6929,79.3240
632318,12.6738,79.4141
632319,12.7726,79.1944
632326,12.6014,79.3015
632401,12.9624,79.3073
632403,12.9851,79.2884
632404,12.9406,79.3057
632405,12.9922,79.3264
632406,12.9662,79.2818
632501,13.0133,79.3916
632502,13.0207,79.5716
632503,12.8534,79.3691
632504,12.7659,79.3071
632505,13.0170,79.4816
632506,12.7981,79.4029
632507,12.8434,79.2620
632508,12.9025,79.4591
632509,12.8706,79.2338
632510,13.0871,79.5266
632511,12.8353,79.4816
632512,12.8044,79.2789
632513,12.9225,79.3916
632514,13.1282,79.2846
632515,12.9909,79.2620
632516,13.0326,79.1718
632517,12.9160,79.2338
632518,12.7201,79.4366
632519,12.9841,79.2338
632520,13.0496,79.3071
632521,12.8684,79.3184
632531,12.8825,79.5266
632601,13.0458,78.8156
632602,12.9483,78.8581
632603,13.0625,78.9401
635001,12.5264,78.1963
635002,12.5505,78.2305
635101,12.4867,78.1906
635102,12.2959,77.6994
635103,12.8097,77.8482
635104,12.5732,78.3615
635105,12.7806,77.9510
635106,12.4230,78.1507
635107,12.4565,77.7681
635108,12.5143,78.3046
635109,12.7194,77.8482
635110,12.6711,77.7795
635111,12.2967,78.2248
635112,12.3976,78.2134
635113,12.4177,77.9053
635114,12.6346,77.7223
635115,12.5995,78.1906
635116,12.5226,77.9853
635117,12.6472,77.9967
635118,12.5853,77.6307
635119,12.6430,77.9053
635120,12.6143,78.2704
635121,12.6986,78.1336
635122,12.5160,78.0880
635123,12.3183,78.3330
635124,12.8570,77.8939
635126,12.7339,77.7967
635201,12.2727,78.3216
635202,12.1979,78.2818
635203,12.4378,78.3615
635204,12.3923,78.2887
635205,12.2390,78.1906
635206,12.3369,78.3728
635207,12.2183,78.4979
635301,11.9928,78.2134
635302,12.0444,78.3728
635303,12.0865,78.3046
635304,12.2595,78.4070
635305,12.1245,78.4070
635306,12.3535,78.4979
635307,12.2221,78.5888
635601,12.5035,78.5774
635602,12.4574,78.5547
635651,12.5222,78.4866
635652,12.3916,78.6001
635653,12.4829,78.6228
635654,12.4319,78.4866
635655,12.3612,78.6796
635701,12.6252,78.7816
635702,12.5093,78.7136
635703,12.5277,78.8836
635710,12.5564,78.7590
635751,12.6567,78.5945
635752,12.6420,78.6455
635754,12.7305,78.6001
635801,12.6607,78.5547
635802,12.7816,78.7363
635803,12.9471,78.8949
635804,12.8327,78.8722
635805,12.8732,78.7590
635806,12.9180,78.8779
635807,12.6892,78.6909
635808,12.8205,78.7193
635809,12.8800,78.9175
635810,12.9511,78.7249
635811,12.8112,78.6342
635812,12.8234,78.7873
635813,12.8988,78.8269
635814,12.7147,78.7590
635815,12.6155,78.5547
635851,12.6174,78.6001
635852,12.6135,78.5093
635853,12.5742,78.6455
635854,12.5772,78.4525
635901,12.4977,78.4411
636001,11.6560,78.1664
636002,11.6450,78.1365
636003,11.6581,78.1821
636004,11.6898,78.1365
636005,11.6723,78.1194
636006,11.6345,78.1536
636007,11.6713,78.1621
636008,11.7004,78.1906
636009,11.6620,78.1422
636010,11.6242,78.1051
636011,11.7122,78.0709
636012,11.7540,78.1336
636013,11.6762,78.0138
636014,11.6727,78.1963
636015,11.6386,78.1849
636016,11.6746,78.1408
636030,11.6670,78.0595
636101,11.5460,78.8043
636102,11.5818,78.5774
636103,11.6629,78.2305
636104,11.7044,78.4240
636105,11.4950,78.6455
636106,11.6818,78.2818
636107,11.5451,78.4979
636108,11.6383,78.5888
636109,11.6297,78.5150
636110,11.3699,78.5888
636111,11.6233,78.3558
636112,11.6437,78.7249
636113,11.4199,78.4411
636114,11.7690,78.4979
636115,11.6202,78.4183
636116,11.4771,78.7590
636117,11.6911,78.5093
636118,11.4918,78.4240
636119,11.6283,78.4809
636121,11.5863,78.6909
636122,11.7315,78.2647
636138,11.8194,78.6342
636139,11.7635,78.3615
636140,11.6593,78.2106
636141,11.5147,78.5774
636142,11.4449,78.3672
636201,11.6037,78.1507
636202,11.5415,78.4070
636203,11.5634,78.1222
636204,11.5788,78.2248
636301,11.5148,78.1621
636302,11.6769,78.0966
636303,11.8707,77.7223
636304,11.6996,78.0367
636305,11.8738,78.0538
636306,11.6510,77.9453
636307,11.6276,78.0538
636308,11.5838,78.0766
636309,11.8076,78.0766
636351,11.8982,78.0994
636352,11.9645,78.0766
636354,11.9235,78.1678
636401,11.8581,77.8196
636402,11.8054,77.8282
636403,11.8149,77.8539
636404,11.8426,77.8482
636406,11.7574,77.8196
636451,11.8485,77.9853
636452,11.7715,77.7567
636453,11.8232,77.9167
636454,11.7774,77.8939
636455,11.7769,78.0138
636456,11.6443,78.3216
636457,11.7589,77.8539
636458,11.8894,77.8939
636501,11.6977,77.8596
636502,11.6918,77.9853
636503,11.7580,77.9624
636601,11.7578,78.2248
636602,11.8923,78.2248
636701,12.1422,78.1621
636704,12.1168,78.2248
636705,12.1412,78.1393
636803,12.1206,78.0538
636804,12.0518,78.1507
636805,12.3808,78.0880
636806,12.3875,77.9853
636807,12.0318,78.0766
636808,12.2847,77.9510
636809,12.2095,78.0310
636810,12.0540,77.8139
636811,11.9723,77.9967
636812,12.4776,77.9853
636813,12.1166,77.9624
636902,12.1175,78.5093
636903,11.9036,78.4979
636904,11.9878,78.3615
636905,11.9097,78.3728
636906,11.9756,78.6115
637001,11.2248,78.1621
637002,11.1869,78.1906
637003,11.2510,78.1222
637013,11.1247,78.3046
637014,11.3652,78.1906
637015,11.0574,78.1507
637017,11.1166,78.0994
637018,11.3625,78.1222
637019,11.2974,78.1678
637020,11.1211,78.2134
637021,11.1710,78.3501
637101,11.6063,77.8139
637102,11.5539,77.8939
637103,11.5228,77.9510
637104,11.5481,77.7567
637105,11.6374,77.8882
637107,11.6209,77.7624
637201,11.2891,77.9624
637202,11.3462,77.9967
637203,11.2427,77.9167
637204,11.1546,77.9396
637205,11.3773,77.9396
637206,11.2010,77.9853
637207,11.1815,78.0538
637208,11.0879,77.9396
637209,11.3967,77.8710
637210,11.2888,77.8196
637211,11.3812,77.8996
637212,11.2705,78.0538
637213,11.1972,77.8939
637214,11.3076,77.8710
637215,11.3725,77.8253
637301,11.4704,77.8996
637302,11.4423,77.8939
637303,11.5170,77.8139
637304,11.4171,77.8253
637401,11.4526,78.1450
637402,11.3903,78.2590
637403,11.4347,78.1165
637404,11.3020,78.2818
637405,11.2377,78.2077
637406,11.4582,78.2818
637407,11.5243,78.2590
637408,11.4545,78.1906
637409,11.2779,78.2362
637410,11.4052,78.0766
637411,11.3181,78.4070
637412,11.4108,78.2134
637501,11.5382,78.0538
637502,11.6238,77.9624
637503,11.4693,78.0081
637504,11.5538,78.0252
637505,11.4954,78.0994
638001,11.3581,77.7136
638002,11.3077,77.7395
638003,11.3496,77.7423
638004,11.3610,77.6822
638005,11.3702,77.7023
638006,11.3881,77.7967
638007,11.3314,77.7738
638008,11.4142,77.7567
638009,11.3474,77.6929
638010,11.3669,77.7895
638011,11.3280,77.6937
638012,11.3191,77.6794
638051,11.1627,77.5963
638052,11.2739,77.5963
638053,11.2809,77.5648
638054,11.3793,77.4587
638055,11.3106,77.4128
638056,11.2265,77.5275
638057,11.3155,77.5275
638101,11.1452,77.7109
638102,11.3881,77.6651
638103,11.2651,77.3899
638104,11.1935,77.8024
638105,11.0351,77.7338
638106,10.8125,77.7109
638107,11.3426,77.6422
638108,11.0661,77.6765
638109,11.1268,77.8024
638110,11.3358,77.4817
638111,10.9223,77.6880
638112,11.2439,77.6765
638115,11.2351,77.7338
638116,11.3687,77.6021
638151,11.0736,77.8596
638152,11.1465,77.8767
638153,11.2389,77.8253
638154,11.1900,77.8539
638181,11.1202,77.9824
638182,11.1129,78.0081
638183,11.4346,77.7109
638301,11.4835,77.6822
638311,11.6364,77.7338
638312,11.5209,77.6422
638313,11.4926,77.5046
638314,11.5888,77.6651
638315,11.4966,77.5963
638316,11.4380,77.6593
638401,11.5241,77.2060
638402,11.4573,77.2060
638451,11.4406,77.0795
638452,11.4674,77.4358
638453,11.4261,77.3841
638454,11.4042,77.2635
638455,11.4065,77.5734
638456,11.3831,77.4186
638457,11.4353,77.3382
638458,11.3743,77.3439
638459,11.3885,77.1600
638460,11.3056,77.2980
638461,11.6357,76.9643
638462,11.3471,77.2290
638476,11.4248,77.4817
638501,11.6071,77.5734
638502,11.5382,77.5275
638503,11.6482,77.2405
638504,11.7498,77.5161
638505,11.5294,77.4530
638506,11.5089,77.3669
638656,10.7551,77.5218
638657,10.7446,77.4013
638660,10.9351,77.4587
638661,10.7539,77.6307
638672,10.6705,77.4817
638673,10.6963,77.5734
638701,11.0179,77.5849
638702,10.8427,77.3669
638703,10.8936,77.5275
638706,10.8291,77.5734
638751,11.1367,77.5046
638752,11.1497,77.4186
638812,11.2057,77.4300
639001,10.9539,78.0595
639002,10.9343,77.9853
639003,10.8917,78.0310
639004,10.9783,78.1165
639005,10.8935,78.0766
639006,10.9983,78.0595
639007,10.9330,78.0937
639008,10.9747,78.0252
639101,10.8642,78.6172
639102,10.9121,78.2704
639103,10.8238,78.5774
639104,10.9289,78.4183
639105,10.9263,78.3501
639107,10.9022,78.4468
639108,10.9201,78.1906
639109,10.8243,78.0081
639110,10.8320,78.4979
639111,10.9108,77.9088
639112,10.9039,78.4922
639113,11.0649,78.0595
639114,10.9628,78.1450
639115,10.8843,78.5604
639116,11.0276,78.0994
639117,11.0435,77.9396
639118,10.8509,78.1222
639119,10.8366,78.3273
639120,10.8285,78.4070
639136,11.0240,78.0081
639201,10.7976,77.8939
639202,10.7594,77.7681
639203,10.7126,77.9853
639205,10.7072,77.8482
639206,10.9306,77.7883
639207,10.6878,77.9167
641001,10.9991,76.9441
641002,11.0104,76.9499
641003,11.0099,76.9384
641004,11.0362,77.0142
641005,10.9970,77.0248
641006,11.0420,76.9759
641007,11.0011,76.8942
641008,10.9632,76.9470
641009,11.0123,76.9629
641010,10.9550,76.8836
641011,11.0227,76.9456
641012,11.0207,76.9629
641013,11.0219,76.9283
641014,11.0336,77.0392
641015,11.0076,77.0133
641016,10.9851,77.0680
641017,11.0977,76.9211
641018,11.0003,76.9729
641019,11.1805,76.9758
641020,11.1505,76.9240
641021,10.9215,77.0046
641022,11.1077,76.9585
641023,10.9552,77.0161
641024,10.9642,76.9701
641025,11.0397,76.9240
641026,11.1808,77.1082
641027,11.0288,76.9600
641028,11.0127,77.0017
641029,11.0745,76.9585
641030,11.0476,76.9456
641031,11.1178,76.9355
641032,10.8484,76.9758
641033,11.0126,77.0320
641034,11.0816,76.9326
641035,11.0682,77.0061
641036,11.0904,76.8807
641037,11.0138,76.9794
641038,11.0307,76.9398
641039,11.1824,77.0823
641041,11.0609,76.9009
641042,10.9406,76.9355
641043,11.0292,76.9521
641044,11.0174,76.9845
641045,10.9984,76.9931
641046,11.0415,76.8375
641047,11.1602,76.9557
641048,11.0948,77.0449
641049,11.0562,76.9845
641050,10.8989,76.9931
641062,11.0525,77.0910
641101,10.9288,76.7914
641103,11.0241,77.0737
641104,11.2460,76.9528
641105,10.9127,76.9297
641107,11.1614,77.0449
641108,11.0847,76.8144
641109,10.9952,76.7914
641110,11.1540,77.0046
641111,11.1597,76.7567
641112,10.8886,76.8836
641113,11.2198,76.8606
641114,10.9363,76.7106
641201,10.8965,77.0680
641202,10.8374,77.1082
641301,11.3349,76.9528
641302,11.3516,77.0795
641305,11.2990,76.8952
641401,11.0280,77.1658
641402,11.0092,77.1140
641407,10.7639,77.2003
641601,11.1054,77.3403
641602,11.1053,77.3525
641603,11.1463,77.3382
641604,11.1042,77.3690
641605,11.0199,77.3669
641606,11.1011,77.3901
641607,11.1250,77.3612
641652,11.1675,77.3152
641653,11.2521,77.0910
641654,11.2283,77.3095
641655,11.2784,77.1830
641658,10.9226,77.1600
641659,11.1664,77.1600
641662,11.0151,77.2520
641663,11.1269,77.2750
641664,10.9621,77.3095
641665,11.0122,77.4472
641666,11.1762,77.3899
641667,10.8860,77.3439
641668,11.0574,77.2060
641669,10.8803,77.2060
641670,11.2127,77.2060
641671,10.8274,77.2635
641687,11.0835,77.2980
641697,11.2279,77.0449
642001,10.6669,76.9931
642002,10.6900,77.0161
642003,10.6252,77.0507
642004,10.6485,76.9801
642005,10.6919,76.9297
642006,10.6353,77.0277
642007,10.5414,77.0219
642101,10.4035,77.1485
642102,10.3421,77.2635
642103,10.6238,76.8836
642104,10.5768,76.9470
642105,10.4151,76.8952
642106,10.6219,76.9701
642107,10.6008,77.1255
642108,10.3555,76.9845
642109,10.7821,76.9758
642110,10.7379,76.9758
642111,10.6324,77.2233
642112,10.4838,77.2290
642113,10.5608,77.3612
642114,10.6207,77.0075
642117,10.2737,76.9297
642120,10.7313,77.0795
642122,10.5710,77.2060
642123,10.5855,77.0219
642125,10.3148,76.8606
642126,10.6180,77.2750
642127,10.2985,76.9989
642128,10.5767,77.2779
642129,10.5471,76.8952
642130,10.6658,77.0305
642132,10.5250,77.1600
642133,10.4906,76.8606
642134,10.5778,76.9701
642154,10.5086,77.2980
642201,10.7284,77.2750
642202,10.7889,77.1370
642203,10.6208,77.3439
642204,10.5105,77.3439
642205,10.6583,77.1830
642206,10.7130,77.3037
642207,10.5222,77.0910
643001,11.4040,76.7019
643002,11.4143,76.7452
643003,11.3393,76.6817
643004,11.3868,76.6297
643005,11.4545,76.6528
643006,11.4170,76.6817
643007,11.4736,76.7048
643101,11.3486,76.7957
643102,11.3510,76.7870
643103,11.3572,76.8317
643105,11.3213,76.7740
643201,11.3926,76.8779
643202,11.3541,76.7625
643203,11.3205,76.6961
643204,11.2862,76.6730
643205,11.4974,76.2653
643206,11.5382,76.7798
643207,11.6004,76.4447
643209,11.2843,76.5719
643211,11.5359,76.4910
643212,11.5158,76.5373
643213,11.3192,76.7279
643214,11.4175,76.8144
643215,11.3636,76.7279
643216,11.4407,76.9585
643217,11.5233,76.9413
643218,11.2758,76.7510
643219,11.2606,76.6586
643220,11.5207,76.2885
643221,11.2849,76.7048
643223,11.5530,76.6182
643224,11.4958,76.5835
643225,11.5315,76.3985
643226,11.4133,76.6008
643228,11.3826,76.5373
643231,11.3884,76.7856
643233,11.4838,76.3290
643236,11.4005,76.9297
643237,11.4470,76.4910
643238,11.3123,76.8202
643239,11.5704,76.2827
643240,11.5749,76.3753
643241,11.5024,76.3695
643242,11.3150,76.6355
643243,11.3663,76.7582
643253,11.5282,76.3290
670001,11.8702,75.3689
670002,11.8827,75.3675
670003,11.8642,75.3602
670004,11.8938,75.3675
670005,11.8947,75.3849
670006,11.8687,75.4199
670007,11.8436,75.4170
670008,11.8925,75.3441
670009,11.9276,75.3237
670010,11.9247,75.3485
670011,11.9189,75.3704
670012,11.8708,75.3806
670013,11.8591,75.3689
670014,11.8820,75.3558
670017,11.8777,75.3653
670018,11.8880,75.4170
670101,11.7707,75.5102
670102,11.7380,75.5218
670103,11.7497,75.5058
670104,11.8002,75.4898
670105,11.8114,75.4651
670106,11.7768,75.4665
670107,11.7916,75.5117
670141,12.0347,75.3529
670142,12.0607,75.4228
670143,12.0276,75.3237
670301,11.9936,75.3121
670302,11.9579,75.2931
670303,12.0268,75.2567
670304,12.0311,75.2333
670305,12.0428,75.2450
670306,12.1683,75.3529
670307,12.1397,75.2362
670308,12.0436,75.2071
670309,12.0788,75.2421
670310,12.0345,75.1925
670325,11.9833,75.2742
670327,12.1034,75.2333
670331,11.8845,75.4024
670334,12.0368,75.2887
670353,12.2090,75.2829
670358,12.0127,75.2537
670501,12.0801,75.2654
670502,12.0832,75.3237
670503,12.0617,75.2858
670504,12.0662,75.2817
670511,12.2889,75.3179
670521,12.1888,75.2187
670561,11.9621,75.3470
670562,11.9634,75.3704
670563,11.9980,75.3937
670567,11.9902,75.3529
670571,12.2073,75.4578
670581,12.1262,75.3995
670582,12.1312,75.4927
670591,11.9036,75.4490
670592,11.9349,75.4636
670593,12.0037,75.6092
670594,11.9103,75.4170
670595,11.9263,75.5102
670601,11.9717,75.4228
670602,11.9754,75.4927
670604,11.9319,75.4053
670611,11.9060,75.4956
670612,11.8877,75.5160
670613,11.8905,75.4636
670621,11.8396,75.4461
670622,11.8361,75.4869
670631,12.0316,75.5044
670632,12.0904,75.5626
670633,12.0940,75.6324
670641,11.7719,75.5335
670642,11.7912,75.5306
670643,11.8444,75.5393
670644,11.7815,75.8302
670645,11.7908,76.0160
670646,11.8822,76.0624
670649,11.8145,75.4986
670650,11.8306,75.7023
670651,11.8845,75.8883
670661,11.7993,75.4723
670662,11.7928,75.4549
670663,11.8089,75.4432
670671,11.8024,75.5859
670672,11.7287,75.5568
670673,11.8985,75.7255
670674,11.9150,75.8302
670675,11.7106,75.5830
670676,11.7311,75.6034
670691,11.7953,75.5568
670692,11.7638,75.5917
670693,11.7838,75.6557
670694,11.7538,75.5597
670701,11.8691,75.5859
670702,11.9475,75.5975
670703,11.9628,75.6790
670704,11.9887,75.7488
670705,12.0572,75.6732
670706,12.0555,75.7488
670721,11.7615,76.0972
670731,11.7300,75.9115
670741,11.8107,75.4782
671121,12.5129,75.0319
671122,12.4815,74.9954
671123,12.5102,74.9852
671124,12.5503,75.0027
671310,12.1582,75.1662
671311,12.1084,75.1720
671312,12.1844,75.1370
671313,12.2321,75.1954
671314,12.2838,75.2246
671315,12.2715,75.1020
671316,12.3980,75.0728
671317,12.4669,75.0085
671318,12.4472,75.0553
671319,12.4341,75.0202
671321,12.6159,74.9793
671322,12.6830,74.9793
671323,12.7473,74.9326
671324,12.6553,74.9355
671326,12.3466,75.3529
671348,12.7027,75.0319
671351,12.2260,75.1341
671531,12.3679,75.1312
671532,12.4333,75.3062
671533,12.3664,75.3062
671541,12.4597,75.1779
671542,12.5122,75.1195
671543,12.5608,75.1896
671551,12.5779,75.0962
671552,12.6449,75.0962
673001,11.2443,75.7808
673002,11.2462,75.7909
673003,11.2225,75.7866
673004,11.2611,75.7866
673005,11.2961,75.7662
673006,11.2774,75.7808
673007,11.2402,75.8098
673008,11.2622,75.8650
673009,11.2978,75.8011
673010,11.2998,75.7866
673011,11.2713,75.7691
673012,11.2960,75.8214
673014,11.2326,75.8243
673015,11.1849,75.8098
673016,11.2565,75.8040
673017,11.2757,75.8011
673018,11.2109,75.8055
673019,11.2232,75.8592
673020,11.2847,75.7880
673021,11.3150,75.7575
673027,11.1994,75.8243
673028,11.2009,75.7982
673029,11.2248,75.8055
673032,11.2564,75.7735
673101,11.5889,75.5888
673102,11.6432,75.5655
673103,11.6269,75.5713
673104,11.6091,75.6034
673105,11.5785,75.6004
673106,11.6423,75.6034
673121,11.6095,76.0566
673122,11.6597,76.0624
673123,11.5867,76.0450
673301,11.1523,75.8214
673302,11.1346,75.8258
673303,11.3398,75.7546
673304,11.4103,75.7255
673305,11.4476,75.6964
673306,11.4403,75.7168
673307,11.4965,75.6790
673308,11.6628,75.5684
673309,11.6870,75.5539
673310,11.6975,75.5422
673312,11.7089,75.5480
673313,11.6987,75.5655
673314,11.1232,75.8476
673315,11.4067,75.7662
673316,11.6882,75.5772
673317,11.3415,75.7895
673328,11.1476,75.8389
673501,11.6645,75.6034
673502,11.6657,75.6266
673503,11.6800,75.6354
673504,11.6917,75.6470
673505,11.7121,75.6121
673506,11.7025,75.6964
673507,11.6529,75.7023
673508,11.6500,75.7546
673509,11.7335,75.6499
673513,11.7230,75.7720
673517,11.7236,75.6732
673521,11.5770,75.6266
673522,11.5321,75.6150
673523,11.5344,75.6615
673524,11.5595,75.7197
673525,11.5677,75.7720
673526,11.5857,75.8011
673527,11.5326,75.8476
673528,11.6167,75.8650
673529,11.4942,75.6324
673541,11.5840,75.6557
673542,11.6336,75.6499
673570,11.2985,75.8737
673571,11.3122,75.8708
673572,11.3593,75.9289
673573,11.4053,75.9637
673574,11.4404,75.8883
673575,11.6213,75.9579
673576,11.5359,76.0276
673577,11.5310,76.1552
673579,11.8094,76.1668
673580,11.4239,76.0044
673581,11.5449,76.2131
673582,11.3615,75.9754
673585,11.3728,75.8650
673586,11.4915,76.0276
673591,11.6759,76.1668
673592,11.7155,76.2943
673593,11.6104,76.1900
673595,11.6149,76.2827
673596,11.7427,76.1668
673601,11.3098,75.9347
673602,11.2962,75.9986
673603,11.3934,76.0624
673604,11.3153,76.0508
673611,11.3210,75.8243
673612,11.4603,75.8418
673613,11.4148,75.8185
673614,11.5023,75.7953
673615,11.5302,75.9115
673616,11.3647,75.8127
673620,11.4557,75.7488
673631,11.1679,75.8592
673632,11.1979,75.8505
673633,11.2149,75.9173
673634,11.1597,75.9173
673635,11.1086,75.8883
673636,11.1416,75.8970
673637,11.1818,75.9173
673638,11.1130,75.9812
673639,11.2489,76.0508
673640,11.2393,75.9637
673641,11.1826,76.0508
673642,11.1436,76.0450
673645,11.2188,75.9986
673647,11.1276,75.9405
673655,11.5473,75.6964
673661,11.2719,75.9521
676101,10.9175,75.9289
676102,10.8241,75.9347
676103,10.9186,75.9521
676104,10.9036,75.9260
676105,10.8833,75.9057
676106,10.9511,75.9405
676107,10.9390,75.9173
676108,10.8556,75.9608
676109,10.9300,75.9028
676121,11.1627,76.0972
676122,11.1217,76.1668
676123,11.1880,76.1668
676301,10.8987,75.9986
676302,10.9762,75.8883
676303,11.0360,75.8708
676304,11.0468,75.9812
676305,11.0730,75.9521
676306,11.0382,75.9173
676307,10.9559,75.9030
676309,11.0191,75.9202
676311,11.0603,75.9173
676312,11.0820,75.8505
676317,11.1052,75.9262
676319,11.0718,75.8679
676320,10.9812,75.9246
676501,10.9853,75.9637
676502,10.9075,75.8912
676503,11.0059,76.0508
676504,11.0133,76.0914
676505,11.0563,76.0682
676506,11.0556,76.1117
676507,11.0370,76.1262
676508,11.0068,75.9521
676509,11.0806,76.1146
676510,10.9543,76.0102
676517,11.1174,76.0740
676519,11.0779,76.0566
676521,11.1249,76.2363
676522,11.0957,76.2624
676523,11.1314,76.3753
676525,11.1851,76.3406
676528,11.0326,76.0334
676541,11.2301,76.1204
676542,11.2497,76.1842
676551,10.9364,75.9812
676552,10.8977,76.0972
676553,10.9397,76.0508
676561,10.8482,75.9202
676562,10.8474,75.9028
678001,10.7601,76.6557
678002,10.7982,76.6442
678003,10.7943,76.6514
678004,10.7619,76.6355
678005,10.7970,76.6817
678006,10.7746,76.6095
678007,10.7750,76.6817
678008,10.8796,76.6759
678009,10.8056,76.6239
678010,10.7889,76.6543
678011,10.8042,76.6557
678012,10.7811,76.6326
678013,10.7661,76.6673
678014,10.7824,76.6615
678101,10.7008,76.7510
678102,10.6767,76.7048
678103,10.6782,76.7394
678104,10.6969,76.7250
678501,10.6968,76.6586
678502,10.6711,76.6384
678503,10.6647,76.6817
678504,10.6547,76.7048
678505,10.6422,76.6701
678506,10.5939,76.6990
678507,10.5758,76.7914
678508,10.4724,76.6875
678510,10.5607,76.5662
678512,10.6507,76.6124
678531,10.7093,76.6932
678532,10.6337,76.7279
678533,10.7434,76.7163
678534,10.6639,76.7914
678541,10.6448,76.5402
678542,10.6377,76.5662
678543,10.6557,76.4737
678544,10.6782,76.4852
678545,10.6378,76.5055
678546,10.6597,76.5662
678551,10.7424,76.6932
678552,10.7218,76.7279
678553,10.7133,76.7856
678554,10.9698,76.3464
678555,10.7215,76.8490
678556,10.7772,76.8606
678557,10.8146,76.8317
678571,10.7484,76.5777
678572,10.7610,76.5517
678573,10.7679,76.5199
678574,10.7223,76.4852
678581,11.1556,76.6644
678582,11.1029,76.4794
678583,10.9545,76.3753
678591,10.9323,76.6182
678592,10.8361,76.5662
678593,10.9650,76.4852
678594,10.8156,76.6008
678595,10.9313,76.4737
678596,10.8792,76.5430
678597,10.9129,76.5546
678598,10.9876,76.4968
678601,11.0650,76.3753
678611,10.7925,76.5777
678612,10.7915,76.5546
678613,10.8062,76.5141
678621,10.8184,76.7914
678622,10.7511,76.7683
678623,10.8096,76.7163
678624,10.8453,76.8404
678631,10.8556,76.5084
678632,10.8935,76.4910
678633,10.8693,76.4447
678641,10.8325,76.4852
678642,10.7984,76.4621
678651,10.8605,76.7452
678661,10.4218,76.7914
678671,10.6929,76.6326
678681,10.6361,76.5922
678682,10.6127,76.4968
678683,10.5902,76.4852
678684,10.5619,76.4679
678685,10.6201,76.4766
678686,10.5992,76.4390
678687,10.6269,76.4447
678688,10.6292,76.6239
678701,10.7294,76.6470
678702,10.7221,76.6066
678703,10.6167,76.5893
678704,10.6037,76.5430
678705,10.5888,76.5170
678706,10.5199,76.5141
678721,10.6970,76.5373
678722,10.7348,76.5199
678731,10.6804,76.5979
678732,10.8170,76.6961
678762,10.9745,76.4505
679101,10.7699,76.3782
679102,10.7943,76.3695
679103,10.7602,76.4071
679104,10.7854,76.3550
679105,10.7507,76.3811
679106,10.7292,76.3927
679121,10.7702,76.2624
679122,10.8012,76.2769
679123,10.7535,76.2566
679301,10.7748,76.4274
679302,10.7659,76.4737
679303,10.8127,76.1668
679304,10.8631,76.1233
679305,10.8269,76.1146
679306,10.7978,76.2624
679307,10.8631,76.1842
679308,10.8725,76.1494
679309,10.8957,76.1726
679313,10.7881,76.2305
679321,10.9892,76.1668
679322,10.9713,76.2595
679323,10.9240,76.1900
679324,11.0333,76.1668
679325,11.0376,76.2595
679326,11.0618,76.3058
679327,11.1492,76.2827
679328,11.1913,76.2363
679329,11.3009,76.2131
679330,11.2809,76.2595
679331,11.3666,76.4332
679332,11.2780,76.4332
679333,11.4172,76.3290
679334,11.3558,76.2016
679335,10.8621,76.2827
679336,10.8327,76.2421
679337,10.8647,76.2189
679338,10.9440,76.1436
679339,11.2203,76.2653
679340,10.9204,76.2305
679357,10.9282,76.2827
679501,10.8211,76.3522
679502,10.8594,76.3464
679503,10.8810,76.3348
679504,10.9035,76.3464
679505,10.8243,76.3000
679506,10.9015,76.3000
679511,10.7959,76.4042
679512,10.8266,76.4129
679513,10.9177,76.4158
679514,10.8893,76.3985
679515,10.8428,76.4071
679516,10.8194,76.4390
679521,10.7602,76.3464
679522,10.7922,76.3232
679523,10.7692,76.3000
679531,10.7319,76.3290
679532,10.7487,76.2131
679533,10.7619,76.1378
679534,10.7886,76.1204
679535,10.7404,76.1494
679536,10.7592,76.0798
679551,10.8127,76.0450
679552,10.7692,76.0566
679553,10.8376,76.0479
679554,10.8138,76.0682
679561,10.6785,75.9986
679562,10.6571,76.0102
679563,10.6382,76.0189
679564,10.6743,75.9666
679571,10.8725,76.0276
679572,10.8583,76.0798
679573,10.8431,75.9870
679574,10.7314,76.0131
679575,10.7131,76.0334
679576,10.7775,75.9986
679577,10.7754,75.9216
679578,10.7901,76.0334
679579,10.7424,75.9521
679580,10.6989,75.9637
679581,10.7435,75.9754
679582,10.8187,75.9957
679583,10.7731,75.9608
679584,10.7552,75.9318
679585,10.7624,76.0276
679586,10.7749,75.9405
679587,10.7115,75.9986
679591,10.7252,76.0566
680001,10.5193,76.2146
680002,10.5416,76.1929
680003,10.5304,76.1871
680004,10.5159,76.2001
680005,10.5270,76.2334
680006,10.5026,76.2421
680007,10.4925,76.1987
680008,10.5427,76.2160
680009,10.5497,76.2204
680010,10.5591,76.2160
680011,10.5254,76.1987
680012,10.4991,76.1610
680013,10.5636,76.1929
680014,10.4910,76.3522
680020,10.5262,76.2160
680021,10.5136,76.2117
680022,10.5421,76.2123
680026,10.4841,76.2262
680027,10.4878,76.2160
680028,10.5811,76.2769
680101,10.6008,76.0421
680102,10.5969,76.0769
680103,10.7026,75.9841
680104,10.5906,76.0595
680121,10.3365,76.2074
680122,10.3350,76.1726
680123,10.2703,76.1958
680125,10.3689,76.1958
680301,10.4373,76.2537
680302,10.4450,76.3058
680303,10.4413,76.3464
680304,10.4835,76.4332
680305,10.3829,76.2653
680306,10.4587,76.2421
680307,10.3065,76.3377
680308,10.2496,76.3522
680309,10.2758,76.3232
680310,10.4038,76.2421
680311,10.2887,76.3695
680312,10.4084,76.3464
680317,10.4718,76.2276
680501,10.6346,76.1204
680502,10.6306,76.0943
680503,10.6568,76.0653
680504,10.6142,76.0943
680505,10.6142,76.0334
680506,10.5912,76.0102
680507,10.5603,76.0566
680508,10.5597,76.1059
680509,10.5373,76.0943
680510,10.5195,76.1262
680511,10.5613,76.0798
680512,10.5621,76.0363
680513,10.5145,76.0769
680514,10.5399,76.0305
680515,10.5935,76.1233
680516,10.6126,75.9986
680517,10.6382,76.0798
680518,10.6474,75.9783
680519,10.6932,76.0798
680520,10.6267,76.0073
680521,10.6291,76.0595
680522,10.5557,76.0464
680523,10.6477,76.0450
680524,10.5307,76.0711
680541,10.5901,76.1697
680542,10.6812,76.0566
680543,10.7163,76.1030
680544,10.6911,76.0334
680545,10.5764,76.1726
680546,10.6092,76.1363
680551,10.5419,76.1378
680552,10.5744,76.1262
680553,10.5513,76.1639
680555,10.5614,76.1740
680561,10.4347,76.1958
680562,10.4248,76.2189
680563,10.4671,76.1842
680564,10.4108,76.1494
680565,10.4288,76.1233
680566,10.4221,76.0943
680567,10.3978,76.1030
680568,10.3654,76.1146
680569,10.4516,76.0798
680570,10.4393,76.1117
680571,10.4327,76.1494
680581,10.6115,76.2189
680582,10.6541,76.2508
680583,10.7021,76.2769
680584,10.6806,76.1668
680585,10.7100,76.2074
680586,10.6239,76.3753
680587,10.6689,76.3985
680588,10.7150,76.4447
680589,10.6418,76.2827
680590,10.6895,76.2421
680591,10.7036,76.3116
680594,10.7329,76.4129
680596,10.6188,76.1987
680601,10.6366,76.1668
680602,10.5953,76.1030
680604,10.6838,76.1146
680611,10.5014,76.1827
680612,10.4779,76.1175
680613,10.4717,76.1001
680614,10.4649,76.0711
680615,10.5028,76.0595
680616,10.5190,76.0537
680617,10.4965,76.1030
680618,10.5142,76.1929
680619,10.4840,76.0682
680620,10.4871,76.1378
680623,10.6445,76.2189
680631,10.5575,76.2421
680641,10.4536,76.1262
680642,10.4441,76.1276
680651,10.5502,76.2624
680652,10.5998,76.3290
680653,10.5192,76.3695
680654,10.5460,76.2914
680655,10.5222,76.2508
680656,10.5507,76.2740
680661,10.3180,76.2218
680662,10.3052,76.2421
680663,10.2463,76.2103
680664,10.2189,76.2103
680665,10.2772,76.1639
680666,10.2146,76.1726
680667,10.5244,76.2059
680668,10.2479,76.1842
680669,10.2130,76.1987
680670,10.2578,76.2218
680671,10.2574,76.1494
680681,10.3335,76.1378
680682,10.2723,76.2421
680683,10.3500,76.2653
680684,10.3956,76.4332
680685,10.2988,76.1581
680686,10.3090,76.1407
680687,10.3664,76.1378
680688,10.3027,76.1842
680689,10.3525,76.3232
680691,10.2897,76.1378
680697,10.3067,76.2769
680699,10.3815,76.2971
680701,10.3823,76.1871
680702,10.3784,76.1610
680703,10.3797,76.1291
680711,10.4018,76.1958
680712,10.3809,76.2189
680721,10.3383,76.3753
680722,10.3087,76.3232
680724,10.3157,76.6182
680731,10.2829,76.2971
680732,10.2467,76.2827
680733,10.2066,76.2421
680734,10.1981,76.3000
680741,10.2315,76.3116
680751,10.5167,76.3116
682001,9.9527,76.2450
682002,9.9531,76.2566
682003,9.9325,76.2856
682004,9.9443,76.2725
682005,9.9303,76.2638
682006,9.9131,76.2769
682007,9.8804,76.2769
682008,9.8368,76.2769
682009,9.9651,76.2660
682010,9.9057,76.2971
682011,9.9720,76.2841
682012,10.0087,76.2798
682013,9.9399,76.2986
682015,9.9533,76.2928
682016,9.9667,76.2870
682017,9.9930,76.2971
682018,9.9923,76.2798
682019,9.9665,76.3145
682020,9.9660,76.3029
682021,10.0479,76.3695
682022,10.0489,76.3261
682023,10.0194,76.2740
682024,10.0317,76.3087
682025,10.0004,76.3102
682026,10.0146,76.2914
682027,10.0540,76.2537
682028,9.9940,76.3203
682029,9.9380,76.2704
682030,10.0038,76.3579
682031,9.9806,76.2762
682032,9.9841,76.3131
682033,10.0412,76.3225
682034,10.0581,76.2856
682035,9.9829,76.2841
682036,9.9615,76.2928
682037,10.0002,76.3377
682038,9.9442,76.3362
682039,10.0498,76.3160
682040,9.9283,76.3145
682041,10.0352,76.2928
682301,9.9378,76.3464
682302,9.9824,76.3695
682303,10.0144,76.3921
682304,9.9397,76.3261
682305,9.9387,76.3695
682306,9.9700,76.3348
682307,9.8733,76.3695
682308,9.9508,76.4291
682309,9.9627,76.3550
682310,9.9985,76.4318
682311,9.9762,76.4852
682312,9.9288,76.3927
682313,9.8548,76.4505
682314,9.8970,76.4158
682315,9.8533,76.4158
682316,9.9781,76.5315
682501,10.1176,76.2074
682502,10.0958,76.2074
682503,10.0307,76.2189
682504,9.9966,76.2508
682505,10.0445,76.2218
682506,9.8989,76.3290
682507,9.9204,76.2566
682508,9.9875,76.2305
682509,10.0744,76.2189
682511,10.0172,76.2218
682551,10.8126,73.6801
682552,11.1242,72.7245
682553,10.8744,72.2023
682554,11.6907,72.7112
682555,11.5396,72.1535
682556,11.2297,72.7792
682557,10.0719,73.6448
682558,11.4839,73.0066
682559,8.2705,73.0435
683101,10.1021,76.3579
683102,10.1344,76.3464
683104,10.0598,76.3261
683105,10.1045,76.4158
683106,10.0826,76.3493
683108,10.1097,76.3435
683110,10.1007,76.3232
683111,10.1583,76.3927
683112,10.0926,76.3927
683501,10.0702,76.3145
683502,10.0916,76.3029
683503,10.0551,76.3435
683511,10.1220,76.3116
683512,10.1595,76.2276
683513,10.1296,76.2305
683514,10.1364,76.1987
683515,10.1630,76.1813
683516,10.1799,76.1929
683517,10.0873,76.2653
683518,10.1092,76.2653
683519,10.1082,76.2421
683520,10.1420,76.2653
683521,10.1759,76.2276
683522,10.1614,76.2074
683541,10.0604,76.5373
683542,10.1069,76.4737
683543,10.1293,76.4852
683544,10.1688,76.5141
683545,10.1198,76.5199
683546,10.1838,76.4129
683547,10.0946,76.4390
683549,10.0994,76.5546
683550,10.1471,76.4534
683556,10.0637,76.4852
683561,10.0708,76.3927
683562,10.0347,76.4447
683563,10.0698,76.3695
683565,9.9982,76.3976
683571,10.1276,76.3782
683572,10.2016,76.3811
683573,10.1818,76.3666
683574,10.1826,76.4505
683575,10.1383,76.4390
683576,10.2459,76.3927
683577,10.2249,76.4158
683578,10.1544,76.3000
683579,10.1887,76.3348
683580,10.1369,76.4042
683581,10.2260,76.5719
683585,10.1528,76.3594
683587,10.1955,76.4968
683589,10.1706,76.3608
683594,10.1852,76.2537
685501,9.6201,76.9989
685503,9.7047,76.9297
685505,9.7073,76.9989
685507,9.6664,77.0680
685508,9.7611,77.1198
685509,9.4440,77.2405
685511,9.7528,77.0449
685512,9.6646,77.1658
685514,9.7982,77.0910
685515,9.7510,77.1428
685531,9.5757,76.9758
685532,9.5017,77.0334
685533,9.5809,77.1140
685535,9.6520,77.1198
685551,9.7144,77.1830
685552,9.8026,77.2060
685553,9.8656,77.1370
685554,9.9102,77.1600
685561,10.1287,76.8721
685562,9.9686,76.9758
685563,9.9714,77.0449
685565,10.0170,77.0910
685566,9.9522,77.1140
685571,9.8726,77.1773
685581,9.9176,76.7914
685582,9.9604,76.7683
685583,9.8684,76.6528
685584,9.8958,76.7250
685585,9.8668,76.7510
685586,9.8541,76.7048
685587,9.8284,76.7452
685588,9.8521,76.7914
685589,9.7513,76.8663
685590,9.8036,76.8087
685591,9.8111,76.8606
685595,9.8548,76.8606
685601,9.7692,76.9067
685602,9.8051,76.9873
685603,9.8356,76.9297
685604,9.8943,77.0334
685605,9.9124,76.7308
685606,9.9511,76.9470
685607,9.9841,76.8144
685608,9.9196,76.7048
685609,9.8410,77.0680
685612,10.1151,77.0795
685613,10.0215,77.2060
685614,9.6952,77.1082
685615,10.1759,77.2290
685616,10.0854,77.1600
685618,10.0486,77.2003
685619,9.9557,77.2060
685620,10.2505,77.1715
686001,9.5933,76.5170
686002,9.5781,76.5459
686003,9.5513,76.4852
686004,9.5640,76.5315
686005,9.5981,76.4997
686006,9.6093,76.5445
686007,9.5191,76.4968
686008,9.6392,76.5084
686009,9.5928,76.5387
686010,9.5951,76.5633
686011,9.5436,76.5662
686012,9.5446,76.5228
686013,9.5550,76.5112
686014,9.6056,76.4852
686015,9.6144,76.4997
686016,9.6214,76.5402
686017,9.6190,76.5127
686018,9.5840,76.5575
686019,9.6093,76.5777
686020,9.5726,76.4737
686021,9.5471,76.5864
686022,9.5915,76.4708
686041,9.6083,76.5185
686101,9.4440,76.5199
686102,9.4214,76.4968
686103,9.4629,76.5170
686104,9.4645,76.5575
686105,9.4463,76.5777
686106,9.4779,76.5546
686121,9.6936,76.7856
686122,9.6818,76.7625
686123,9.6605,76.7740
686141,9.7463,76.3956
686143,9.7761,76.3927
686144,9.6639,76.4447
686146,9.7638,76.4245
686501,9.6106,76.6124
686502,9.5794,76.6470
686503,9.6077,76.6759
686504,9.5629,76.7134
686505,9.5564,76.7207
686506,9.5677,76.7683
686507,9.5660,76.7942
686508,9.6122,76.7914
686509,9.4777,76.8317
686510,9.4373,76.9124
686511,9.4247,76.8663
686512,9.5931,76.8606
686513,9.4860,76.9067
686514,9.5948,76.9067
686515,9.5485,76.6932
686516,9.5780,76.6124
686517,9.5277,76.7163
686518,9.5260,76.8144
686519,9.5399,76.7510
686520,9.5221,76.7827
686521,9.5585,76.6701
686522,9.5938,76.7394
686531,9.5340,76.5286
686532,9.4988,76.5315
686533,9.5290,76.5402
686534,9.4861,76.4852
686535,9.4849,76.5228
686536,9.4906,76.6008
686537,9.5240,76.5517
686538,9.5006,76.5777
686539,9.5236,76.6124
686540,9.4972,76.6297
686541,9.4837,76.7048
686542,9.5037,76.6586
686543,9.5101,76.7539
686544,9.4807,76.7683
686545,9.4724,76.6211
686546,9.4684,76.5893
686547,9.4520,76.7279
686548,9.4241,76.5662
686555,9.5551,76.7942
686560,9.6541,76.5402
686561,9.6479,76.5228
686562,9.6836,76.5315
686563,9.6090,76.4332
686564,9.6442,76.6355
686571,9.7195,76.6124
686572,9.6977,76.6124
686573,9.6669,76.6586
686574,9.7602,76.6759
686575,9.6900,76.6932
686576,9.8247,76.6528
686577,9.6322,76.7452
686578,9.7023,76.7279
686579,9.7202,76.7683
686580,9.7011,76.8375
686581,9.6614,76.7971
686582,9.6575,76.8375
686583,9.6651,76.6124
686584,9.6769,76.6355
686585,9.6360,76.7048
686586,9.7477,76.7740
686587,9.7077,76.5893
686601,9.6962,76.5055
686602,9.6718,76.5084
686603,9.7263,76.5084
686604,9.7803,76.4968
686605,9.7946,76.4447
686606,9.7216,76.3927
686607,9.7122,76.4274
686608,9.8088,76.3927
686609,9.8303,76.4534
686610,9.8400,76.4910
686611,9.7027,76.4621
686612,9.7921,76.5199
686613,9.7462,76.4621
686616,9.8201,76.4708
686630,9.6436,76.5517
686631,9.6741,76.5662
686632,9.7137,76.5344
686633,9.7504,76.5662
686634,9.7854,76.6239
686635,9.7527,76.6239
686636,9.8001,76.5835
686637,9.6419,76.5777
686651,9.7838,76.7221
686652,9.7857,76.7683
686653,9.7746,76.6961
686661,9.9686,76.5662
686662,9.8760,76.5719
686663,9.9330,76.4968
686664,9.8780,76.4852
686665,9.8367,76.5430
686666,10.0665,76.6211
686667,9.9064,76.5141
686668,9.9728,76.6701
686669,10.0104,76.5199
686670,9.9396,76.6586
686671,10.0023,76.7221
686672,9.9320,76.6066
686673,10.0185,76.5835
686681,10.1441,76.7106
686691,10.0470,76.6124
686692,10.1013,76.6008
686693,10.0460,76.7221
688001,9.4949,76.3304
688002,9.4790,76.3391
688003,9.4585,76.3348
688004,9.4349,76.3550
688005,9.4052,76.3579
688006,9.5163,76.3550
688007,9.5095,76.3203
688008,9.5340,76.3232
688009,9.4783,76.3550
688011,9.4943,76.3493
688012,9.4880,76.3261
688013,9.5050,76.3435
688014,9.4497,76.3536
688501,9.4933,76.3927
688502,9.4508,76.4158
688503,9.4187,76.4274
688504,9.4730,76.4274
688505,9.4282,76.3927
688506,9.5117,76.4447
688521,9.5463,76.3579
688522,9.5723,76.3290
688523,9.5992,76.3232
688524,9.6980,76.3464
688525,9.6219,76.3464
688526,9.8126,76.3522
688527,9.6611,76.3753
688528,9.7851,76.3464
688529,9.7179,76.3000
688530,9.6365,76.3058
688531,9.7406,76.3232
688532,9.7624,76.3232
688533,9.7922,76.3203
688534,9.8709,76.3116
688535,9.8491,76.3116
688536,9.7167,76.3377
688537,9.8164,76.3116
688538,9.5741,76.3753
688539,9.6857,76.3116
688540,9.7723,76.3000
688541,9.7420,76.3579
688555,9.6233,76.3811
688561,9.3623,76.3695
688562,9.3580,76.3985
688570,9.8510,76.3579
688582,9.6422,76.3127
689101,9.3835,76.5691
689102,9.3673,76.5691
689103,9.4057,76.5806
689104,9.3553,76.5402
689105,9.3846,76.5979
689106,9.3490,76.5893
689107,9.4046,76.5517
689108,9.3770,76.5402
689109,9.3456,76.5691
689110,9.3664,76.5459
689111,9.3900,76.5784
689112,9.3869,76.5170
689113,9.3924,76.5532
689115,9.3679,76.5864
689121,9.3200,76.6095
689122,9.3070,76.6239
689123,9.3211,76.6384
689124,9.3306,76.6037
689126,9.2981,76.6037
689501,9.2117,76.6817
689502,9.2158,76.7192
689503,9.2520,76.6730
689504,9.2890,76.6499
689505,9.2815,76.6312
689506,9.3265,76.5662
689507,9.2799,76.6961
689508,9.2662,76.6211
689509,9.2524,76.6124
689510,9.3165,76.5893
689511,9.2751,76.5691
689512,9.1813,76.6673
689513,9.2273,76.7365
689514,9.3035,76.6759
689520,9.2844,76.6008
689521,9.2537,76.6470
689531,9.3408,76.6586
689532,9.3276,76.6673
689533,9.3231,76.6904
689541,9.3834,76.6355
689542,9.3692,76.6211
689543,9.3871,76.6615
689544,9.4064,76.6701
689545,9.3860,76.7048
689546,9.3508,76.6355
689547,9.3764,76.6673
689548,9.3497,76.6788
689549,9.3504,76.6961
689550,9.3632,76.7120
689551,9.3525,76.6095
689571,9.3694,76.5185
689572,9.3672,76.4968
689573,9.3823,76.4679
689574,9.3969,76.4939
689581,9.4363,76.6008
689582,9.4094,76.6066
689583,9.4079,76.6384
689584,9.4345,76.6600
689585,9.4409,76.6499
689586,9.4186,76.7048
689587,9.4418,76.6730
689588,9.4427,76.6961
689589,9.4602,76.6586
689590,9.4531,76.4737
689591,9.3985,76.5344
689592,9.4227,76.7423
689594,9.4376,76.6355
689595,9.4281,76.4592
689597,9.4194,76.6557
689602,9.4242,76.6384
689611,9.3623,76.7250
689612,9.3765,76.7394
689613,9.3951,76.7308
689614,9.3552,76.7510
689615,9.4123,76.7539
689621,9.3494,76.5286
689622,9.3030,76.5199
689623,9.2931,76.5430
689624,9.2966,76.5633
689625,9.2554,76.6932
689626,9.3355,76.5199
689627,9.3206,76.4823
689641,9.3430,76.7163
689642,9.3226,76.7510
689643,9.2996,76.7163
689644,9.2860,76.7134
689645,9.2617,76.7885
689646,9.2376,76.7971
689647,9.2463,76.7394
689648,9.2151,76.7740
689649,9.3127,76.7740
689650,9.3367,76.7654
689652,9.2710,76.7481
689653,9.2710,76.8202
689654,9.3289,76.7019
689656,9.2190,76.8058
689661,9.3222,76.8115
689662,9.3678,76.9413
689663,9.3130,76.9297
689664,9.2936,76.8433
689666,9.2901,76.8231
689667,9.3390,77.0449
689668,9.2905,76.7625
689671,9.2949,76.8058
689672,9.3461,76.7971
689673,9.3791,76.8087
689674,9.3858,76.7712
689675,9.4321,76.7740
689676,9.4221,76.7971
689677,9.4308,76.8115
689678,9.3055,76.8000
689691,9.2181,76.8548
689692,9.2506,76.8548
689693,9.1596,76.8836
689694,9.1202,76.8433
689695,9.0938,76.8606
689696,9.1092,76.9873
689698,9.1960,76.8433
689699,9.1800,77.1485
689711,9.3756,76.8606
690101,9.2385,76.5315
690102,9.2586,76.5633
690103,9.2567,76.5112
690104,9.2684,76.5344
690105,9.2814,76.5199
690106,9.2160,76.5084
690107,9.2078,76.5777
690108,9.2483,76.5748
690110,9.2370,76.5633
690501,9.1260,76.5604
690502,9.1614,76.4968
690503,9.1744,76.5546
690504,9.1562,76.6470
690505,9.1762,76.6008
690506,9.2246,76.4505
690507,9.2335,76.4708
690508,9.2172,76.4708
690509,9.2623,76.5893
690510,9.2064,76.5430
690511,9.2476,76.4852
690512,9.2800,76.4852
690513,9.2590,76.4664
690514,9.2895,76.4505
690515,9.2531,76.4187
690516,9.2594,76.4418
690517,9.3212,76.4274
690518,9.0438,76.5315
690519,9.0456,76.5777
690520,9.0805,76.6470
690521,9.0421,76.6297
690522,9.0905,76.6239
690523,9.0827,76.5604
690524,9.0019,76.5662
690525,9.1150,76.4905
690526,9.1195,76.5315
690527,9.1683,76.4650
690528,9.0881,76.5243
690529,9.1991,76.6355
690530,9.1446,76.6239
690531,9.1897,76.4592
690532,9.2434,76.4476
690533,9.1515,76.5199
690534,9.2086,76.6008
690535,9.2029,76.4505
690536,9.0311,76.5517
690537,9.1601,76.5344
690538,9.0244,76.5893
690539,9.0899,76.5344
690540,9.0714,76.6932
690542,9.0780,76.5055
690544,9.0678,76.5228
690547,9.1398,76.4968
690548,9.2962,76.4129
690558,9.2298,76.5893
690559,9.1796,76.4766
690561,9.1346,76.6470
690571,9.1751,76.6442
690572,9.1934,76.4852
690573,9.0566,76.5112
690574,9.1136,76.5922
691001,8.8869,76.5922
691002,8.9017,76.5907
691003,8.9234,76.5575
691004,8.9209,76.6384
691005,8.9099,76.6326
691006,8.8754,76.5900
691007,8.8912,76.5633
691008,8.8927,76.6037
691009,8.8986,76.5792
691010,8.8781,76.6081
691011,8.8556,76.6211
691012,8.9020,76.5633
691013,8.8863,76.5748
691014,8.9401,76.6470
691015,8.9203,76.6211
691016,8.8662,76.6153
691019,8.9037,76.6095
691020,8.8754,76.6470
691021,8.8854,76.6239
691301,8.8224,76.6701
691302,8.8017,76.6932
691303,8.8323,76.6470
691304,8.8515,76.6557
691305,9.0262,76.9355
691306,8.9225,76.9067
691307,9.0563,77.0219
691308,9.0276,77.1255
691309,8.9315,77.1600
691310,8.8546,77.1255
691311,8.8866,76.9585
691312,8.9250,76.9758
691319,8.9667,76.5633
691322,9.0137,76.8894
691331,9.0050,76.9470
691332,9.0384,76.8980
691333,8.9825,76.9240
691334,8.8368,76.6961
691500,9.0118,76.6153
691501,8.9630,76.6817
691502,9.0053,76.6586
691503,8.9842,76.6701
691504,8.9332,76.6788
691505,8.9807,76.7221
691506,8.9875,76.7625
691507,9.0455,76.7221
691508,9.0341,76.8548
691509,8.9431,76.7279
691510,8.8688,76.7625
691511,8.9548,76.6427
691512,8.9447,76.7740
691515,8.9211,76.7163
691516,8.8761,76.8144
691520,8.9352,76.8087
691521,9.0705,76.7423
691522,9.0649,76.8087
691523,9.1593,76.7279
691524,9.1194,76.8202
691525,9.1898,76.7481
691526,9.0960,76.7740
691530,9.0865,76.7365
691531,8.9892,76.8087
691532,8.9425,76.8606
691533,8.8993,76.8606
691534,8.8561,76.8606
691535,8.8322,76.8692
691536,8.8370,76.9297
691537,8.9016,76.7740
691538,9.0017,76.8548
691540,8.9223,76.7510
691541,8.8131,77.0161
691543,9.0170,76.6817
691551,9.1311,76.6990
691552,9.0935,76.7048
691553,9.1060,76.6788
691554,9.1605,76.7625
691555,9.1839,76.8087
691556,9.1510,76.7971
691557,9.0248,76.8231
691559,8.8170,76.9758
691560,9.0428,76.7971
691566,9.0195,76.7510
691571,8.8659,76.6817
691572,8.8671,76.7163
691573,8.8891,76.7279
691574,8.8261,76.7740
691576,8.9090,76.6817
691577,8.8970,76.6470
691578,8.8244,76.7279
691579,8.8464,76.7394
691581,8.9284,76.5459
691582,8.9497,76.5402
691583,9.0011,76.5430
691584,8.9819,76.5344
691585,9.0108,76.5864
691589,8.8621,76.6499
691590,8.9888,76.5748
691601,8.9389,76.6124
691602,8.9392,76.5849
695001,8.4973,76.9485
695002,8.4590,76.9672
695003,8.5177,76.9557
695004,8.5278,76.9384
695005,8.5340,76.9614
695006,8.5027,76.9902
695007,8.4541,76.9398
695008,8.4789,76.9211
695009,8.4664,76.9470
695010,8.5073,76.9672
695011,8.5292,76.9009
695012,8.4862,76.9787
695013,8.5324,76.9931
695014,8.4964,76.9614
695015,8.5547,76.9384
695016,8.5442,76.9052
695017,8.5487,76.9211
695018,8.4705,76.9769
695019,8.4707,76.9960
695020,8.4520,76.9989
695021,8.5102,76.8923
695022,8.5362,76.8692
695023,8.4797,76.9441
695024,8.4901,76.9326
695025,8.5322,76.9485
695026,8.4423,76.9499
695027,8.4350,76.9701
695028,8.5957,76.9585
695029,8.5056,76.9153
695030,8.5225,76.9801
695032,8.4817,77.0017
695033,8.5115,76.9326
695034,8.5029,76.9542
695035,8.5010,76.9384
695036,8.4814,76.9542
695038,8.5135,76.9902
695040,8.4772,76.9715
695042,8.4232,77.0190
695043,8.5535,76.9816
695099,8.5156,76.9625
695101,8.6873,76.8087
695102,8.7252,76.8144
695103,8.6997,76.8548
695104,8.6666,76.8317
695121,8.3933,77.0881
695122,8.3545,77.1313
695123,8.3955,77.0737
695124,8.4359,77.1600
695125,8.4789,77.1600
695126,8.4281,77.0852
695132,8.3617,77.1054
695133,8.3556,77.0823
695134,8.3613,77.0939
695141,8.7275,76.7279
695142,8.7257,76.7539
695143,8.7503,76.7625
695144,8.7188,76.7856
695145,8.7602,76.7394
695146,8.7904,76.7539
695301,8.5814,76.8548
695302,8.6132,76.8433
695303,8.6094,76.8115
695304,8.6654,76.7971
695305,8.6443,76.8087
695306,8.6861,76.7740
695307,8.6949,76.7942
695308,8.6935,76.7539
695309,8.6670,76.7654
695310,8.7921,76.7279
695311,8.7693,76.6932
695312,8.7064,76.7394
695313,8.7743,76.8317
695316,8.6001,76.8519
695317,8.6347,76.8433
695318,8.7098,76.7596
695501,8.4158,77.0392
695502,8.3449,77.1658
695503,8.3974,77.1313
695504,8.3882,77.1773
695505,8.4637,77.1888
695506,8.3188,77.1054
695507,8.4591,77.0507
695508,8.3738,77.1456
695512,8.4496,77.0852
695513,8.3002,77.1082
695521,8.3692,77.0075
695522,8.4219,76.9787
695523,8.3932,77.0046
695524,8.3678,77.0449
695525,8.3338,77.0708
695526,8.3437,77.0478
695527,8.4032,76.9816
695528,8.4519,77.0349
695541,8.6188,77.0046
695542,8.6056,77.0910
695543,8.5610,77.0449
695547,8.6200,77.0392
695551,8.6406,77.1715
695561,8.6180,76.9816
695562,8.6949,77.0277
695563,8.7667,77.0795
695564,8.5754,76.9931
695568,8.6826,76.9816
695571,8.4802,77.0392
695572,8.5203,77.1140
695573,8.5117,77.0161
695574,8.5633,77.1140
695575,8.5462,77.0852
695581,8.5611,76.8894
695582,8.5577,76.8692
695583,8.3323,77.1082
695584,8.6148,76.8894
695585,8.5794,76.8750
695586,8.5836,76.8404
695587,8.5726,76.9124
695588,8.5760,76.9326
695589,8.6630,76.8836
695601,8.7356,76.8741
695602,8.8165,76.8087
695603,8.7942,76.7856
695604,8.8385,76.8202
695605,8.7730,76.7971
695606,8.7121,76.9009
695607,8.6814,76.9470
695608,8.7452,76.9240
695609,8.7532,76.9989
695610,8.7248,76.9585
695611,8.7433,76.7942
695612,8.7286,76.8677
695614,8.7970,76.8663
695615,8.6439,76.9528
700001,22.5736,88.3483
700002,22.6189,88.3732
700003,22.6038,88.3680
700004,22.5983,88.3745
700005,22.5981,88.3581
700006,22.5891,88.3688
700007,22.5826,88.3617
700008,22.4812,88.3135
700009,22.5767,88.3735
700010,22.5630,88.3963
700011,22.5775,88.3810
700012,22.5684,88.3616
700013,22.5653,88.3543
700014,22.5596,88.3705
700015,22.5550,88.3812
700016,22.5535,88.3566
700017,22.5409,88.3681
700018,22.5360,88.2639
700019,22.5280,88.3660
700020,22.5378,88.3515
700021,22.5636,88.3386
700022,22.5482,88.3297
700023,22.5317,88.3196
700024,22.5485,88.2877
700025,22.5301,88.3462
700026,22.5187,88.3426
700027,22.5260,88.3341
700028,22.6320,88.4166
700029,22.5176,88.3494
700030,22.6200,88.3936
700031,22.5075,88.3727
700032,22.4937,88.3693
700033,22.5024,88.3489
700034,22.4979,88.3191
700035,22.6470,88.3667
700036,22.6374,88.3705
700037,22.6067,88.3888
700038,22.5084,88.3300
700039,22.5280,88.3863
700040,22.4869,88.3509
700041,22.4636,88.3342
700042,22.5191,88.3796
700043,22.5382,88.3066
700044,22.5500,88.2523
700045,22.5059,88.3568
700046,22.5461,88.3861
700047,22.4750,88.3765
700048,22.6015,88.4004
700049,22.6659,88.4109
700050,22.6254,88.3871
700051,22.6637,88.4238
700052,22.6542,88.4549
700053,22.5108,88.3328
700054,22.5801,88.3905
700055,22.6111,88.4091
700056,22.6736,88.3870
700057,22.6662,88.3648
700058,22.6611,88.3969
700059,22.6138,88.4339
700060,22.5059,88.3024
700061,22.4862,88.2842
700062,22.5660,88.3464
700063,22.4699,88.3013
700064,22.5925,88.4127
700065,22.6450,88.4075
700066,22.5301,88.2705
700067,22.5944,88.3850
700068,22.5058,88.3640
700069,22.5623,88.3494
700070,22.4656,88.3524
700071,22.5460,88.3478
700072,22.5653,88.3543
700073,22.5743,88.3616
700074,22.6218,88.4059
700075,22.4919,88.3856
700076,22.6583,88.3601
700077,22.6313,88.3980
700078,22.5074,88.3873
700079,22.6494,88.4272
700080,22.6258,88.4239
700081,22.6464,88.4198
700082,22.5350,88.2802
700083,22.6725,88.3968
700084,22.4600,88.3822
700085,22.5686,88.3834
700086,22.4832,88.3787
700087,22.5604,88.3528
700088,22.5172,88.3007
700089,22.6045,88.4028
700090,22.6409,88.3898
700091,22.5817,88.4304
700092,22.4850,88.3713
700093,22.4729,88.3470
700094,22.4743,88.4005
700095,22.4942,88.3593
700096,22.4537,88.3652
700097,22.5740,88.4083
700098,22.5568,88.4429
700099,22.4984,88.4100
700100,22.5251,88.4125
700101,22.6041,88.4248
700102,22.5950,88.4367
700103,22.4453,88.4056
700104,22.4288,88.2880
700105,22.5364,88.4016
700106,22.5798,88.4143
700107,22.5132,88.4018
700108,22.6448,88.3813
700109,22.6808,88.3758
700110,22.6932,88.3793
700111,22.6896,88.4074
700112,22.7171,88.3966
700113,22.6999,88.4034
700114,22.7027,88.3883
700115,22.7060,88.3715
700116,22.7201,88.3681
700117,22.7175,88.3835
700118,22.7344,88.4040
700119,22.7384,88.3728
700120,22.7522,88.3790
700121,22.7616,88.4293
700122,22.7730,88.3899
700123,22.7839,88.3785
700124,22.7187,88.5044
700125,22.6908,88.5517
700126,22.7245,88.4658
700127,22.7086,88.4748
700128,22.6491,88.5469
700129,22.6924,88.4653
700130,22.7028,88.4489
700131,22.6664,88.4840
700132,22.6772,88.4617
700133,22.6829,88.4460
700134,22.6676,88.4371
700135,22.5995,88.5287
700136,22.6216,88.4355
700137,22.4549,88.1974
700138,22.4601,88.1340
700139,22.4383,88.3191
700140,22.5141,88.2481
700141,22.4734,88.2510
700142,22.4998,88.2492
700143,22.5140,88.2875
700144,22.3651,88.4313
700145,22.3795,88.3968
700146,22.4037,88.4200
700147,22.4059,88.4432
700148,22.4186,88.4155
700149,22.4071,88.4015
700150,22.4813,88.4501
700151,22.4003,88.3846
700152,22.4633,88.4171
700153,22.4443,88.3858
700154,22.4268,88.3579
700155,22.6912,88.4770
700156,22.5837,88.4696
700157,22.6145,88.4530
700158,22.6910,88.4394
700159,22.6078,88.4319
700160,22.5787,88.4805
711101,22.5931,88.3373
711102,22.5665,88.3215
711103,22.5574,88.3094
711104,22.5893,88.3056
711105,22.6008,88.3142
711106,22.6008,88.3466
711107,22.6144,88.3506
711108,22.6096,88.3203
711109,22.5689,88.2704
711110,22.5780,88.2875
711111,22.5854,88.2838
711112,22.5914,88.2863
711113,22.6049,88.2996
711114,22.6247,88.2933
711201,22.6482,88.3412
711202,22.6323,88.3506
711203,22.6260,88.3215
711204,22.6202,88.3361
711205,22.6552,88.3367
711225,22.7006,87.9421
711226,22.7142,87.9629
711227,22.6409,88.3191
711301,22.2853,87.9629
711302,22.5738,88.1779
711303,22.4877,87.9531
711304,22.4013,87.9506
711305,22.4993,88.1755
711306,22.4827,88.0265
711307,22.5078,88.1340
711308,22.4841,88.1438
711309,22.5327,88.2315
711310,22.5201,88.1633
711312,22.3929,87.9923
711313,22.5563,88.2120
711314,22.2981,88.0314
711315,22.4415,88.0705
711316,22.5012,88.0803
711317,22.4926,88.1072
711322,22.5493,88.1194
711401,22.5718,88.0021
711403,22.6017,88.2777
711404,22.6510,88.1535
711405,22.6458,88.2169
711408,22.7150,88.0216
711409,22.6284,88.2607
711410,22.6440,88.0608
711411,22.6156,88.1828
711412,22.6666,87.9629
711413,22.5474,87.9629
711414,22.5965,88.0803
712101,22.9038,88.3968
712102,22.8796,88.3579
712103,22.9035,88.3676
712104,22.9246,88.3895
712105,22.8769,88.3895
712121,23.0806,88.2218
712122,22.8752,87.5495
712123,22.9272,88.3579
712124,22.8316,88.3288
712125,22.8350,88.3652
712134,23.1220,88.1974
712135,23.1170,88.2142
712136,22.8558,88.3579
712137,22.8395,88.3713
712138,22.8674,88.3288
712139,22.8422,88.3446
712146,23.1235,88.3336
712147,23.0524,88.3725
712148,23.0042,88.3142
712149,23.0988,88.2559
712152,23.0415,88.1852
712201,22.7484,88.3482
712202,22.7351,88.3543
712203,22.7453,88.3312
712204,22.7631,88.3312
712221,22.8905,87.5767
712222,22.7958,88.3191
712223,22.7894,88.2753
712232,22.6740,88.3506
712233,22.6859,88.3458
712234,22.6975,88.3215
712235,22.7008,88.3482
712245,22.6723,88.3300
712246,22.6977,88.3361
712247,22.6575,88.3446
712248,22.7231,88.3485
712249,22.7332,88.3166
712250,22.7225,88.3340
712258,22.6665,88.3470
712301,22.9065,88.0998
712302,22.9541,88.0998
712303,23.0258,88.1194
712304,22.7177,88.2559
712305,22.9203,88.2656
712306,22.7475,88.2607
712308,23.0251,88.0608
712310,22.7122,88.2996
712311,22.6763,88.2899
712401,22.8336,87.9825
712402,22.9534,88.0412
712403,22.8343,88.0412
712404,22.7395,88.0803
712405,22.8591,88.1194
712406,22.7124,87.8255
712407,22.8598,88.1779
712408,22.7862,88.0021
712409,22.8128,88.2364
712410,22.9291,88.0021
712411,22.7741,88.2437
712412,22.7732,87.9139
712413,22.8559,87.8648
712414,22.9046,87.9433
712415,22.8326,87.9041
712416,22.6420,87.9041
712417,22.6412,87.8452
712418,22.7309,87.8697
712419,22.8540,87.9506
712424,22.7808,88.0461
712426,23.0357,88.2047
712501,23.1007,88.4307
712502,22.9573,88.3919
712503,22.9961,88.3992
712504,23.0514,88.2753
712512,23.1719,88.4113
712513,23.0025,88.1584
712514,23.1546,88.1804
712515,23.0740,88.4477
712601,22.8966,87.7911
712602,22.9257,87.7468
712611,22.9725,87.6877
712612,22.8767,87.6482
712613,22.7839,87.8255
712614,22.8293,87.6680
712615,22.9093,87.8501
712616,22.8304,87.7468
712617,22.7593,87.7665
712701,22.7228,88.1828
712702,22.6968,88.2534
712704,22.6932,88.1974
712705,22.7202,88.2145
712706,22.7402,88.1389
712707,22.7883,88.1779
712708,22.6758,88.2412
713101,23.2429,87.8697
713102,23.2588,87.7271
713103,23.1888,87.8255
713104,23.2971,87.9139
713121,23.4747,87.8452
713122,23.1882,88.2607
713123,23.5477,87.9629
713124,23.1846,87.9580
713125,23.3923,87.9139
713126,23.5676,87.6877
713127,23.4028,87.8058
713128,23.4848,87.7173
713129,23.7145,87.9825
713130,23.6924,88.1194
713131,23.4334,87.8697
713140,23.7152,88.0412
713141,23.3308,87.7665
713142,23.1868,87.6877
713143,23.5367,88.0314
713144,23.4710,87.5890
713145,23.4429,88.1487
713146,23.2048,88.1487
713147,23.5231,87.9041
713148,23.4688,87.4505
713149,23.2505,87.9923
713150,23.5968,88.0803
713151,23.1734,88.0167
713152,23.5658,87.5692
713153,23.5124,87.5742
713154,23.2097,88.0656
713155,23.4172,87.5742
713156,23.4957,87.6482
713157,23.2121,88.2704
713158,23.3753,87.9776
713160,23.6966,87.2071
713162,23.3960,87.7517
713165,23.4146,88.0241
713166,23.0966,88.0608
713167,23.4498,87.7665
713168,23.2339,88.0950
713169,23.4155,87.4654
713170,23.1555,88.2632
713171,23.4177,87.6038
713172,23.5164,87.4505
713173,23.5685,87.7468
713201,23.5084,87.3265
713202,23.4925,87.2970
713203,23.5546,87.2469
713204,23.5819,87.2792
713205,23.5794,87.3066
713206,23.5623,87.3513
713207,23.5806,87.2046
713208,23.5224,87.2792
713209,23.5539,87.2929
713210,23.5199,87.3066
713211,23.4851,87.3563
713212,23.5633,87.4108
713213,23.5432,87.2768
713214,23.5513,87.3178
713215,23.5075,87.2768
713216,23.5437,87.3066
713217,23.5690,87.2245
713218,23.4668,87.3314
713219,23.1064,87.8333
713301,23.6831,86.9649
713302,23.7011,86.9749
713303,23.6716,86.9849
713304,23.7058,86.9098
713305,23.7153,86.9374
713315,23.8412,86.9924
713321,23.5830,87.1722
713322,23.6607,87.1971
713323,23.5764,87.1373
713324,23.6649,86.7969
713325,23.6498,86.9324
713326,22.9601,87.8623
713330,23.4967,88.1730
713331,23.8162,86.9324
713332,23.6702,87.0674
713333,23.6897,86.8471
713334,23.7581,87.0024
713335,23.7977,86.8973
713336,23.7121,87.0824
713337,23.7493,86.8572
713338,23.6252,87.2071
713339,23.6517,87.0324
713340,23.6930,87.0174
713341,23.6996,86.9508
713342,23.6600,87.1572
713343,23.7247,86.8170
713344,23.3196,88.2996
713346,23.6944,87.2544
713347,23.6060,87.1323
713357,23.7620,86.8973
713358,23.6355,87.1173
713359,23.7382,86.8973
713360,23.6992,86.8747
713361,23.1150,88.1047
713362,23.6832,87.1273
713363,23.6206,87.2817
713365,23.8661,86.8998
713368,23.7948,87.0524
713369,23.7908,86.8521
713370,23.3643,88.3021
713371,23.6669,86.8973
713372,23.2242,88.2899
713373,23.7559,87.9678
713375,23.8431,86.9399
713376,23.6245,87.1672
713377,23.7544,87.1173
713378,23.7271,87.2519
713380,23.7320,87.9580
713381,23.6816,87.3711
713383,23.6144,87.1049
713384,23.6367,87.1872
713385,23.6571,87.3314
713386,23.8141,86.8861
713401,23.1437,88.0216
713402,23.4042,87.5050
713403,23.3396,87.5594
713404,23.0006,88.0021
713405,23.3370,88.2559
713406,23.3535,87.6877
713407,23.1481,87.8992
713408,23.1071,87.9531
713409,23.2188,88.3336
713419,23.3881,88.0461
713420,23.4482,87.4678
713421,23.0231,87.9041
713422,23.3477,88.1487
713423,23.1231,87.7866
713424,23.0941,87.8648
713425,23.2713,88.2412
713426,23.3342,88.0216
713427,22.9739,87.7862
713428,23.3050,87.6285
713429,23.3173,88.0950
713430,23.2709,88.2023
713432,23.7257,87.1722
713433,23.3123,87.7222
713434,23.2605,88.3385
713501,23.2573,88.3166
713502,23.5861,88.1877
713512,23.5572,88.2607
713513,23.4442,88.2656
713514,23.5268,88.1974
713515,23.5281,88.3142
713516,23.5734,88.1194
713517,23.6031,88.1145
713519,23.3435,88.3094
713520,23.5969,87.6532
721101,22.4195,87.3513
721102,22.4758,87.1622
721121,22.8590,87.2817
721122,22.5395,87.4108
721124,22.3511,87.5495
721125,22.5345,87.1124
721126,22.4223,87.5297
721127,22.8609,87.4009
721128,22.7140,87.1622
721129,22.5732,87.2817
721130,22.4747,87.8648
721131,22.3290,87.6680
721132,22.6273,87.3165
721133,22.0960,87.2419
721134,22.4270,87.8648
721135,22.1906,87.2021
721136,22.4476,87.6285
721137,22.3801,87.9237
721139,22.4246,87.6877
721140,22.2564,87.5890
721143,22.2362,87.0824
721144,22.1493,87.5989
721145,22.2520,87.3116
721146,22.5202,87.7074
721147,22.6577,87.3513
721148,22.5515,87.8206
721149,22.3261,87.4703
721150,22.5293,87.5198
721151,22.4086,87.8206
721152,22.3534,87.7074
721153,22.5281,87.8501
721154,22.4444,87.8304
721155,22.2340,87.6877
721156,22.4946,87.5890
721157,22.8220,87.2121
721158,22.4921,87.8304
721159,21.9980,87.0824
721160,22.3761,87.6285
721161,22.1807,87.7123
721166,22.2081,87.5495
721167,22.4549,87.7222
721171,22.4076,87.7517
721172,22.2133,87.8095
721201,22.7669,87.4802
721211,22.5799,87.7173
721212,22.6399,87.7468
721222,22.7343,87.6877
721232,22.6264,87.6384
721242,22.8164,87.5989
721253,22.7644,87.3215
721260,22.6717,87.4802
721301,22.3369,87.4009
721302,22.3145,87.3091
721303,22.3400,87.2270
721304,22.2866,87.2419
721305,22.3898,87.3563
721306,22.2937,87.3066
721401,21.7581,87.7468
721420,21.8436,87.4753
721422,21.8757,87.6285
721423,21.7085,87.6088
721424,22.0980,87.3612
721425,21.9957,87.6877
721426,21.9061,87.2817
721427,21.8659,87.3761
721428,21.6294,87.4951
721429,21.8980,87.5297
721430,21.9619,87.8353
721431,21.8558,87.9237
721432,21.9270,87.9041
721433,21.7631,87.6729
721434,22.0843,87.6334
721435,21.9433,87.3711
721436,21.8486,87.4108
721437,22.1939,87.4009
721438,21.9641,87.5643
721439,22.0528,87.5198
721440,21.9764,87.5939
721441,21.6600,87.5495
721442,21.8189,87.8353
721443,21.9207,87.4505
721444,21.9009,87.7271
721445,22.0039,87.4406
721446,21.7068,87.4901
721447,21.8018,87.4703
721448,21.7674,87.5594
721449,21.8294,87.7271
721450,21.7533,87.8304
721451,22.0138,87.3116
721452,21.8039,87.6088
721453,21.7138,87.5643
721454,22.0657,87.5890
721455,21.6858,87.6877
721456,21.9713,87.6482
721457,21.8238,87.3513
721458,22.0674,87.7074
721463,21.6329,87.5272
721467,22.1125,87.5297
721501,22.7048,86.6813
721503,22.3754,86.8822
721504,22.5675,86.9624
721505,22.5183,86.8822
721506,22.1380,86.9223
721507,22.3777,87.0024
721513,22.3798,87.1223
721514,22.4612,87.0124
721515,22.6128,86.8421
721516,22.6187,87.1622
721517,22.2809,86.9223
721601,22.1392,87.7271
721602,22.0851,88.0691
721603,22.1909,88.0412
721604,22.0666,88.1145
721606,21.9771,88.0998
721607,22.0334,88.0779
721625,22.0701,87.9041
721626,22.0444,87.7665
721627,22.3320,87.8844
721628,22.1425,87.9825
721629,22.2822,87.7271
721631,21.9998,88.0021
721632,22.1656,87.9237
721633,22.1405,87.8255
721634,22.3542,87.7665
721635,22.1206,88.1389
721636,22.3147,87.9286
721641,22.4734,87.7665
721642,22.1877,87.7862
721643,22.2041,87.9016
721644,22.2345,87.7271
721645,22.1173,88.0800
721646,21.9280,87.9825
721647,22.3005,87.7616
721648,22.2371,87.9237
721649,22.2782,87.8697
721650,22.0106,87.9139
721651,22.2833,87.8058
721652,22.2125,87.8648
721653,22.3133,87.8206
721654,22.1432,88.0412
721655,22.0216,87.8452
721656,22.0708,87.9629
721657,22.2252,87.4951
721658,22.1270,88.1828
721659,22.0690,87.8255
722101,23.2004,87.0724
722102,23.2773,87.0474
722121,23.0913,86.9624
722122,23.0501,87.3215
722132,23.3179,86.9924
722133,23.4267,87.0824
722134,22.7572,86.9223
722135,22.9445,86.7617
722136,23.1849,86.8822
722137,23.3752,86.8822
722138,23.0044,87.4406
722139,23.2692,86.9324
722140,22.9469,86.8822
722141,23.0190,87.6088
722142,23.5123,87.2121
722143,23.5573,87.0724
722144,23.0957,87.2021
722146,23.2167,86.9874
722147,23.1088,87.2718
722148,22.8017,86.7617
722149,22.9535,87.2419
722150,22.7595,87.0424
722151,22.9507,87.0824
722152,23.0466,87.1223
722153,23.5784,86.9324
722154,23.0178,87.5297
722155,23.2546,87.1074
722156,22.9642,87.1722
722157,23.1929,87.3215
722158,23.5195,86.9624
722160,22.8547,87.0424
722161,22.9587,87.5594
722162,22.6975,86.9123
722164,23.4223,87.1672
722173,23.1357,86.8019
722183,23.5528,87.1473
722201,23.0563,87.7173
722202,23.3820,87.2419
722203,23.2861,87.2021
722204,23.4011,87.3165
722205,23.1389,87.6680
722206,23.1968,87.5594
722207,23.2895,87.4009
722208,23.3957,87.3513
723101,23.3285,86.3681
723102,23.2814,86.3884
723103,23.3218,86.6006
723104,23.3562,86.3415
723121,23.4671,86.7215
723126,23.4637,86.5603
723127,23.1028,86.3782
723128,23.1773,86.5199
723129,22.8208,86.5401
723130,23.2768,86.7215
723131,23.0130,86.6208
723132,23.3828,86.6712
723133,23.5597,86.6006
723142,23.6098,86.7215
723143,23.0990,86.2159
723145,23.5924,86.4693
723146,23.5192,86.3884
723147,23.4241,86.3884
723148,23.3667,86.4794
723149,23.3747,86.3072
723151,23.1800,86.6410
723152,23.2134,86.0326
723153,23.2325,86.3275
723154,23.2776,86.2260
723155,23.5094,86.4794
723156,23.5172,86.8421
723161,23.6244,86.8521
723168,23.4099,86.8321
723201,23.4067,86.1548
723202,23.3551,85.9917
723212,23.2579,85.9100
723213,23.4512,86.0326
723215,23.5352,86.0632
731101,23.8985,87.5495
731102,23.8510,87.5495
731103,23.9405,87.5742
731104,23.8256,87.4505
731121,23.7799,87.5692
731123,23.8122,87.3612
731124,23.7184,87.4406
731125,23.8094,87.2021
731126,23.9555,87.4009
731127,24.0051,87.5198
731129,23.8519,87.6088
731130,23.9897,87.3116
731132,23.9946,87.6088
731133,23.7519,87.3116
731201,23.8179,87.7173
731202,24.1882,87.8452
731204,23.6751,87.7173
731213,23.9499,87.8058
731214,23.6721,87.5198
731215,23.5942,87.8844
731216,24.0785,87.6581
731219,24.4493,87.8255
731220,24.3073,87.8648
731221,24.4862,87.9139
731222,24.5451,87.8844
731223,24.2338,87.7074
731224,24.1933,87.7813
731233,24.1396,87.7665
731234,23.9600,87.6778
731235,23.7158,87.6532
731236,23.6734,87.5989
731237,24.2614,87.9825
731238,24.3420,87.7960
731240,23.6287,87.7960
731241,24.1710,87.8893
731242,24.2366,87.9041
731243,24.2584,87.7665
731244,24.0937,87.8844
731245,24.0456,87.8452
731301,23.6774,87.8746
731302,23.7846,87.8844
731303,23.8196,87.8353
732101,24.9760,88.1584
732102,25.2001,88.0705
732103,24.8867,88.1340
732121,24.9299,88.2753
732122,25.0133,88.3045
732123,25.4006,88.0021
732124,25.2495,88.2266
732125,25.3864,87.8353
732126,25.3306,88.0803
732127,24.8545,87.9433
732128,25.1063,88.1487
732138,25.1086,88.3434
732139,25.2939,87.9923
732140,25.4828,87.9531
732141,25.0952,88.2169
732142,25.1449,88.4113
732143,25.0377,88.1169
732144,25.2748,87.8992
732147,25.2512,88.3822
732150,25.4485,88.0412
732201,24.8326,88.0803
732202,25.1032,87.9139
732203,25.1495,87.8353
732204,25.1634,87.9825
732205,25.2331,87.8844
732206,24.9280,88.1194
732207,24.9140,87.9531
732208,25.0573,88.0314
732209,25.0083,87.9139
732210,24.7247,87.9923
732211,25.0185,88.0094
732212,24.8976,88.0559
732213,25.1375,88.0388
732214,25.1190,87.9898
732215,24.8129,87.9384
732216,24.8568,88.1194
733101,25.2373,88.7831
733102,25.2546,88.7302
733103,25.2435,88.8167
733121,25.3934,88.3822
733123,25.2916,88.9126
733124,25.4420,88.4985
733125,25.3921,88.2656
733126,25.2861,88.9749
733127,25.2532,88.5759
733128,25.4261,88.1389
733129,25.6298,88.3434
733130,25.6636,88.1974
733132,25.5360,88.4210
733133,25.3501,88.8071
733134,25.6270,88.1096
733140,25.3961,88.6531
733141,25.4445,88.7686
733142,25.3353,88.4888
733143,25.5333,88.1877
733145,25.2676,88.8743
733156,25.7222,88.1487
733158,25.3373,88.7013
733201,25.9093,87.9923
733202,26.2427,88.1877
733207,26.3862,88.3434
733208,26.0989,88.0314
733209,26.0022,87.8746
733210,26.0527,88.1096
733215,25.7774,87.9835
734001,26.7233,88.4258
734003,26.7761,88.4113
734004,26.7182,88.4985
734005,26.9066,88.4985
734006,26.8704,88.4113
734007,26.8233,88.4113
734008,26.9173,88.3919
734009,26.7753,88.3336
734010,26.7345,88.3773
734011,26.6814,88.3725
734012,26.6635,88.3482
734013,26.7279,88.3142
734014,26.6217,88.3045
734015,26.6437,88.4234
734101,27.0395,88.2802
734102,27.0093,88.2169
734103,27.0802,88.2364
734104,27.0802,88.2364
734105,27.0809,88.2948
734121,26.9682,88.2218
734122,27.0887,88.2096
734123,27.0105,88.3142
734124,27.1115,88.2765
734201,27.0903,88.1096
734203,26.8921,88.2559
734204,26.9134,88.3118
734213,27.0816,88.3531
734214,26.9087,88.1730
734215,26.9209,88.2023
734216,26.9612,88.1389
734217,26.8217,88.2753
734218,26.8681,88.2169
734220,26.8986,88.3094
734221,27.0083,88.1389
734222,27.0523,88.3676
734223,26.8459,88.3336
734224,26.9337,88.2899
734226,27.0173,88.3871
734227,26.8471,88.1901
734301,27.0008,88.4985
734311,27.1551,88.6241
734312,27.0764,88.4162
734313,26.9639,88.3531
734314,27.0016,88.5759
734315,27.1545,88.5662
734316,27.0954,88.5372
734317,27.0678,88.4331
734319,27.0505,88.7686
734320,26.9588,88.4258
734321,27.0382,88.4186
734421,26.6825,88.3349
734423,26.7974,88.2169
734424,26.6329,88.2559
734426,26.5619,88.2364
734427,26.5612,88.1779
734429,26.7031,88.2169
734431,26.7510,88.2753
734434,26.5869,88.3531
734436,26.5274,88.3045
734501,26.8124,88.4985
734503,27.0060,88.4355
735101,26.5201,88.7398
735102,26.5255,88.6868
735121,26.6258,88.6916
735122,26.3436,88.8071
735132,26.4370,88.6916
735133,26.5424,88.6048
735134,26.5416,88.5275
735135,26.6360,88.5275
735202,26.7697,88.9988
735203,26.5763,88.4598
735204,26.7235,89.1515
735205,26.8992,88.9892
735206,26.8508,88.8167
735207,26.8762,89.0657
735208,26.7838,89.4080
735209,26.8260,88.6820
735210,26.5811,88.9988
735211,26.5353,89.2277
735212,26.6754,88.9988
735213,26.6416,89.2562
735214,26.6304,89.3796
735215,26.7424,89.3748
735216,26.6175,89.1611
735217,26.6309,89.4931
735218,26.7435,88.6724
735219,26.6856,88.7975
735220,26.7715,89.3037
735221,26.8499,88.7205
735222,26.8726,88.6241
735223,26.9096,88.8071
735224,26.5333,88.9222
735225,26.8751,88.9126
735226,26.6312,89.6063
735227,26.7254,89.5686
735228,26.7711,89.2277
735229,26.8969,88.7013
735230,26.7564,88.7975
735231,26.9560,88.7302
735232,26.7375,89.0299
735233,26.6866,88.9126
735234,26.7782,88.6048
735301,26.4508,88.9318
735302,26.6147,88.7783
735303,26.4872,89.0752
735304,26.2976,88.9605
735305,26.4852,88.8071
736101,26.3298,89.4506
736121,26.4541,89.5592
736122,26.5188,89.5073
736123,26.5485,89.5403
736131,26.3956,89.7943
736133,26.4303,89.5026
736134,26.2532,89.4931
736135,26.1113,89.4553
736145,26.1464,89.3701
736146,26.3461,89.1515
736156,26.3361,89.5592
736157,26.2996,89.3037
736158,26.1573,89.1896
736159,26.3010,89.6816
736160,26.3835,89.6346
736165,26.4417,89.3796
736167,26.0635,89.3417
736168,26.0644,89.5686
736169,26.1234,89.5403
736170,26.2884,89.4269
736171,26.1766,89.5639
736172,26.2050,89.2657
736176,26.1176,89.5922
736179,26.3593,89.4459
736201,26.6315,89.7568
736202,26.5018,89.7474
736203,26.5963,89.8411
736204,26.5359,89.3417
736205,26.6670,89.8411
736206,26.5370,89.6816
736207,26.4901,89.8318
736208,26.5251,89.6157
737102,27.3019,88.6097
737103,27.3794,88.7302
737106,27.2256,88.6241
737107,27.3659,88.5469
737111,27.3158,88.2753
737113,27.3962,88.1291
737116,27.6343,88.4016
737117,27.4379,88.7013
737118,27.4427,88.5903
737119,27.4131,88.5662
737120,27.8252,88.7109
737121,27.1854,88.1877
737126,27.1882,88.4210
737128,27.1293,88.4113
737131,27.2857,88.7686
737132,27.1954,88.5420
737133,27.1795,88.7205
737134,27.2479,88.5082
737135,27.2728,88.6434
737136,27.1862,88.5058
737138,27.2945,88.4695
737139,27.3758,88.3822
741101,23.3870,88.4888
741102,23.3636,88.5275
741103,23.4352,88.5469
741121,23.3159,88.5275
741122,24.0195,88.6916
741123,23.5426,88.5759
741124,23.6252,88.5082
741125,23.4344,88.4695
741126,23.6241,88.3919
741127,23.2448,88.5662
741137,23.6709,88.3142
741138,23.5944,88.3968
741139,23.4908,88.4525
741140,23.5000,88.4840
741150,23.7298,88.2656
741151,23.3819,88.5807
741152,23.9709,88.5759
741153,23.6455,88.1779
741154,23.5533,88.4501
741155,23.8116,88.4721
741156,23.7787,88.3822
741157,23.7892,88.2559
741158,23.8080,88.3482
741159,23.2683,88.5275
741160,23.7322,88.4985
741161,23.4357,88.6048
741162,23.5579,88.3191
741163,23.7790,88.5479
741164,23.4826,88.5275
741165,23.8754,88.5372
741166,23.5039,88.5734
741167,23.4199,88.6357
741181,23.7422,88.3142
741201,23.1912,88.5614
741202,23.1737,88.6048
741221,22.9409,88.5420
741222,23.0663,88.5759
741223,23.0788,88.6434
741232,23.1584,88.5589
741234,22.9762,88.4937
741235,22.9666,88.4368
741238,23.1266,88.6627
741245,23.0058,88.4695
741246,23.6610,88.2339
741247,23.1316,88.5517
741248,23.0536,88.4888
741249,22.9354,88.5855
741250,22.9434,88.4864
741251,22.9917,88.4248
741252,22.9527,88.5227
741253,23.1746,88.7013
741254,23.2180,88.5589
741255,23.1432,88.5227
741256,23.1511,88.5650
741257,22.9357,88.6241
741301,23.3799,88.3773
741302,23.4275,88.3676
741313,23.4633,88.3773
741315,23.4102,88.4307
741316,23.4152,88.3385
741317,23.3384,88.3919
741319,23.4030,88.3094
741401,23.3152,88.4501
741402,23.2085,88.4985
741404,23.2554,88.4210
741501,23.2217,88.6434
741502,23.3171,88.6627
741503,23.4669,88.7734
741504,23.2459,88.6820
741505,23.3582,88.5903
741506,23.4721,88.6649
741507,23.3891,88.7205
741508,23.4841,88.7013
741509,23.3947,88.6868
742101,24.0868,88.2514
742102,24.1228,88.3142
742103,24.1163,88.2607
742104,24.2166,88.1974
742113,24.2036,88.6772
742121,23.9102,88.4501
742122,24.2643,88.2169
742123,24.2416,88.3142
742132,23.9158,87.9139
742133,23.9201,88.2656
742134,24.0030,88.2364
742135,24.3018,88.3822
742136,24.0610,88.1096
742137,23.9538,88.0998
742138,23.9056,88.0412
742140,24.2669,88.4501
742147,24.0119,87.9923
742148,24.4306,88.2169
742149,24.1939,88.2948
742151,24.3594,88.2169
742159,24.1065,87.9531
742160,24.1873,88.2412
742161,23.8692,87.9923
742163,23.8365,88.2364
742164,24.3840,88.2948
742165,24.0637,88.3434
742166,24.0169,88.4210
742168,23.9989,87.9041
742174,23.8734,88.3434
742175,24.1646,88.3288
742184,24.1556,88.0705
742187,24.1095,88.1877
742189,23.9376,88.2315
742201,24.5945,88.0216
742202,24.6761,87.9139
742212,24.8065,87.9041
742213,24.4770,88.1194
742223,24.5237,88.0608
742224,24.6177,87.9825
742225,24.4282,88.0216
742226,24.3099,88.0608
742227,24.4052,88.0803
742235,24.2634,88.1389
742236,24.7588,87.8844
742237,24.3584,88.1389
742238,24.1744,88.1535
742301,23.8825,88.0998
742302,24.1592,88.3822
742303,24.1252,88.5469
742304,24.1604,88.4985
742305,24.1142,88.6531
742306,24.2454,88.7013
742308,24.2565,88.6145
742401,23.7871,88.0803
742402,23.7702,88.1535
742404,23.8116,88.1389
742405,23.9786,88.1779
742406,24.0540,88.5662
743122,22.7774,88.3502
743123,22.8448,88.4549
743124,23.0740,88.7927
743125,22.8462,88.4052
743126,22.8764,88.4391
743127,22.8256,88.4060
743128,22.8449,88.3810
743129,22.8631,88.4030
743130,23.0145,88.7927
743133,22.8185,88.3665
743134,22.9444,88.4194
743135,22.9124,88.4114
743136,22.9252,88.4184
743144,22.7955,88.3728
743145,22.9376,88.4348
743165,22.8951,88.4192
743166,22.8943,88.4360
743193,22.9476,88.4510
743194,22.8509,88.3815
743221,22.8153,88.4888
743222,22.8342,88.6000
743223,22.8495,88.6410
743232,23.1762,88.9126
743233,22.8227,88.6483
743234,22.7922,88.5662
743235,23.0803,88.8359
743245,22.9729,88.8071
743247,22.8418,88.7975
743248,22.7679,88.5082
743249,22.9365,88.7205
743251,23.1638,88.8455
743252,22.8742,88.7518
743262,23.0797,88.7590
743263,22.8647,88.6820
743268,22.8496,88.6555
743270,23.1571,88.7446
743271,22.7932,88.6820
743272,22.8819,88.6000
743273,22.8900,88.8743
743286,22.8305,88.8839
743287,22.9130,88.7590
743289,22.8413,88.7398
743290,22.9600,88.6820
743291,22.6274,88.8167
743292,22.6996,88.9126
743293,22.7460,88.7398
743294,22.7447,88.5855
743297,23.2048,88.7638
743312,22.1616,88.6916
743318,22.3827,88.1389
743329,22.2570,88.6916
743330,22.4109,88.5662
743331,22.1867,88.1925
743332,22.1577,88.2656
743336,22.0988,88.3336
743337,22.2080,88.5372
743338,22.1130,88.5759
743345,22.1288,88.3579
743347,21.8239,88.2656
743348,22.0143,88.2266
743349,21.9682,88.3822
743351,22.0742,88.2559
743354,22.0763,88.4695
743355,22.2184,88.3725
743356,21.9089,88.1267
743357,21.6809,88.2656
743363,22.3631,88.5469
743368,22.2400,88.1584
743370,21.9483,88.8647
743371,21.6708,88.4501
743372,22.2432,88.4695
743373,21.7269,88.1096
743374,21.9545,88.2169
743375,22.2412,88.2753
743376,22.3399,88.6241
743377,22.3598,88.2169
743378,22.2227,88.8935
743383,21.8732,88.4210
743387,22.3389,88.5082
743395,22.1709,88.3919
743399,21.9674,88.3045
743401,22.7166,88.7831
743405,23.0240,88.8671
743411,22.6606,88.8671
743412,22.6577,88.8887
743422,22.6099,88.8695
743423,22.6854,88.6145
743424,22.7338,88.6727
743425,22.5431,88.6916
743426,22.5328,88.9126
743427,22.7349,88.8455
743428,22.6751,88.8167
743429,22.6043,88.9126
743435,22.4497,88.9605
743437,22.6926,88.7638
743438,22.7938,88.7590
743439,22.2472,88.9892
743442,22.4486,88.8071
743445,22.6270,88.7590
743446,22.3061,88.8839
743456,22.5440,88.8071
743502,22.4944,88.5759
743503,22.3608,88.3142
743504,22.2994,88.1487
743513,22.3127,88.2753
743609,22.2897,88.3531
743610,22.3141,88.4113
743611,22.2459,88.7975
743613,22.4011,88.4767
743701,23.0319,88.7398
743702,22.4620,88.6169
743704,22.8048,88.6285
743710,23.0794,88.7205
743711,22.8635,88.5469
744101,11.6455,92.7357
744102,11.6740,92.7257
744103,11.7634,92.5991
744104,11.8215,93.0526
744105,11.4561,92.6487
744106,11.6610,92.7494
744107,11.8189,92.7481
744112,11.6511,92.7506
744201,12.7205,92.9176
744202,13.2961,92.8976
744203,12.3937,92.9326
744204,12.8592,92.8378
744205,12.5610,92.8178
744206,11.7001,92.6735
744207,10.7449,92.5000
744209,12.3550,92.7979
744210,12.0362,92.6785
744211,12.0901,92.9876
744301,9.1573,92.7581
744302,7.0346,93.7841
744303,8.1735,93.4902
744304,7.9672,93.3994
751001,20.2727,85.8358
751002,20.1979,85.8179
751003,20.2916,85.7564
751004,20.3040,85.8397
751005,20.3129,85.8397
751006,20.2642,85.8537
751007,20.3117,85.8537
751008,20.2766,85.8115
751009,20.2607,85.8307
751010,20.2914,85.8717
751011,20.2882,85.8013
751012,20.2842,85.8205
751013,20.3081,85.8256
751014,20.2490,85.8409
751015,20.2984,85.7923
751016,20.3300,85.8188
751017,20.3350,85.8333
751018,20.2492,85.8512
751019,20.2387,85.7820
751020,20.2513,85.8128
751021,20.3222,85.7923
751022,20.2875,85.8333
751023,20.3153,85.8141
751024,20.3639,85.7974
751025,20.2649,85.8217
751030,20.2625,85.7820
752001,19.7994,85.8025
752002,19.8413,85.8179
752003,19.8155,85.8563
752011,19.7499,85.4788
752012,19.9121,85.7974
752013,19.8636,85.7564
752014,19.9592,85.7769
752015,20.0766,85.7154
752016,20.0063,85.7564
752017,19.9674,85.6229
752018,20.0498,85.5921
752019,19.9770,85.5303
752020,20.0483,85.5303
752021,19.9168,85.4994
752022,19.8851,85.4221
752023,19.9199,85.3911
752024,19.9564,85.4221
752025,19.9600,85.3343
752026,20.0910,85.3446
752027,19.8772,85.3446
752030,19.6485,85.2308
752031,19.8120,85.1272
752034,19.8280,85.2826
752035,19.8572,85.0441
752037,20.0374,85.4556
752038,20.0932,85.4272
752045,19.9383,85.8998
752046,20.0077,85.8179
752050,20.1596,85.7051
752054,20.2547,85.7051
752055,20.1515,85.6178
752056,20.1439,85.5509
752057,20.2516,85.5818
752060,20.0984,85.6332
752061,20.2374,85.4891
752062,20.1650,85.4479
752063,20.2917,85.2929
752064,20.2463,85.3756
752065,20.1375,85.3033
752066,20.1839,85.2619
752068,20.1573,85.1583
752069,20.1142,85.1012
752070,20.0947,85.0441
752077,20.2894,85.2101
752078,20.3474,85.1583
752079,20.0871,85.1998
752080,20.0009,85.0857
752081,19.9986,85.0026
752082,20.1022,84.8881
752083,20.2361,85.0026
752084,20.3970,84.8151
752085,20.4250,84.9609
752089,20.3188,84.5851
752090,20.0437,84.9193
752091,20.2788,84.8359
752092,20.0043,85.2101
752093,20.3659,84.9714
752094,20.1776,85.0337
752100,20.2236,85.8998
752101,20.2810,85.8799
752102,20.1654,85.9509
752103,20.1313,86.0224
752104,20.1271,85.8384
752105,20.0334,85.8998
752106,20.0357,86.0020
752107,20.0088,86.1294
752108,19.9922,86.1853
752109,19.9701,86.2666
752110,19.9411,86.0224
752111,19.8958,86.1243
752113,20.0847,86.0632
752114,20.0824,85.9611
752115,20.0295,85.4943
752116,19.9895,86.0632
752118,19.9507,86.1904
752119,20.0177,86.2666
752120,20.0559,86.1090
752121,19.9812,85.9560
753001,20.4820,85.8870
753002,20.4636,85.8614
753003,20.4705,85.9023
753004,20.4648,85.9126
753006,20.4593,85.9330
753007,20.4717,85.8908
753008,20.4814,85.8614
753009,20.4579,85.8717
753010,20.4440,85.9151
753011,20.3444,85.9815
753012,20.4464,85.8921
753013,20.4511,85.9011
753014,20.4833,85.8179
753015,20.4677,85.8473
754001,20.3493,85.9356
754002,20.2906,85.9662
754003,20.5992,86.0657
754004,20.1214,86.1141
754005,20.4363,85.8384
754006,20.4343,85.7564
754007,20.3478,85.6229
754008,20.3446,85.4994
754009,20.3303,85.4066
754010,20.2437,85.9968
754011,20.2204,86.0173
754012,20.3624,85.7359
754018,20.2740,86.0224
754021,20.4916,85.9151
754022,20.6061,85.9815
754023,20.6089,86.1039
754024,20.6574,86.1446
754025,20.5338,85.9407
754026,20.4081,86.3047
754027,20.5056,85.7564
754028,20.5926,85.9100
754029,20.4915,85.6640
754030,20.4757,85.5097
754031,20.4343,85.2929
754032,20.4993,85.0649
754035,20.4735,85.4272
754037,20.4309,85.1687
754082,20.6897,85.9917
754100,20.4163,86.0020
754102,20.3230,86.0835
754103,20.2538,86.1853
754104,20.3083,86.2311
754105,20.2274,86.0632
754106,20.2318,86.2666
754107,20.1533,86.2108
754108,20.1608,86.2870
754109,20.1762,86.1701
754110,20.1154,86.3884
754111,20.3696,86.0428
754112,20.4149,85.9407
754113,20.0878,86.2057
754114,20.2819,86.1090
754119,20.0782,86.3174
754120,20.2818,86.6863
754130,20.3948,86.1039
754131,20.4424,86.1039
754132,20.3490,86.1853
754133,20.3326,86.2514
754134,20.3737,86.2260
754135,20.3449,86.2717
754136,20.2802,86.3072
754137,20.2815,86.3681
754138,20.2335,86.3478
754139,20.1884,86.4693
754140,20.3065,86.4289
754141,20.3202,86.5199
754142,20.3105,86.6309
754143,20.3050,86.6561
754145,20.2629,86.6309
754153,20.3872,86.3705
754160,20.3142,86.3656
754162,20.3595,86.4035
754200,20.5002,86.0326
754201,20.5786,86.0784
754202,20.4900,86.1039
754203,20.4610,86.1396
754204,20.6103,86.1650
754205,20.6129,86.2870
754206,20.5631,86.1853
754207,20.4922,86.2057
754208,20.5117,86.2819
754209,20.4455,86.2463
754210,20.4468,86.3072
754211,20.5566,86.4390
754212,20.4747,86.5098
754213,20.4029,86.4895
754214,20.5848,86.3630
754215,20.5950,86.5704
754216,20.4937,86.5653
754217,20.5255,86.6712
754218,20.6240,86.5350
754219,20.6676,86.6309
754220,20.7171,86.7316
754221,20.5385,86.1446
754222,20.4777,86.3630
754223,20.4481,86.3681
754224,20.3710,86.6813
754225,20.6113,86.8019
754227,20.7628,86.6309
754228,20.3902,86.4060
754231,20.6687,86.6913
754239,20.6728,86.5956
754240,20.6401,86.4491
754244,20.4251,86.4086
754245,20.4949,86.6258
754246,20.5973,86.6913
754248,20.7073,86.8421
754250,20.5433,86.3681
754253,20.3838,86.4238
754289,20.5480,86.3123
754290,20.5555,86.1090
754292,20.6354,86.2260
754293,20.4267,86.2006
754294,20.1889,86.3503
754296,20.6864,86.1090
755001,20.8489,86.3301
755003,20.6502,86.3580
755004,20.7107,86.4086
755005,20.7315,86.2666
755006,20.8310,86.4693
755007,20.8280,86.3275
755008,20.8348,86.1332
755009,20.8230,86.1961
755010,20.6454,86.4137
755011,20.7854,86.5704
755012,20.7059,86.4643
755013,20.7604,86.5098
755014,20.8358,86.4137
755015,20.8964,86.1853
755016,20.7132,86.5300
755017,20.7861,86.3123
755018,20.9723,85.8691
755019,20.9781,86.1141
755020,20.9388,86.0861
755022,20.9678,86.1853
755023,20.8217,86.0428
755024,20.7578,86.1090
755025,20.9929,86.2463
755026,20.9753,85.9917
755027,20.7821,86.4086
755028,21.0655,85.7872
755036,20.8331,86.5704
755043,20.8977,86.2463
755044,20.7037,86.0835
755049,20.6821,86.1853
755050,20.7585,86.1396
755061,20.6656,86.5300
755062,20.8112,86.3732
756001,21.4887,86.9173
756002,21.4592,86.9324
756003,21.5545,86.9324
756019,21.5655,86.8822
756020,21.5640,86.8019
756021,21.3878,86.9324
756022,21.6831,87.1273
756023,21.7024,87.2121
756024,21.5705,87.1622
756025,21.4603,86.9924
756026,21.6560,87.2917
756027,21.5567,87.0524
756028,21.6278,87.0324
756029,21.6761,87.0724
756030,21.7487,87.1323
756032,21.8280,87.2469
756033,21.9041,87.1622
756034,21.7513,87.2917
756035,21.7529,87.3910
756036,21.6579,87.4108
756037,21.6103,87.4108
756038,21.6096,87.3711
756039,21.6898,87.3538
756040,21.4800,86.7718
756041,21.5261,86.6913
756042,21.3250,86.7617
756043,21.3855,86.8120
756044,21.3144,86.8321
756045,21.3234,86.6813
756046,21.2415,86.7517
756047,21.2734,86.5603
756048,21.3072,86.4693
756049,21.3561,86.5300
756051,21.2426,86.8120
756055,21.2223,86.6863
756056,21.4347,86.8923
756058,21.4647,86.6006
756059,21.2822,86.4086
756060,21.4574,86.8321
756079,21.6864,87.3265
756080,21.6295,87.1323
756081,21.6540,87.1722
756083,21.5842,87.2718
756084,21.7990,87.2917
756085,21.6288,87.4554
756086,21.7624,87.2419
756100,21.0522,86.5148
756101,21.0942,86.5300
756111,21.1422,86.5502
756112,20.9964,86.4086
756113,21.0678,86.4086
756114,21.0787,86.3580
756115,21.2103,86.3884
756116,20.9985,86.5098
756117,20.8899,86.4390
756118,20.9329,86.5047
756119,20.8807,86.5704
756120,20.9358,86.3580
756121,21.0181,86.3072
756122,20.9228,86.3072
756123,21.0720,86.6107
756124,21.0736,86.6913
756125,21.0868,86.7617
756126,21.1797,86.6410
756127,21.0298,86.5855
756128,21.0173,86.5552
756129,20.9330,86.8120
756130,20.9779,86.6712
756131,20.9553,86.7316
756132,20.8608,86.7718
756133,20.8010,86.7617
756134,21.1890,86.5098
756135,21.1393,86.4086
756137,20.9456,86.5451
756138,20.8346,86.6510
756139,20.9945,86.6057
756144,21.1546,86.2920
756162,21.1708,86.7919
756163,20.9759,86.5704
756164,20.9931,86.8421
756165,21.1151,86.6863
756166,21.1200,86.6309
756167,21.0308,86.6359
756168,21.1513,86.7064
756171,20.8516,86.9223
756181,21.0453,86.4693
756182,21.2362,86.4895
757001,21.9381,86.7467
757002,21.9587,86.7341
757003,21.6089,86.9774
757014,22.0755,86.7718
757016,21.7949,87.0524
757017,21.6710,86.7919
757018,21.8521,86.9223
757019,21.6916,86.6309
757020,21.8415,86.9924
757021,22.0529,86.8321
757022,22.0548,86.9324
757023,21.9346,86.8722
757024,21.8926,86.5603
757025,21.7428,86.8120
757026,21.7175,86.7316
757027,21.6399,86.7265
757028,21.6498,86.9324
757029,21.8498,86.8019
757030,22.0372,86.6410
757031,22.2221,86.6561
757032,22.1429,86.5704
757033,22.1255,86.3174
757034,21.9584,86.2971
757035,22.0281,85.7359
757036,21.7212,86.3377
757037,21.8312,85.9509
757038,21.5028,86.1548
757039,21.9371,85.8998
757040,21.5107,86.5199
757041,21.5947,86.5502
757042,22.3151,86.2768
757043,22.2777,86.2057
757045,22.3103,86.0734
757046,22.4065,86.1141
757047,22.1189,86.0326
757048,22.2208,86.3174
757049,21.9302,86.6510
757050,22.1694,86.1548
757051,22.2386,86.5905
757052,21.7099,86.9624
757053,22.4997,86.0326
757054,22.4205,86.2057
757055,21.8202,87.1323
757073,21.8429,87.0724
757074,21.7965,86.5199
757075,21.7990,86.6410
757077,21.5692,86.4693
757079,21.4120,86.3580
757081,22.1216,86.6913
757082,21.6078,86.9173
757083,21.6407,86.7668
757084,21.9595,86.9324
757085,21.6444,86.6510
757086,22.1801,86.6410
757087,21.6662,86.5502
757091,21.9872,86.0020
757092,21.9619,86.4592
757093,22.2243,86.4794
757100,21.7500,86.8772
757101,21.5725,86.6309
757102,21.6513,86.6964
757103,21.8061,86.6964
757104,21.7318,86.5552
757105,22.0025,86.6913
757106,21.4146,86.4794
757107,21.9572,86.8120
758001,21.5838,85.5818
758002,21.6685,85.6332
758013,21.7709,85.4582
758014,21.5870,85.7051
758015,21.3095,86.0326
758016,21.6874,85.9100
758017,21.7319,85.7872
758018,21.5573,85.4788
758019,21.3415,85.4169
758020,21.1578,86.1650
758021,21.4056,86.0734
758022,21.1349,86.2057
758023,21.2674,86.2768
758025,21.1666,86.0326
758026,21.3448,85.5406
758027,21.4018,85.9100
758028,21.3491,85.7051
758029,21.5658,85.8077
758030,21.6038,85.8998
758031,21.8683,85.5406
758032,21.8250,85.7051
758034,21.9125,85.4169
758035,22.0541,85.3756
758036,21.4600,86.1090
758037,22.1185,85.3395
758038,22.0697,85.5097
758040,22.0395,85.2826
758041,22.0481,85.5921
758043,21.1209,86.1141
758044,21.9562,85.7154
758045,21.7456,85.8589
758046,21.8150,85.7769
758047,21.9646,85.5818
758076,21.2009,85.4994
758078,21.2570,86.3478
758079,21.4421,85.6229
758080,21.3055,85.8691
758081,21.6418,85.9917
758082,21.1617,85.8281
758083,21.1596,86.2463
758084,21.4465,85.3446
759001,20.6503,85.5972
759013,20.6924,85.6126
759014,20.7896,85.6948
759015,20.5814,85.4582
759016,20.7820,85.8691
759017,20.9116,85.8179
759018,20.9641,85.5406
759019,20.7822,85.4066
759020,20.7208,85.3343
759021,20.5781,85.3343
759022,20.6222,85.2101
759023,20.8599,85.6538
759024,20.9339,85.7564
759025,20.6765,85.4582
759026,20.8203,85.4994
759027,20.6342,85.6640
759028,21.1079,85.5818
759037,21.1171,85.1557
759039,21.0032,85.6743
759040,20.7198,85.1920
759100,21.1918,85.1687
759101,20.8954,85.1998
759102,20.8195,84.4540
759103,20.9638,85.0961
759104,20.9024,85.2360
759105,21.2346,85.0026
759106,20.8242,85.0987
759107,20.9528,85.2334
759111,20.9434,85.0078
759116,20.9241,85.1635
759117,21.0931,85.0441
759118,21.2417,85.2515
759119,21.4309,85.2101
759120,21.0792,85.3963
759121,20.7661,85.2515
759122,20.8364,85.1090
759123,20.8693,85.1168
759124,21.0522,84.8672
759125,20.7721,84.6479
759126,20.9311,84.4173
759127,20.9417,84.7524
759128,20.8241,85.1998
759129,20.6663,85.0857
759130,20.9956,84.9609
759132,20.7090,84.9193
759141,21.0857,84.7942
759143,20.8617,85.0597
759145,20.8229,85.1583
759146,21.0161,85.2619
759147,21.0903,85.1531
759148,20.8413,85.0727
760001,19.3131,84.7916
760002,19.3256,84.7107
760003,19.2453,84.8046
760004,19.3137,84.8125
760005,19.2955,84.7968
760006,19.5220,84.5327
760007,19.3127,84.8829
760008,19.3022,84.8229
760009,19.3309,84.7916
760010,19.3116,84.8412
761001,19.3645,84.8255
761002,19.2702,84.8464
761003,19.4253,84.8776
761004,19.1438,84.5746
761005,19.0812,84.4593
761006,19.0740,84.6165
761007,19.3566,84.5537
761008,19.1857,84.7942
761009,19.1487,84.7420
761010,19.1931,84.6374
761011,19.2298,84.4750
761012,19.4047,84.5746
761013,19.4521,84.5746
761014,19.4265,84.5117
761015,19.4322,84.3121
761016,19.1452,84.2279
761017,19.3578,84.2068
761018,19.5324,84.8881
761019,19.5237,85.0026
761020,19.3631,84.9870
761025,19.8413,84.5012
761026,19.4172,85.0130
761027,19.4658,85.0545
761028,19.5138,85.0753
761029,19.6220,85.1272
761030,19.5839,85.0337
761031,19.6717,85.0037
761032,19.6466,84.9582
761035,19.7147,85.0441
761037,19.1900,84.5327
761041,19.5786,84.8464
761042,19.2733,84.5432
761043,19.5300,84.8046
761045,19.3443,84.9505
761052,19.8611,84.7629
761054,19.3834,84.6584
761055,19.4009,84.4488
761100,19.4090,84.7211
761101,19.4339,84.7629
761102,19.4813,84.7629
761103,19.5270,84.7002
761104,19.6115,84.7524
761105,19.7344,84.8985
761106,19.5591,84.5851
761107,19.6515,84.5012
761108,19.7425,84.3752
761109,19.6246,84.3963
761110,19.6264,84.6531
761111,19.6219,84.7002
761114,19.6900,84.5956
761115,19.6675,84.6374
761116,19.6867,84.6845
761117,19.7527,84.7107
761118,19.8130,84.7420
761119,19.9529,84.6584
761120,19.9067,84.7002
761121,19.9926,84.7942
761122,19.7387,84.6374
761123,19.7849,84.5956
761124,19.8561,84.5956
761125,19.9254,84.5327
761126,19.9565,84.5799
761131,20.1326,84.7107
761132,20.0312,84.5012
761133,19.9121,84.5825
761140,19.9100,84.6113
761141,20.1102,84.5589
761143,19.9000,84.8776
761144,19.4606,84.6636
761146,19.4853,84.6950
761151,19.7860,84.2490
761200,18.7681,84.0960
761201,18.8212,84.0907
761206,18.9320,83.8579
761207,18.9747,84.0802
761208,18.8759,83.9533
761209,19.1760,84.4593
761210,18.8014,84.2173
761211,18.8468,84.1541
761212,18.9339,84.2911
761213,18.9415,84.1541
761214,19.1168,84.0802
761215,18.8392,84.2911
761217,19.5189,84.0590
762001,20.4865,84.2595
762002,20.4924,84.0802
762010,20.3108,84.3332
762011,20.3701,83.9744
762012,20.4574,84.4593
762013,20.6596,84.4698
762014,20.8291,84.2068
762015,20.7773,84.0802
762016,20.6794,83.9956
762017,20.5770,83.7836
762018,20.4790,83.6987
762019,20.3196,84.2384
762020,20.5602,84.7107
762021,19.6856,84.0802
762022,20.1833,84.4278
762023,20.5524,84.4593
762024,20.7383,84.3332
762026,20.6405,84.2490
762027,20.3488,84.4068
762028,20.2212,84.5012
762029,20.4044,84.2911
762030,20.7209,83.8261
762100,20.0748,84.3752
762101,19.9771,84.2911
762102,20.0652,84.0802
762103,19.9875,83.8897
762104,19.8984,84.0590
762105,19.7949,83.8049
762106,20.1859,84.1435
762107,19.8837,83.6348
762109,20.1024,83.7836
762110,20.2692,83.8049
762112,20.2145,84.2911
763001,18.7462,82.7940
763002,18.6932,82.7994
763003,18.7393,82.8452
763004,18.7268,82.8291
763008,18.7576,82.9394
764001,18.8628,82.5686
764002,18.9612,82.4103
764003,18.7425,82.5510
764004,18.8716,82.5686
764005,18.8344,82.4861
764006,18.8754,82.6267
764011,18.8098,82.6105
764014,18.9180,83.1220
764020,18.8364,82.6861
764021,18.8105,82.7779
764027,18.9945,83.2720
764028,19.0029,82.8641
764036,18.6004,82.8425
764037,18.6182,82.6915
764038,18.3595,82.7131
764039,18.4392,82.9502
764040,18.5747,82.4861
764041,18.4960,82.5835
764042,18.4857,82.3235
764043,18.7933,82.3452
764044,18.4994,82.0843
764045,18.4675,81.8880
764046,18.4873,82.2203
764047,18.1077,81.7349
764048,18.3224,81.8006
764049,19.3612,82.6591
764051,18.2356,81.9753
764052,18.1224,82.0843
764055,19.0120,82.4969
764056,19.0627,82.5835
764057,19.1151,82.7131
764058,19.0975,82.2801
764059,19.2518,82.5835
764061,19.2847,82.2366
764063,19.2115,82.4644
764070,19.3043,82.7131
764071,19.3919,82.5402
764072,19.5247,82.3235
764073,19.6364,82.1714
764074,19.9163,82.0843
764075,19.3374,82.3669
764076,19.6475,82.4319
764077,19.8632,82.4969
764078,19.1983,82.7239
764081,18.6324,82.4536
764085,19.2955,82.7886
764086,18.2301,81.8443
764087,17.9120,81.5596
764088,20.0358,81.9808
765001,19.1441,83.4857
765002,19.1395,83.3576
765013,18.9377,83.0147
765015,19.2965,83.1220
765016,19.5167,83.3148
765017,19.3289,83.3576
765018,19.3449,83.4750
765019,19.5015,83.5497
765020,19.6023,83.7199
765021,19.9021,83.4857
765022,19.0639,83.9109
765023,19.1042,83.6987
765024,19.2477,83.7412
765025,19.3008,83.9109
765026,19.4157,83.8049
765029,19.2433,83.6136
765033,19.1701,83.9003
765034,19.0052,83.7465
766001,19.8566,83.2185
766002,19.8876,83.1005
766011,20.0576,83.2078
766012,20.2276,83.3148
766013,19.6064,82.8748
766014,19.8352,82.9717
766015,19.8283,82.7994
766016,20.0046,82.7671
766017,19.6931,82.9717
766018,19.4970,82.7994
766019,19.5899,82.7563
766020,19.8010,83.3148
766023,19.7713,82.8533
766026,19.3584,82.8856
766027,19.7030,83.2292
766028,19.6302,82.5835
766029,19.9738,82.8856
766031,20.3747,83.4430
766036,20.1194,82.9717
766037,19.5511,82.9717
766100,20.0672,83.4644
766101,20.1703,83.3683
766102,20.2632,83.6348
766103,19.7757,82.6699
766104,20.9108,82.6267
766105,20.6928,82.5186
766106,20.5033,82.5186
766107,20.3362,82.7671
766108,20.0562,82.5835
766110,19.9921,83.3576
766111,20.3139,82.5186
766118,20.2300,82.7779
767001,20.7145,83.4910
767002,20.7116,83.5710
767016,20.7163,83.6987
767017,20.8634,83.8261
767018,20.9428,84.0590
767019,21.0027,83.7412
767020,20.8646,83.5390
767021,20.9596,83.5390
767022,21.0242,83.3683
767023,21.0438,83.5710
767024,20.7393,83.2919
767025,20.7408,83.1005
767026,20.5934,82.9717
767027,20.7356,82.9717
767028,20.8269,82.8856
767029,20.5612,83.3576
767030,20.4581,83.4537
767032,20.4647,83.3148
767033,20.2700,83.1863
767035,20.2142,82.9717
767037,20.4089,83.1005
767038,20.6337,82.7994
767039,20.4494,82.9286
767040,20.3055,82.8856
767041,20.7557,83.1756
767042,20.2737,83.1274
767045,21.1092,83.7305
767046,20.4269,83.5710
767048,20.7038,83.2619
767060,20.5038,82.8102
767061,20.9441,83.4430
767062,21.0318,83.8897
767065,20.8017,83.4430
767066,20.2316,83.1113
767067,20.5676,83.5283
767068,20.9185,83.7093
767070,20.3559,83.2613
768001,21.4689,83.9903
768002,21.4726,83.9705
768003,21.4796,83.9586
768004,21.4894,83.9824
768005,21.3934,84.0379
768006,21.4486,83.9215
768016,21.5420,83.8791
768017,21.4978,83.8871
768018,21.5043,83.9030
768019,21.4773,83.8950
768020,21.5093,83.8765
768025,21.4003,83.9003
768026,21.3053,83.9003
768027,21.4317,83.7836
768028,21.3303,83.6136
768029,21.1879,83.6136
768030,21.4973,83.6348
768031,21.5751,83.4964
768032,21.1814,83.4430
768033,21.2746,83.4003
768034,21.2221,83.2720
768035,21.0797,83.2720
768036,20.9077,83.1220
768037,20.9391,83.3148
768038,21.3884,83.5816
768039,20.9692,82.8856
768040,21.2738,83.6880
768042,21.0832,82.7779
768045,21.5594,83.4003
768048,21.0954,83.3683
768049,21.0289,83.1863
768050,20.8671,82.7131
768052,21.6627,83.6136
768102,21.3038,83.8579
768103,21.2892,83.7836
768104,21.1819,83.7730
768105,21.2063,84.1224
768106,21.1657,84.4257
768107,21.5269,84.3676
768108,21.5380,84.8151
768109,21.2527,84.8151
768110,21.5456,85.0649
768111,21.4463,83.8579
768112,21.4468,84.2068
768113,21.2019,83.9956
768115,21.1613,83.8579
768118,21.2802,84.5537
768119,21.5083,84.6270
768121,21.4567,84.5012
768200,21.5374,84.0802
768201,21.8562,84.0273
768202,21.8072,83.9850
768203,21.8225,84.0802
768204,21.9045,84.0485
768211,21.7328,83.9003
768212,21.7029,84.0590
768213,21.8270,84.2068
768214,21.6844,84.2068
768215,21.9249,84.2911
768216,21.8638,83.9109
768217,21.8132,83.8261
768218,21.7971,83.8738
768219,21.7150,83.7412
768220,21.9665,84.1224
768221,22.0690,84.3332
768222,21.7363,84.3332
768224,22.0733,84.4593
768225,21.8048,83.9215
768226,21.7666,83.5390
768227,21.7419,84.5012
768228,21.9293,84.4173
768233,21.8263,83.9400
768234,21.6248,83.8685
769001,22.2261,84.8646
769002,22.2438,84.8594
769003,22.2554,84.8490
769004,22.2214,84.8099
769005,22.2621,84.8750
769006,22.2446,84.8855
769007,22.1903,84.8594
769008,22.2514,84.9115
769009,22.2578,84.8307
769010,22.2327,84.8855
769011,22.1942,84.8881
769012,22.2313,84.8385
769013,22.2332,84.8529
769014,22.2553,84.8946
769015,22.2539,84.8020
769016,22.1973,84.8451
769042,22.2607,84.9245
769043,22.1633,84.8516
770001,22.1117,84.0326
770002,22.1152,83.9638
770011,22.0898,83.9215
770012,22.1653,83.7199
770013,21.9967,83.6561
770014,22.3006,84.1646
770015,22.2929,83.9533
770016,22.1841,84.2279
770017,22.1005,84.5641
770018,22.2619,84.4173
770019,21.9757,84.0485
770020,22.1887,84.0273
770021,22.0048,83.8685
770022,22.0170,84.2068
770023,22.2784,84.5537
770024,22.0548,83.6242
770031,22.1780,84.7524
770032,22.0359,85.1583
770033,22.3641,84.6270
770034,22.2588,84.6793
770035,22.4236,85.0026
770036,22.2810,85.0026
770037,22.0136,84.8151
770038,21.7919,84.9505
770039,22.3233,84.8359
770040,21.9236,84.9818
770041,21.8091,85.1272
770042,21.9054,85.1687
770043,21.8207,84.7316
770044,21.7127,85.0857
770046,22.4011,84.8516
770048,21.8602,85.2515
770051,21.7051,84.8359
770052,21.9658,85.1998
770070,22.2115,84.5065
770072,21.9711,83.9215
770073,22.0600,84.0802
770074,22.3941,84.1224
770075,21.8559,83.6987
770076,22.0130,83.7730
781001,26.1757,91.7417
781003,26.1812,91.7758
781004,26.2131,91.8172
781005,26.1573,91.7953
781006,26.1590,91.7794
781007,26.1636,91.7612
781008,26.1711,91.7502
781009,26.1435,91.7198
781010,26.1643,91.7028
781011,26.1438,91.6906
781012,26.1205,91.6615
781013,26.1413,91.6542
781014,26.1532,91.6445
781015,26.0449,91.5499
781016,26.1597,91.7488
781017,26.1211,91.6129
781018,26.0909,91.6664
781019,26.1399,91.7709
781020,26.1894,91.8270
781021,26.1854,91.7941
781022,26.1067,91.8270
781023,26.1421,91.8270
781024,26.1760,91.7752
781025,26.1179,91.8757
781026,26.1594,91.8611
781027,26.1410,91.9148
781028,26.1218,91.8001
781029,26.0898,91.7636
781030,26.2437,91.7344
781031,26.1793,91.6809
781032,26.1520,91.7466
781034,26.1313,91.7490
781035,26.0432,91.7052
781036,26.1395,91.8050
781037,26.1272,91.8391
781038,26.1280,91.7807
781039,26.1625,91.6081
781040,26.1192,91.7685
781101,26.2797,91.6858
781102,26.2935,91.5015
781103,26.1869,91.5305
781104,26.2450,91.6178
781120,25.9041,91.4531
781121,26.3376,91.7734
781122,26.1162,91.5112
781123,25.9656,91.1929
781124,25.9642,91.3469
781125,26.0104,91.4628
781126,26.2474,91.3855
781127,26.0731,91.0490
781128,26.1216,91.5645
781129,25.8233,91.2314
781131,25.8579,91.3373
781132,26.1405,91.4531
781134,26.1176,91.3759
781135,25.9192,91.0778
781136,26.1080,91.1161
781137,26.1067,91.2698
781138,26.2835,91.3180
781141,26.0472,91.3180
781150,26.2879,91.9686
781171,26.1659,91.8172
781301,26.3097,90.9916
781302,26.2028,91.0778
781303,26.3950,91.3903
781304,26.3601,91.3325
781305,26.2609,91.2025
781306,26.3959,91.2939
781307,26.3433,91.2314
781308,26.1806,90.8675
781309,26.2621,91.0490
781310,26.3298,91.4145
781311,26.3324,91.1257
781312,26.2368,91.2602
781313,26.4514,90.9916
781314,26.3336,90.9534
781315,26.6285,90.9630
781316,26.4043,90.9725
781317,26.5347,90.8866
781318,26.6082,91.0936
781319,26.3930,90.8866
781321,26.2404,90.7438
781325,26.5454,91.1540
781326,26.4966,91.2410
781327,26.6856,91.2025
781328,26.6386,91.1833
781329,26.5885,91.1892
781330,26.7682,91.1929
781333,26.5658,91.4145
781334,26.4002,91.4531
781335,26.4448,91.4217
781337,26.4649,91.4773
781338,26.3487,91.2843
781339,26.3353,91.4580
781340,26.4895,91.3807
781341,26.4714,91.4145
781343,26.6367,91.3952
781344,26.6714,91.4628
781346,26.5194,91.3373
781347,26.3586,91.4870
781348,26.3591,91.4386
781349,26.5416,91.4725
781350,26.3758,91.5305
781351,26.3940,91.4870
781352,26.4390,91.0778
781353,26.4302,91.4097
781354,26.4690,91.6469
781355,26.5492,91.3036
781360,26.7649,91.5402
781364,26.5745,91.6955
781365,26.4462,91.5693
781366,26.4916,91.7247
781367,26.6235,91.5402
781368,26.7165,91.6566
781369,26.4704,91.5112
781370,26.4544,91.3421
781371,26.4961,91.2987
781372,26.7193,91.3855
781373,26.6906,91.3132
781374,26.4198,91.2554
781375,26.4188,91.3710
781376,26.3849,91.5088
781377,26.6258,91.3084
781378,26.4550,91.2843
781380,26.3507,91.6664
781381,26.4325,91.7344
781382,26.3042,91.6081
782001,26.3409,92.7034
782002,26.3600,92.6289
782003,26.2877,92.7083
782101,26.4477,92.9676
782102,26.2742,92.7979
782103,26.2314,92.5594
782104,26.2940,92.3518
782105,26.2367,92.2433
782106,26.3237,92.3370
782120,26.5201,92.8876
782121,26.3789,92.2040
782122,26.4202,92.5594
782123,26.4332,92.4901
782124,26.4652,92.6785
782125,26.4285,92.7481
782126,26.4223,92.4406
782127,26.3887,92.3320
782135,26.3078,92.8876
782136,26.5497,93.1579
782137,26.5424,92.9476
782138,26.4725,92.9076
782139,26.4109,93.0376
782140,26.4621,92.8378
782141,26.3570,92.7879
782142,26.3131,92.6090
782143,26.6020,92.9176
782144,26.2349,92.6934
782401,26.1573,92.0175
782402,26.0522,91.9295
782403,26.1087,92.1156
782410,25.9532,92.2433
782411,26.2390,92.0861
782412,26.1403,92.3616
782413,26.3152,92.4901
782425,26.1370,92.5594
782426,26.0403,92.6785
782427,26.1925,92.7481
782428,26.0984,92.7282
782429,26.0741,92.7680
782435,26.0021,92.8278
782439,26.0693,93.0076
782440,26.1318,92.8378
782441,26.4305,93.2181
782442,25.9768,92.9076
782445,25.9387,93.0376
782446,25.8459,92.9576
782447,25.7935,93.1981
782448,25.7792,92.7382
782450,25.9966,92.4802
782460,25.8835,93.3994
782461,25.9326,93.3187
782462,25.6712,93.3792
782470,26.3245,93.7029
782480,25.9490,93.6218
782481,26.2436,93.1378
782482,26.1437,93.3792
782485,25.9451,92.7183
782486,25.8794,92.4209
782490,26.1148,93.6015
783101,26.1586,90.5447
783120,26.0643,90.4691
783121,26.1228,90.6109
783122,25.9506,90.7866
783123,25.9197,91.0012
783124,26.0038,90.7818
783125,26.0746,90.8008
783126,26.0163,90.6583
783127,25.8758,89.9813
783128,25.8285,89.8692
783129,26.0175,90.2808
783130,26.0146,90.9630
783131,25.5918,89.9440
783132,26.1121,90.2432
783133,26.0228,90.5116
783134,25.9204,90.8866
783135,25.6746,89.8973
783301,26.0148,89.9837
783323,25.9586,89.9347
783324,26.0177,89.8692
783325,26.3009,90.3560
783330,26.0177,90.0934
783331,26.1123,89.9440
783332,26.3367,89.8411
783333,26.3958,89.9066
783334,26.2777,89.9627
783335,26.2539,89.7943
783336,26.4784,90.0840
783337,26.3603,90.1027
783339,26.1241,90.0280
783345,26.3012,90.2057
783346,26.5373,90.1308
783347,26.4783,90.1776
783348,26.2066,90.2432
783349,26.2068,90.0934
783350,26.5846,90.0560
783354,26.4252,90.1635
783360,26.4312,89.9907
783361,26.5846,89.9813
783369,26.5015,90.3654
783370,26.6551,90.2620
783371,26.2653,90.4219
783372,26.4070,90.4031
783373,26.5486,90.4031
783375,26.7254,90.4314
783376,26.4072,90.3466
783380,26.4773,90.5731
783381,26.4835,90.4927
783382,26.2409,90.6299
783383,26.3943,90.6583
783384,26.3949,90.5069
783385,26.5247,90.5163
783388,26.2061,90.4691
783389,26.2648,90.5541
783390,26.6531,90.7913
783391,26.5233,90.8199
783392,26.4526,90.8008
783393,26.6777,90.5825
783394,26.5835,90.5447
784001,26.6160,92.8079
784010,26.6160,92.8079
784025,26.6681,92.8527
784026,26.7330,92.8477
784027,26.6387,92.8477
784028,26.6922,92.8228
784101,26.8291,92.7481
784102,26.9349,92.7581
784103,26.8542,92.6686
784104,26.9259,92.6090
784105,26.7457,92.7979
784110,26.6581,92.4406
784111,26.8233,92.4209
784112,26.7065,92.3616
784113,26.5186,92.3222
784114,26.6607,92.2827
784115,26.4733,92.2040
784116,26.5796,92.1942
784117,26.7383,92.5693
784125,26.3807,92.0861
784144,26.4661,91.8806
784145,26.3367,91.8513
784146,26.4873,92.0567
784147,26.5127,91.9197
784148,26.4435,91.8026
784149,26.6676,92.5693
784150,26.6411,92.7282
784153,26.6890,92.6884
784154,26.6422,92.6686
784160,27.1435,93.8859
784161,27.0375,93.8961
784163,27.0681,93.8503
784164,26.9434,93.8961
784165,26.9106,93.8045
784166,26.7672,93.4296
784167,26.7346,93.3187
784168,26.8208,93.6420
784169,26.8297,93.7537
784170,26.8138,93.4498
784171,26.9137,93.4549
784172,26.7768,93.5206
784173,26.5617,92.5594
784174,26.8333,93.1178
784175,26.6929,93.0777
784176,26.7373,93.1981
784177,26.6431,93.1981
784178,26.9018,93.6928
784179,26.9094,93.3893
784180,26.7082,92.9076
784182,26.8838,92.9576
784184,26.8777,93.2383
784189,26.7305,92.9676
784190,26.5339,92.0959
784501,26.6695,92.7830
784502,26.7133,92.6487
784504,26.7843,92.6289
784505,26.7832,92.6884
784506,26.8444,92.5594
784507,26.8491,92.2827
784508,26.7090,92.2040
784509,26.7579,92.0861
784510,26.7241,91.9784
784513,26.8213,92.1794
784514,26.6165,92.0861
784521,26.6957,91.9050
784522,26.6208,91.7734
784523,26.7607,91.8904
784524,26.8189,91.9392
784525,26.6063,91.9784
784526,26.7617,91.8123
784527,26.7505,91.7636
784528,26.6314,91.8611
784529,26.4648,91.9784
785001,26.7652,94.1667
785004,26.6995,94.2026
785006,26.7242,94.1616
785007,26.7205,94.2846
785008,26.7160,94.2385
785009,26.6810,94.1283
785010,26.7688,94.2436
785013,26.7247,94.1936
785014,26.4882,94.1821
785015,26.7558,94.0849
785101,26.8165,94.2231
785102,26.8864,94.2436
785104,26.9931,94.2128
785105,27.0485,94.3257
785106,26.9003,94.1719
785107,26.7874,94.4079
785108,26.8121,93.9674
785110,27.0338,94.4182
785111,26.8382,94.2846
785112,26.8579,94.4079
785601,26.0372,93.8655
785602,26.2950,93.9266
785603,26.3399,94.0083
785609,26.5913,93.3994
785610,26.4457,94.0185
785611,26.6627,93.8350
785612,26.6345,93.5610
785613,26.5225,93.7943
785614,26.7202,93.8859
785615,26.6199,93.6725
785616,26.6729,94.1053
785618,26.6577,94.0185
785619,26.7235,93.7638
785621,26.5411,93.9776
785622,26.6123,93.9572
785625,26.5273,94.0491
785626,26.6094,94.0593
785630,26.6168,94.2128
785631,26.4434,94.1002
785632,26.5600,94.1411
785633,26.5545,94.3257
785634,26.5997,94.3874
785635,26.7047,94.4182
785636,26.7371,94.5109
785640,26.9856,94.6399
785661,26.9004,94.5521
785662,27.0822,94.7381
785663,27.0393,94.6140
785664,26.9487,94.5109
785665,26.9400,94.5986
785666,26.9024,94.6148
785667,26.9950,94.5315
785669,27.2827,94.8780
785670,27.1205,94.9870
785671,27.2123,94.7071
785672,27.1198,94.6657
785673,27.0758,94.9247
785674,27.0331,94.8002
785675,27.2081,94.8313
785676,27.2961,94.9974
785680,26.8043,94.6140
785681,26.7650,94.5573
785682,26.9036,94.4491
785683,26.8547,94.5109
785684,26.8703,94.6120
785685,26.9420,94.7174
785686,26.9392,94.8002
785687,26.8915,94.8210
785688,27.0068,94.8832
785689,26.9676,94.9974
785690,27.0002,95.0703
785691,27.0585,95.0807
785692,27.0661,95.1954
785693,27.1447,95.2893
785696,26.7895,94.7071
785697,26.9440,94.6554
785698,26.9805,94.7951
785699,26.6005,93.7384
785700,26.8134,94.3257
785701,27.0067,94.7122
785702,26.4847,93.8859
785703,26.7518,94.0185
785704,26.6506,94.2641
785705,27.1357,95.2162
786001,27.4870,94.9141
786002,27.4791,94.9611
786003,27.4615,94.9112
786004,27.4284,94.9039
786005,27.5000,94.9481
786006,27.3822,94.8832
786007,27.3048,94.7485
786008,27.4320,94.8002
786010,27.4368,94.9974
786012,27.5305,94.9974
786101,27.5743,95.0807
786102,27.4613,95.1276
786103,27.3869,95.0807
786125,27.4991,95.3678
786126,27.5117,95.3469
786145,27.4683,95.3338
786146,27.4632,95.3887
786147,27.5512,95.3835
786150,27.7004,95.4568
786151,27.6625,95.5302
786152,27.6314,95.7195
786153,27.5967,95.5670
786154,27.7388,95.6668
786155,27.8582,95.6037
786156,27.6123,95.6143
786157,27.8738,95.7932
786158,27.5536,95.3207
786159,27.5430,95.5932
786160,27.5482,95.7510
786170,27.5601,95.4568
786171,27.3937,95.5197
786173,27.3280,95.6984
786174,27.4078,95.7510
786179,27.2993,95.8248
786181,27.2611,95.6143
786182,27.3028,95.7405
786183,27.4729,95.2893
786184,27.5712,95.1641
786187,27.3027,95.5985
786188,27.3539,95.9198
786189,27.5504,95.2528
786190,27.5221,95.5302
786191,27.3275,95.4149
786192,27.5008,95.3259
786601,27.6230,95.3416
786602,27.3444,95.2789
786610,27.2717,95.3416
786611,27.1630,95.1119
786612,27.2432,95.1641
786613,27.2023,94.9974
786614,27.2216,95.4254
786621,27.2264,95.2998
786622,27.4711,94.9377
786623,27.1399,95.4149
786692,27.3723,95.3155
787001,27.2368,94.1156
787023,27.1063,93.9572
787026,27.4563,94.4182
787031,27.2340,94.0083
787032,27.3700,94.1719
787034,27.4715,94.3052
787035,27.5526,94.3360
787051,27.2786,94.0900
787052,27.1365,94.1309
787053,27.2725,94.2949
787054,27.0449,94.0491
787055,27.2204,94.4594
787056,27.4271,94.2231
787057,27.5233,94.5212
787058,27.3599,94.5006
787059,27.6087,94.7692
787060,27.7779,95.2684
787061,27.6966,94.9351
787110,27.4951,94.6657
788001,24.8232,92.8016
788002,24.8894,92.8278
788003,24.8606,92.7830
788004,24.8144,92.7991
788005,24.8085,92.7942
788006,24.8124,92.8228
788007,24.8235,92.7842
788009,24.8352,92.8727
788010,24.7964,92.7282
788011,24.7011,92.7481
788013,24.7529,92.8328
788014,24.7683,92.8054
788015,24.7862,92.8004
788025,24.8923,92.6686
788026,24.8442,92.7083
788030,24.9361,92.8677
788031,24.8875,92.9276
788098,24.8389,92.9876
788099,24.6133,92.9976
788101,24.7926,92.9276
788102,24.8855,93.0276
788103,24.7975,92.9826
788104,24.8356,93.1479
788106,24.7661,93.0676
788107,24.9188,93.1378
788108,24.9567,93.0276
788109,24.9161,92.9826
788110,24.9624,92.7282
788111,24.9376,92.7879
788112,24.6369,92.6934
788113,24.6179,92.7581
788114,24.5814,92.8079
788115,24.6518,92.8477
788116,24.6032,92.9076
788117,24.7018,92.7083
788118,24.7539,92.7830
788119,24.7219,92.9076
788120,24.4491,92.8976
788121,24.6931,92.8627
788123,24.6767,92.7879
788126,24.7082,92.9976
788127,24.9182,92.7158
788150,24.7755,92.5693
788151,24.6779,92.5520
788152,24.7283,92.5495
788155,24.6799,92.6090
788156,24.7059,92.4703
788160,24.6142,92.6338
788161,24.4796,92.5198
788162,24.2421,92.5198
788163,24.4776,92.6388
788164,24.6695,92.5198
788165,24.3833,92.5991
788166,24.6110,92.4703
788168,24.6093,92.5693
788701,24.8125,92.4802
788709,24.8804,92.3172
788710,24.8679,92.3567
788711,24.8443,92.3468
788712,24.8748,92.2926
788713,24.8259,92.3912
788719,24.7084,92.3123
788720,24.7544,92.4110
788722,24.7793,92.3320
788723,24.6835,92.3912
788724,24.6369,92.3320
788725,24.5429,92.2729
788726,24.4710,92.3123
788727,24.3998,92.3123
788728,24.2933,92.2827
788733,24.6357,92.4110
788734,24.5160,92.4703
788735,24.5771,92.3616
788736,24.4334,92.4406
788737,24.3390,92.4011
788781,24.8335,92.2778
788801,24.7982,92.6289
788802,24.8640,92.5941
788803,24.8673,92.5768
788804,25.0611,92.5099
788805,24.8944,92.5495
788806,24.8533,92.5247
788815,25.0010,92.5594
788816,24.9906,92.4703
788817,25.0463,92.6785
788818,25.1855,92.8378
788819,25.2290,93.0376
788820,24.9936,92.9576
788830,25.1067,93.2181
788831,25.3891,93.2986
788832,25.5837,93.0576
788931,25.4938,92.8178
791102,28.1158,94.9767
791104,28.1451,95.4359
791123,26.9620,93.6420
792001,28.0197,96.1951
792055,27.2356,96.9639
792056,27.4944,95.9198
792102,27.8253,96.3652
792103,27.6498,96.1103
792104,28.0360,96.8351
792105,27.6028,95.8459
792110,28.2695,95.8143
792111,27.8666,95.9621
792120,27.1023,95.7721
792121,27.2931,95.9727
792122,27.4922,96.4930
792123,27.2548,96.0467
792129,27.1803,95.5827
792130,27.0218,95.4359
792131,26.8372,95.3521
793001,25.5767,91.8879
793002,25.5830,91.8587
793003,25.5707,91.8977
793004,25.5504,91.8660
793005,25.5389,91.8367
793006,25.5763,91.9221
793007,25.5730,91.9441
793008,25.6003,91.8928
793009,25.5923,91.8221
793010,25.5147,91.8757
793011,25.5781,91.8989
793012,25.6249,92.0469
793014,25.5588,91.9026
793015,25.4121,92.0273
793016,25.5839,92.0126
793017,25.5977,91.8660
793018,25.5879,91.9417
793019,25.5942,91.9124
793021,25.5484,92.0126
793022,25.6384,91.9197
793101,26.0489,92.1647
793102,25.8875,91.8709
793103,25.7190,92.0861
793104,25.7102,91.8611
793105,25.8843,92.1058
793106,25.2065,91.3469
793107,25.1611,91.7296
793108,25.2499,91.7344
793109,25.2459,92.0469
793110,25.2959,91.8513
793111,25.3447,91.7344
793112,25.1912,91.6858
793113,25.2282,91.5596
793114,25.3484,91.3855
793115,25.5223,91.7441
793119,25.5637,91.1353
793120,25.7010,91.6372
793121,25.4169,91.6372
793122,25.6626,91.8806
793123,25.9146,91.5790
793150,25.2191,92.2630
793151,25.6214,92.2827
793160,25.3840,92.3222
793200,25.3087,92.5792
793210,25.1939,92.3616
794001,25.4968,90.2808
794002,25.9224,90.4691
794005,25.4259,90.1121
794101,25.5088,90.1776
794102,25.2353,90.5636
794103,25.2599,90.2432
794104,25.8285,90.0560
794105,25.6154,90.1121
794106,25.3548,89.8692
794107,25.7785,90.8866
794108,25.8275,90.5447
794109,25.8045,90.3372
794110,25.8031,90.7153
794111,25.6141,90.6394
794112,25.5436,90.5069
794114,25.3294,90.7153
794115,25.4260,89.9627
795001,24.8140,93.9394
795002,24.8644,93.9368
795003,24.7520,93.9317
795004,24.8118,93.9114
795005,24.8385,94.0185
795006,24.3384,93.6821
795007,25.3423,94.2128
795008,24.7448,93.9776
795009,24.6995,93.8961
795010,24.8854,94.0389
795015,25.4276,94.1207
795101,24.3205,93.8757
795102,24.0457,93.9470
795103,24.4972,93.9266
795104,25.4794,94.3771
795106,25.3369,93.9776
795107,25.0187,93.9266
795112,25.2103,93.8452
795113,24.7838,93.8452
795114,24.9333,94.0185
795115,24.8892,93.8961
795116,24.7175,93.1278
795117,24.3115,93.7638
795118,25.0143,94.0900
795122,25.1024,93.8961
795124,24.5856,93.7130
795125,25.0975,93.6218
795126,24.5841,93.7740
795127,24.3031,94.0900
795128,24.4392,93.3792
795129,25.1795,94.1104
795130,24.6974,93.9776
795131,24.3935,94.2538
795132,24.5931,93.8859
795133,24.4528,93.8045
795134,24.7016,93.8147
795135,24.4454,94.0900
795136,24.9429,93.8808
795138,24.6257,93.9980
795139,24.1487,93.6218
795140,24.7765,93.9012
795141,25.0084,93.3792
795142,25.3107,94.4800
795143,24.1577,93.2181
795144,25.2101,94.2846
795145,24.7474,94.3154
795146,24.9039,93.7841
795147,24.6308,93.2986
795148,24.5772,94.0389
795149,24.7300,94.0900
795150,25.4910,93.9674
795159,24.7182,93.6218
796001,23.7247,92.7158
796004,23.7374,92.6661
796005,23.6682,92.7183
796007,23.7422,92.7357
796008,23.7348,92.7344
796009,23.7760,92.6686
796012,23.7483,92.7257
796014,23.8577,92.7581
796017,23.9031,92.8777
796070,24.0975,92.6388
796081,24.2855,92.7581
796082,24.2036,92.6884
796091,24.3223,92.6884
796101,24.3805,92.7581
796111,24.1867,92.9576
796161,23.4984,92.8976
796181,23.3081,92.8976
796184,23.1297,93.0565
796186,23.2875,92.7183
796190,23.4778,92.7183
796261,23.8758,93.0576
796290,23.8709,93.2986
796310,23.4938,93.1378
796320,23.2050,93.2986
796321,23.6807,93.2986
796370,23.1849,93.1178
796410,23.9080,92.5991
796421,23.8424,92.6140
796431,23.6017,92.4209
796441,23.8871,92.4209
796471,24.1495,92.3616
796501,23.5992,92.5792
796571,22.9258,92.9776
796581,22.8880,93.0877
796691,23.0239,92.8178
796701,22.7382,92.8178
796710,23.2197,92.5000
796730,22.8361,92.6586
796751,22.9587,92.4406
796770,22.6228,92.5991
796891,22.3114,92.6984
796901,22.5433,93.0576
797001,25.6733,94.1079
797002,25.6801,93.9674
797003,25.7102,94.1616
797004,25.7125,94.0798
797005,25.5822,94.0900
797100,26.3087,94.2744
797101,25.3816,93.6218
797102,25.6563,94.3874
797103,25.7911,93.7943
797104,25.8102,94.3771
797105,25.7690,94.1719
797106,25.7307,93.8452
797107,25.6479,94.2744
797108,25.7107,94.5418
797109,25.9313,94.2744
797110,25.5728,93.5408
797111,26.1248,94.1104
797112,25.7358,93.6420
797113,25.9055,93.7080
797114,25.6353,94.6864
797115,25.8394,93.7537
797116,25.9333,93.7740
797117,25.9253,93.7410
797121,25.6795,94.0977
798601,26.2337,94.4182
798602,26.9161,95.1224
798603,26.3789,95.0182
798604,26.5151,94.4594
798611,25.8188,94.8521
798612,26.1018,94.8521
798613,26.6470,94.7485
798614,26.4144,94.6657
798615,26.4298,94.5521
798616,26.2703,94.7485
798617,26.3611,94.4903
798618,26.6524,94.5831
798619,26.1368,94.5006
798620,26.0182,94.5212
798621,26.7524,95.1015
798622,26.7839,94.8728
798623,26.7075,94.6967
798625,26.4560,94.8313
798626,26.0962,95.0182
798627,26.2257,94.4851
799001,23.8264,91.2819
799002,23.8503,91.2723
799003,23.7999,91.2458
799004,23.7932,91.3373
799005,23.8457,91.2879
799006,23.8708,91.3132
799007,23.8382,91.2963
799008,23.8583,91.3807
799009,23.8831,91.2554
799010,23.8561,91.2819
799012,23.9067,91.2843
799013,23.4942,91.5015
799014,23.7849,91.2626
799015,23.0966,91.3614
799022,23.7612,91.2578
799035,23.7925,91.4145
799045,23.7794,91.5402
799046,23.8489,91.4266
799101,23.6110,91.7150
799102,23.6391,91.2698
799103,23.6381,91.3855
799104,23.3962,91.7734
799105,23.4473,91.4241
799114,23.6367,91.5402
799115,23.4956,91.3469
799120,23.5774,91.5112
799125,23.3986,91.5402
799130,23.7460,91.2987
799131,23.3528,91.3469
799141,23.2069,91.6566
799142,23.2434,91.5887
799143,23.0524,91.6275
799144,23.3498,91.6566
799145,23.0514,91.7247
799150,23.2692,91.3759
799153,23.2457,91.3373
799155,23.2561,91.5015
799156,23.0768,91.5693
799157,23.1503,91.3566
799201,24.0637,91.6566
799202,24.0701,91.6129
799203,23.8738,91.6178
799204,23.9252,91.8075
799205,23.8254,91.6955
799207,24.0041,91.6664
799210,23.9118,91.3759
799211,23.9705,91.4628
799212,24.0660,91.4241
799250,24.3838,92.1892
799251,24.4253,92.1942
799253,24.3479,92.2089
799254,24.3436,92.0861
799256,24.1507,92.2827
799260,24.2475,92.1647
799261,24.4728,92.1942
799262,24.3949,92.2384
799263,24.1524,92.1647
799264,24.0579,92.1254
799266,24.0590,92.0469
799269,24.0081,92.2827
799270,24.0685,92.2138
799271,23.8666,92.2040
799273,23.7976,92.0273
799275,24.0124,91.9686
799277,24.3094,91.9784
799278,24.0134,91.8904
799279,24.3089,92.0175
799280,24.2491,92.0469
799281,24.3625,92.0126
799284,23.6333,91.8513
799285,24.1926,91.8221
799286,24.0619,91.8123
799287,24.1452,91.8026
799288,24.1196,91.9588
799289,23.7996,91.8709
799290,24.1668,91.9784
800001,25.6234,85.1324
800002,25.5752,85.1012
800003,25.6079,85.1518
800004,25.6155,85.1609
800005,25.6209,85.1654
800006,25.6162,85.1816
800007,25.5032,85.1748
800008,25.5914,85.2360
800009,25.5566,85.2567
800010,25.6464,85.1116
800011,25.6986,85.0857
800012,25.6418,85.0623
800013,25.6271,85.1103
800014,25.5952,85.0831
800015,25.6008,85.1181
800016,25.6054,85.1674
800017,25.6129,85.1366
800018,25.6480,85.0727
800019,25.6072,85.1444
800020,25.5765,85.1428
800021,25.6102,85.1280
800022,25.6002,85.1000
800023,25.6062,85.1025
800024,25.6310,85.0935
800025,25.6185,85.0727
800026,25.5923,85.1713
800027,25.5803,85.1661
800028,25.6076,85.1227
800029,25.6136,85.1038
801102,25.4066,84.8359
801103,25.5842,84.8464
801104,25.4439,84.8881
801105,25.5427,85.0130
801108,25.6328,84.8881
801109,25.4940,84.9714
801110,25.3091,84.7524
801111,25.6107,84.9297
801112,25.4997,84.7942
801113,25.5892,84.9922
801301,25.1841,85.2515
801302,25.3139,85.2412
801303,25.0895,85.2515
801304,25.3848,85.2412
801305,25.3900,85.4066
801306,25.2473,85.1946
801307,25.3006,85.3808
801501,25.4663,84.9375
801503,25.6371,85.0130
801505,25.5448,85.0753
801506,25.5945,85.0623
801507,25.5525,85.0415
802101,25.5566,83.9691
802102,25.5260,83.9427
802103,25.5286,84.0062
802111,25.5843,84.2173
802112,25.6185,84.3384
802113,25.5351,84.3174
802114,25.4281,83.8579
802115,25.4810,84.2911
802116,25.5767,84.0273
802117,25.3276,83.9956
802118,25.6212,84.1066
802119,25.5354,84.1752
802120,25.6115,84.1593
802122,25.3836,83.9215
802123,25.4692,83.9956
802125,25.3971,84.2595
802126,25.4866,84.1330
802127,25.4891,84.1963
802128,25.3582,83.8791
802129,25.3930,84.1541
802130,25.6681,84.2490
802131,25.6989,84.1330
802132,25.3188,83.7836
802133,25.5793,84.0907
802134,25.5640,84.3016
802135,25.6561,84.0960
802136,25.5250,84.1356
802152,25.5411,84.4750
802154,25.5891,84.4960
802155,25.4004,84.3437
802156,25.6452,84.5746
802157,25.5671,84.5379
802158,25.4858,84.4173
802159,25.3792,84.4068
802160,25.5877,84.7786
802161,25.5325,84.7211
802162,25.5020,84.5327
802163,25.6349,84.7786
802164,25.4022,84.7107
802165,25.6145,84.3857
802166,25.6861,84.4068
802183,25.5452,84.4278
802201,25.3641,84.6374
802202,25.3201,84.3305
802203,25.3847,84.5537
802204,25.2770,84.3595
802205,25.2122,84.3647
802206,25.4350,84.6374
802207,25.3311,84.3857
802208,25.2909,84.5746
802209,25.1912,84.4512
802210,25.4799,84.5746
802211,25.3343,84.1646
802212,25.1959,84.2490
802213,25.1859,83.9956
802214,25.1397,84.3226
802215,25.0931,84.0379
802216,25.3263,84.2595
802217,25.3196,84.0907
802218,25.1910,84.1224
802219,25.7007,84.8046
802220,25.1103,84.1752
802221,25.2765,84.1963
802222,25.2498,84.4120
802223,25.3579,84.4698
802226,25.2611,84.2542
802301,25.5774,84.6584
802302,25.5388,84.6505
802311,25.6513,84.7420
802312,25.5515,84.5956
802313,25.6246,84.6584
802314,25.6041,84.7420
802316,25.6955,84.6584
802351,25.6184,84.4908
802352,25.4852,84.7211
803101,25.1840,85.6332
803107,25.2798,85.6743
803108,25.3197,85.4272
803109,25.0210,85.5252
803110,25.3823,85.5406
803111,25.1317,85.4685
803113,25.2731,85.4479
803114,25.2814,85.3343
803115,25.0869,85.5509
803116,25.0352,85.4066
803117,25.0576,85.3653
803118,25.2270,85.4891
803119,25.2889,85.5818
803120,25.2481,85.4066
803121,25.0134,85.4685
803201,25.4679,85.2515
803202,25.4718,85.3756
803211,25.4436,85.6126
803212,25.4411,85.5303
803213,25.4218,85.6743
803214,25.4472,85.7359
803215,25.4951,85.7564
803216,25.1566,85.5097
803221,25.4253,85.7974
803301,25.3468,85.9509
803302,25.4046,85.8998
803303,25.3751,85.9049
803306,25.3495,85.8333
803307,25.3362,85.7820
804401,25.2654,84.6845
804402,25.2101,84.6270
804403,24.9379,84.9609
804404,24.9435,85.1272
804405,25.0633,85.0390
804406,25.1449,85.1376
804407,25.0740,85.1376
804408,25.2096,84.9505
804417,25.2576,84.9714
804418,25.2618,85.0961
804419,25.1544,84.7211
804420,25.1902,85.0753
804421,25.0864,84.8046
804422,25.0684,84.9714
804423,25.2122,84.8516
804424,25.0204,84.9505
804425,25.1595,84.8672
804426,25.2268,84.7629
804427,25.1272,84.9609
804428,25.1262,84.5956
804429,25.1895,84.5484
804430,25.1651,84.5275
804432,25.1980,85.1324
804434,25.1046,85.0383
804435,25.0168,84.8464
804451,25.4179,85.1687
804452,25.3557,85.0753
804453,25.4517,85.0526
804454,25.3150,84.9193
805101,24.9520,85.7974
805102,24.7768,85.6794
805103,24.8457,85.4066
805104,24.9166,85.5972
805105,24.8707,85.4479
805106,24.8248,85.9100
805107,24.8318,85.7359
805108,25.0905,85.6743
805109,24.9469,85.4221
805110,24.9211,85.5509
805111,24.8604,85.4994
805112,24.8009,85.4891
805121,24.8155,85.5818
805122,24.7516,85.4272
805123,24.9685,85.5509
805124,25.0207,85.7154
805125,24.5991,85.4788
805126,24.7055,85.4685
805127,24.6075,85.3653
805128,24.7484,85.3240
805129,24.8201,85.3446
805130,25.0062,85.6229
805131,24.6809,85.0649
805132,24.9248,85.6743
805133,24.9174,85.4272
805141,24.8525,85.6332
805236,24.8027,85.6512
811101,25.2349,85.7564
811102,25.1910,85.8793
811103,25.1518,85.7462
811104,25.2609,85.8384
811105,25.1189,85.8384
811106,25.2486,86.2666
811107,25.0639,85.9917
811112,25.2501,86.3275
811201,25.3613,86.5199
811202,25.1236,86.4794
811211,25.3028,86.5502
811212,25.2763,86.4289
811213,25.2202,86.5603
811214,25.3188,86.4744
811301,24.9785,85.8998
811302,25.2533,85.9917
811303,24.5285,86.3782
811304,25.0247,85.8589
811305,24.8847,86.3985
811307,24.9160,86.2260
811308,24.7424,86.3985
811309,25.1670,86.3174
811310,25.1166,86.1955
811311,25.2092,86.1141
811312,24.9916,86.4086
811313,25.0007,86.2971
811314,24.7143,86.2159
811315,24.9218,85.9917
811316,24.6979,86.5199
811317,24.8776,86.1141
812001,25.2561,86.9849
812002,25.2177,86.9924
812003,25.2896,87.0324
812004,25.2755,86.9223
812005,25.1652,86.9741
812006,25.1799,86.8822
812007,25.2476,86.9693
813101,25.0378,86.8822
813102,24.8240,86.8622
813103,24.8506,87.0024
813104,24.7082,87.0024
813105,25.1208,86.9741
813106,24.7481,86.6410
813107,25.0282,86.9924
813108,25.1425,86.7919
813109,24.9454,87.0024
813110,24.8887,87.1323
813113,24.9952,87.1223
813201,25.1747,86.6410
813202,24.8885,86.5603
813203,25.3780,87.3215
813204,25.1870,87.2419
813205,25.1502,87.1722
813206,25.2302,87.3364
813207,24.9386,86.6813
813208,25.1793,87.4703
813209,25.3328,87.4406
813210,25.2314,87.0824
813211,25.0361,86.8019
813212,24.9842,86.6006
813213,25.2239,86.7215
813214,25.1310,87.0974
813221,25.0790,86.6006
813222,25.2956,87.3513
814101,24.2438,87.2370
814102,24.5229,87.2419
814103,24.3599,87.4208
814110,24.2840,87.1622
814111,24.4809,87.5594
814112,24.4911,86.6888
814113,24.5726,86.7517
814114,24.3200,86.6006
814115,24.4785,86.7919
814116,24.4848,86.6737
814118,24.3759,87.0024
814119,24.2394,87.3215
814120,24.4327,86.8722
814122,24.4915,86.7089
814131,24.6558,86.7617
814133,24.8318,87.2618
814141,24.4250,87.0824
814142,24.5457,86.6107
814143,24.4297,86.7316
814144,24.0954,87.2419
814145,24.4740,87.1622
814146,24.2794,86.9223
814147,24.9522,87.3612
814148,24.0506,87.4009
814149,24.1715,86.8722
814150,24.3235,86.7617
814151,24.5659,87.0024
814152,24.4373,86.5401
814153,24.6420,87.2618
814154,25.0456,87.2817
814155,25.0087,87.2121
814156,24.7631,87.4009
814157,24.5151,86.8421
814158,24.4294,87.3215
814160,25.1892,87.3612
814165,25.0594,87.3910
814166,24.0917,87.0424
814167,24.1780,87.2121
815301,24.1356,86.3275
815302,24.2081,85.9100
815311,24.1185,86.1141
815312,24.2437,86.3782
815313,24.6848,85.9917
815314,24.5245,86.2159
815315,24.3579,86.1955
815316,24.2620,86.1548
815317,24.5436,86.0326
815318,24.3669,86.0835
815351,23.9935,86.8822
815352,24.0574,86.5401
815353,24.2259,86.6410
815354,23.8621,86.8521
815355,23.9016,87.0424
815357,24.0877,86.8421
815359,23.9521,87.2021
816101,24.8649,87.8353
816102,24.9334,87.6581
816103,24.1965,87.5989
816104,24.7183,87.5594
816105,24.7796,87.6877
816106,24.4364,87.7567
816107,24.5537,87.6581
816108,25.0066,87.7960
816109,25.2406,87.5989
816110,24.8048,87.7862
816115,25.1951,87.7173
816116,25.0403,87.6680
816117,24.2927,87.6778
816118,24.1945,87.4802
816120,25.0504,87.5594
816129,25.1120,87.7074
821101,25.0091,83.7199
821102,24.8164,83.6348
821103,24.9717,83.4003
821104,24.8008,83.8261
821105,25.2115,83.4857
821106,25.0661,83.4003
821107,25.1807,83.8685
821108,25.1771,83.7836
821109,25.1699,83.6136
821110,25.2662,83.6561
821111,24.9461,83.9109
821112,25.2419,83.9215
821113,25.0862,83.8685
821115,24.9513,84.0379
821301,25.0035,84.1646
821302,24.7168,84.0141
821303,24.6763,83.9638
821304,24.5643,83.8261
821305,24.9196,84.1330
821306,25.0419,84.2384
821307,24.9286,84.2121
821308,24.8333,84.1198
821309,25.1665,84.4068
821310,25.0696,84.3437
821311,24.6151,83.9109
821312,24.8461,84.0696
822101,24.0420,84.0907
822102,23.9734,84.1541
822110,24.0045,84.0379
822111,23.8181,84.1224
822112,24.4590,83.5710
822113,24.2755,84.3121
822114,24.1839,83.7836
822115,24.4731,83.9109
822116,24.5255,84.0379
822117,24.5335,83.9427
822118,24.0125,84.2490
822119,23.4157,84.1435
822120,24.3784,83.9109
822121,24.2046,83.4323
822122,23.9973,84.4803
822123,24.1515,84.1646
822124,24.2625,83.9744
822125,23.7363,83.8473
822126,23.8749,84.3752
822128,24.2224,83.5710
822129,24.3189,83.6136
822131,24.5230,84.2805
822132,23.9415,83.9427
822133,24.1926,83.7093
823001,24.7912,84.9974
823002,24.8345,85.0545
823003,24.7872,85.0545
823004,24.7357,84.9297
823005,24.7573,84.9583
823311,24.8988,85.2101
824101,24.7703,84.2490
824102,24.7148,84.3437
824103,24.7798,84.5012
824111,24.5940,84.2805
824112,24.8649,84.2490
824113,24.9675,84.4593
824114,25.0316,84.5956
824115,24.9584,84.5327
824116,24.8820,84.7107
824118,24.7414,84.7524
824120,25.0652,84.5432
824121,24.8339,84.3647
824122,24.7828,84.5851
824123,24.6267,84.2068
824124,24.9155,84.3332
824125,24.8653,84.5746
824127,25.1399,84.4855
824129,24.9202,84.6217
824143,25.0621,84.4593
824201,24.4670,85.0441
824202,24.6331,84.3752
824203,24.9751,84.6688
824205,24.6604,84.8046
824206,24.4483,84.5012
824207,24.9200,84.7838
824208,24.6896,84.6270
824209,24.7931,84.8776
824210,24.6492,84.4908
824211,24.5419,84.8046
824216,24.5954,84.4750
824217,24.5934,84.5851
824219,24.5979,84.7107
824220,24.5103,84.9193
824231,24.6416,84.9505
824232,24.6524,85.2826
824233,24.5198,85.2101
824234,24.6951,84.9557
824235,25.0147,84.7838
824236,24.9222,84.8464
824237,24.5914,84.8672
824301,24.6112,84.1118
824302,24.5410,84.1330
824303,24.6691,84.0802
825101,23.5701,85.5921
825103,24.0389,85.0026
825106,23.9718,85.9509
825108,24.0255,86.1955
825109,24.2500,85.7051
825132,24.6329,85.8281
825167,23.9750,86.0734
825301,24.0082,85.3498
825302,23.9069,85.3343
825303,23.9709,85.4891
825311,23.8082,85.2101
825312,24.0138,85.7462
825313,24.0323,85.5612
825314,23.7888,85.5561
825315,23.9083,85.7974
825316,23.7578,85.5097
825317,24.0408,85.4479
825318,24.3472,85.7872
825319,24.0955,85.2929
825320,24.1562,85.7462
825321,23.8491,85.0026
825322,24.0657,85.9100
825323,24.1527,85.6229
825324,24.2114,86.0326
825325,23.8690,85.6640
825326,23.8290,85.5097
825329,23.9800,86.2768
825330,23.7779,85.3860
825336,23.8515,85.4685
825401,24.2015,84.8985
825402,24.0992,85.4169
825403,24.3883,84.8151
825404,24.2847,84.5641
825405,24.2787,85.4685
825406,24.4019,85.2308
825407,24.6294,85.7051
825408,24.2801,85.1272
825409,24.4800,85.4582
825410,24.4721,85.5921
825411,24.1929,85.3756
825412,24.4487,86.0326
825413,24.2939,85.5818
825418,24.4542,85.7974
825421,24.3706,85.5664
826001,23.7996,86.4339
826003,23.7973,86.4617
826004,23.8530,86.4289
826005,23.7891,86.4946
827001,23.6735,86.1294
827003,23.6592,86.1523
827004,23.6740,86.1497
827006,23.6655,86.1675
827009,23.7041,86.1650
827010,23.6307,86.0835
827011,23.6756,86.0963
827012,23.6522,86.1116
827013,23.5989,86.2362
827014,23.7020,86.0835
827302,23.5442,85.9509
828101,23.7892,86.3706
828103,23.7555,86.3275
828104,23.8278,86.3681
828105,23.9829,86.3985
828106,23.7609,86.4314
828107,23.6467,86.5047
828108,23.7173,86.4744
828109,23.8691,86.6208
828110,23.7072,86.4213
828111,23.7434,86.4466
828112,23.7175,86.4175
828113,23.8496,86.2870
828114,23.8244,86.2260
828115,23.7018,86.4466
828116,23.7744,86.3732
828117,23.7509,86.3833
828119,23.6834,86.4213
828120,23.6577,86.4643
828121,23.7975,86.3427
828122,23.6703,86.4946
828123,23.6815,86.4643
828124,23.7593,86.4895
828125,23.8074,86.2616
828126,23.6686,86.4238
828127,23.8301,86.4693
828128,23.7718,86.2616
828129,23.7080,86.3275
828130,23.6910,86.4921
828131,23.7311,86.4263
828132,23.6896,86.4314
828133,23.7196,86.4415
828134,23.5047,86.2768
828135,23.6604,86.4516
828201,23.7014,86.5603
828202,23.7239,86.7768
828203,23.7598,86.7869
828204,23.7404,86.7115
828205,23.8354,86.7115
828206,23.6999,86.7668
828207,23.8134,86.7919
828301,23.7155,86.3934
828302,23.6917,86.3934
828303,23.6381,86.3884
828304,23.7725,86.2920
828305,23.7473,86.2311
828306,23.8289,86.1701
828307,23.7700,86.1904
828308,23.7359,86.2514
828309,23.7366,86.4061
828401,23.8941,86.1650
828402,23.8840,86.2362
828403,23.7849,86.0734
828404,23.7516,86.1650
829101,23.6129,85.4272
829102,23.5735,85.5046
829103,23.6451,85.5149
829104,23.8172,85.9407
829105,23.6296,85.3911
829106,23.5867,85.3446
829107,23.8393,85.8793
829108,23.7060,85.3653
829109,23.7079,85.4272
829110,23.5619,85.7256
829111,23.7658,85.7974
829112,23.9221,85.8691
829113,23.7448,85.8998
829114,23.7520,85.9458
829116,23.7614,85.8537
829117,23.6865,85.5097
829118,23.6792,85.2619
829119,23.6079,85.2619
829121,23.5896,85.8691
829122,23.6098,85.5252
829123,23.7012,85.8230
829125,23.6793,85.3350
829126,23.6661,85.3274
829127,23.7265,85.6640
829128,23.6714,85.8179
829129,23.6774,85.4014
829130,23.7875,85.6152
829131,23.7178,85.5664
829132,23.7306,86.0377
829133,23.6646,85.3705
829134,23.7422,85.5869
829135,23.6494,85.3575
829143,23.6275,85.3188
829144,23.8430,86.0224
829149,23.7357,85.7820
829150,23.6651,85.5921
829202,23.9112,84.7316
829203,23.6955,84.6688
829204,23.6806,84.2490
829205,23.5655,85.0441
829206,23.7861,84.5432
829207,23.7341,84.4173
829208,23.6694,84.9505
829209,23.6400,85.1479
829210,23.6537,84.8359
829301,23.6868,85.9509
831001,22.8229,86.2150
831002,22.6192,86.0530
831003,22.7870,86.2286
831004,22.7795,86.2870
831005,22.8092,86.1625
831006,22.7740,86.1828
831007,22.7717,86.2108
831009,22.8079,86.2311
831010,22.7636,86.2438
831011,22.8214,86.1726
831012,22.8295,86.2585
831013,22.7824,86.1599
831014,22.7751,86.1039
831015,22.7496,86.2819
831016,22.7253,86.2616
831017,22.7965,86.2514
831018,22.8553,86.2209
831019,22.7878,86.2641
831020,22.9002,86.1090
832101,22.2778,86.7617
832102,22.6493,86.3174
832103,22.5689,86.4491
832104,22.4364,86.3782
832105,22.9124,86.3782
832106,22.6331,86.3934
832107,22.6940,86.1955
832108,22.8465,86.1039
832109,22.7909,86.1421
832110,22.8426,86.1904
832111,22.6925,86.2590
832301,22.4675,86.7215
832302,22.4416,86.6208
832303,22.6546,86.5603
832304,22.6996,86.4390
832401,22.9776,86.1141
832402,22.8435,85.9815
832403,23.1152,85.9100
832404,22.9735,85.9509
833101,22.6838,85.7872
833102,22.7989,85.6435
833103,22.6945,85.3136
833104,22.4043,85.1479
833105,22.5345,85.5406
833106,22.4091,85.3136
833201,22.5477,85.8128
833202,22.4885,85.8230
833203,22.1571,85.6640
833204,22.3296,85.8896
833212,22.2205,85.5869
833213,22.2444,85.3756
833214,22.1392,85.8896
833215,22.4448,85.7462
833216,22.8731,85.7462
833217,22.1649,85.5097
833218,22.3209,85.5612
833219,22.6870,85.9100
833220,22.7832,85.9509
833221,22.1603,85.3446
833222,22.1908,85.1687
833223,22.0969,85.2101
834001,23.3780,85.3188
834002,23.3479,85.3033
834003,23.2952,85.3291
834004,23.2510,85.2412
834005,23.3691,85.2205
834006,23.4910,85.3240
834008,23.4021,85.3291
834009,23.3918,85.3808
834010,23.2431,85.3756
834011,23.2431,85.3756
835101,23.3939,85.6640
835102,23.3022,85.7872
835103,23.3904,85.5406
835201,22.5868,84.8985
835202,23.2548,84.9818
835203,23.2277,84.8776
835204,23.1794,85.6435
835205,23.5219,85.1687
835206,23.0421,84.3121
835207,23.0150,84.5537
835208,23.2179,84.5851
835209,23.1868,85.0857
835210,23.0773,85.3963
835211,22.7715,84.7316
835212,22.5611,84.1435
835213,23.5445,84.7629
835214,23.4808,84.9922
835215,23.4048,85.4221
835216,22.8847,85.3136
835217,23.4636,85.4014
835218,23.3270,84.3121
835219,23.5306,85.4582
835220,22.8609,84.5641
835221,23.1456,85.2929
835222,23.4410,85.2412
835223,22.6622,84.3121
835225,22.9914,85.7256
835226,22.4563,84.5432
835227,22.9466,85.0026
835228,22.6939,84.5432
835229,22.9385,84.7524
835230,23.2013,84.1224
835231,23.4279,84.4803
835232,22.9271,84.4173
835233,23.1200,84.5012
835234,23.0647,84.9818
835235,22.5456,84.3752
835301,23.3755,85.0441
835302,23.4337,84.6479
835303,23.2722,85.1583
835324,23.1516,84.7316
835325,23.4163,84.8359
841101,25.6893,85.1583
841201,25.9039,84.5537
841202,25.8231,84.9297
841203,25.9926,84.4068
841204,26.0141,84.5065
841205,25.9290,84.5956
841206,26.0006,84.6165
841207,25.7058,84.9505
841208,25.9560,84.5275
841209,25.8844,84.5065
841210,25.9674,84.3647
841211,25.7501,84.8672
841212,25.9905,84.5065
841213,25.8614,84.6793
841214,25.8424,84.6427
841215,25.9454,85.0545
841216,25.7651,85.1324
841217,25.8066,85.1376
841218,25.9168,84.9089
841219,25.8753,85.0753
841220,25.8045,85.0753
841221,25.7970,85.0285
841222,25.8489,84.9922
841223,25.9658,84.4750
841224,26.0453,84.5537
841225,25.8010,84.9714
841226,26.2022,84.3437
841227,26.2720,84.3226
841231,26.1108,84.2648
841232,26.2891,84.4593
841233,26.1068,84.4645
841234,26.0315,84.1963
841235,26.1475,84.1541
841236,26.1035,84.3805
841237,26.1717,84.3174
841238,26.1145,84.5117
841239,26.2173,84.1330
841240,26.0694,84.4120
841241,26.1584,84.4278
841242,26.1225,84.5694
841243,26.3149,84.2173
841244,26.0868,84.5589
841245,26.1867,84.2490
841286,26.1324,84.3647
841287,26.0794,84.2173
841301,25.7868,84.7368
841302,25.7944,84.7838
841305,25.7898,84.6584
841311,25.8453,84.8881
841312,25.7457,84.7420
841313,25.8575,84.5746
841316,25.8401,84.7420
841401,25.9890,84.9505
841402,25.9011,84.9661
841403,25.9801,84.7002
841404,26.0414,84.4488
841405,26.3994,84.5746
841406,26.1686,84.7002
841407,26.3531,84.5956
841408,26.0979,84.7002
841409,26.2970,84.6688
841410,26.1746,84.8672
841411,26.0089,84.8464
841412,25.9143,84.6741
841413,26.2545,84.7942
841414,25.8652,84.7838
841415,25.8488,84.8203
841416,26.2089,84.6741
841417,26.1131,84.7942
841418,25.9571,84.8829
841419,25.9131,84.8046
841420,26.3727,84.4908
841421,26.0474,84.7681
841422,26.0500,84.6793
841423,26.4082,84.6531
841424,26.0704,84.9193
841425,26.4586,84.2805
841426,26.4169,84.1224
841427,26.4441,84.5117
841428,26.5130,84.4698
841434,26.2817,84.5746
841435,26.1676,84.0696
841436,26.3434,84.3437
841437,26.3798,84.6793
841438,26.3871,84.2595
841439,26.2111,84.5746
841440,26.4270,84.3752
841441,26.5597,84.1646
841442,25.8937,84.7577
841443,25.9603,84.8046
841446,26.1461,84.2648
841460,25.9197,84.9922
841501,26.5795,84.3647
841502,26.5291,84.2805
841503,26.5778,84.3226
841504,25.9999,84.2911
841505,26.5341,84.4068
841506,26.1835,84.4698
841507,26.1070,84.6270
841508,26.4944,84.0062
841509,25.9954,84.3279
842001,26.1517,85.4118
842002,26.0921,85.3911
842003,26.1386,85.3705
842004,26.1797,85.3970
842005,26.0979,85.4002
843101,26.0404,85.0753
843102,26.2178,85.2671
843103,26.2203,85.5303
843104,25.9391,85.5921
843105,25.9857,85.5715
843106,26.2690,85.0389
843107,26.0848,84.9922
843108,26.1605,85.3451
843109,26.2077,85.3188
843110,25.8089,85.5818
843111,26.3004,85.0961
843112,26.0565,85.0285
843113,26.0952,85.3033
843114,25.8973,85.5766
843115,26.0577,85.6126
843117,26.3133,85.4891
843118,26.1406,85.6229
843119,26.0310,85.5097
843120,26.1783,84.9714
843121,25.9875,85.6332
843122,26.1583,85.0753
843123,26.1261,85.1687
843124,26.2055,85.0753
843125,26.2604,84.9609
843126,26.0054,85.4479
843127,26.2922,85.3808
843128,26.2615,85.3446
843129,26.2824,85.2619
843130,26.2403,85.2360
843143,26.0190,85.1376
843146,26.0769,85.4685
843301,26.5932,85.4968
843302,26.5704,85.4272
843311,26.4311,85.4891
843312,26.3165,85.5921
843313,26.7075,85.3033
843314,26.5151,85.5406
843315,26.5078,85.4943
843316,26.4291,85.4272
843317,26.7619,85.5303
843318,26.3419,85.6538
843319,26.5576,85.7769
843320,26.5201,85.7051
843321,26.2833,85.6640
843322,26.6227,85.5921
843323,26.4620,85.5355
843324,26.7072,85.6640
843325,26.4984,85.3860
843326,26.4101,85.5715
843327,26.7008,85.4582
843328,26.3699,85.4169
843329,26.4601,85.2929
843330,26.8001,85.6229
843331,26.6258,85.6948
843332,26.7650,85.4427
843333,26.4706,85.6229
843334,26.5906,85.3240
843351,26.6672,85.3291
843360,26.3080,85.3240
844101,25.6441,85.2205
844102,25.6926,85.2619
844103,25.7375,85.3705
844111,25.9752,85.2412
844112,25.9334,85.4066
844113,25.8127,85.3240
844114,25.8593,85.3033
844115,25.6723,85.3653
844116,25.8817,85.4530
844117,25.8390,85.2257
844118,25.9307,85.3240
844119,25.8087,85.1998
844120,25.9914,85.3756
844121,25.8552,85.1790
844122,25.8389,85.4066
844123,25.9044,85.2412
844124,25.7129,85.3395
844125,25.7635,85.2619
844126,25.7700,85.4685
844127,26.0365,85.4082
844128,25.9361,85.1272
844501,25.6781,85.5509
844502,25.7091,85.2913
844503,25.6420,85.3395
844504,25.6257,85.3860
844505,25.7241,85.5097
844506,25.6162,85.4582
844507,25.6532,85.5097
844508,25.5217,85.4582
844509,25.6804,85.4324
845101,27.1700,84.1646
845102,27.2790,84.5432
845103,27.1300,84.3332
845104,26.9807,84.1224
845105,27.3764,84.0590
845106,27.2690,84.2911
845107,27.4047,83.9003
845301,26.8828,84.9297
845302,26.8266,85.0026
845303,26.8195,85.1376
845304,26.7490,85.1376
845305,26.9554,84.6688
845306,27.1415,84.6270
845307,27.0428,84.5012
845315,26.7340,85.0441
845401,26.6705,84.9089
845406,26.3221,85.2153
845411,26.5461,84.7211
845412,26.4046,85.0441
845413,26.4587,84.9089
845414,26.5131,85.1168
845415,26.5742,84.8464
845416,26.5793,84.9922
845417,26.8570,84.8672
845418,26.6913,85.1687
845419,26.4951,84.6165
845420,26.4546,85.1272
845422,26.6394,84.7002
845423,26.3829,84.7629
845424,26.3046,84.8776
845425,26.5398,84.5537
845426,26.3475,85.0961
845427,26.5872,85.2205
845428,26.5822,85.0753
845429,26.5263,84.8255
845430,26.5145,85.1583
845431,26.7766,84.9193
845432,26.3881,84.9089
845433,26.8540,84.7838
845434,26.4527,84.7420
845435,26.7145,84.8255
845436,26.3995,85.2412
845437,26.6311,84.7942
845438,26.7595,84.4593
845440,26.8979,84.7002
845449,26.9506,84.5432
845450,26.8672,84.5117
845451,26.9457,84.4173
845452,26.8484,84.3332
845453,26.9893,84.3332
845454,26.8145,84.6688
845455,27.2272,84.4173
845456,26.7592,84.7629
845457,26.5851,85.1583
845458,26.6233,84.5851
845459,26.7092,84.3752
846001,26.1076,85.9049
846002,26.0638,85.8179
846003,26.1309,85.8947
846004,26.1516,85.8972
846005,26.1890,85.8640
846006,26.1536,85.8640
846007,26.1786,85.9151
846008,26.1634,85.8972
846009,26.1559,85.9458
847101,26.0212,85.9815
847102,26.3939,85.8179
847103,26.0256,86.1446
847104,26.2271,85.7564
847105,25.9521,86.0428
847106,26.1391,85.7718
847107,26.1310,85.6948
847108,26.4028,86.6006
847109,26.3606,86.0988
847115,26.2100,85.9815
847121,26.2554,85.9202
847122,26.3376,85.9100
847123,26.1857,85.7513
847201,26.1085,86.1548
847203,25.9228,86.2768
847204,26.1673,86.2590
847211,26.3455,86.0861
847212,26.3120,86.0479
847213,26.4239,86.0428
847214,26.3327,86.0504
847215,26.3951,86.0683
847222,26.4222,85.9815
847223,26.4319,85.9100
847224,26.4534,86.2666
847225,26.6353,86.0224
847226,26.5318,86.1141
847227,26.4911,86.3580
847228,26.4990,86.2057
847229,26.5181,86.0428
847230,26.5273,85.9509
847231,26.2868,86.2057
847232,26.5723,86.3072
847233,26.1184,86.0835
847234,26.3014,86.0886
847235,26.3816,86.2260
847236,26.4031,86.1446
847238,26.3581,86.0071
847239,26.2369,86.1039
847240,26.6166,85.9866
847301,26.0253,85.9151
847302,26.3800,85.7462
847303,26.0707,86.0632
847304,26.3232,85.8179
847305,26.4888,85.8384
847306,26.2537,85.8589
847307,26.2797,85.7410
847308,26.5359,85.8384
847337,26.2583,86.0224
847401,26.3832,86.2870
847402,26.2694,86.4491
847403,26.3507,86.3985
847404,26.2357,86.2819
847405,26.1238,86.2870
847407,26.2016,86.2238
847408,26.1610,86.3580
847409,26.3878,86.4693
847410,26.2192,86.3275
847411,26.3135,86.3275
847421,26.4951,86.5199
847422,26.1672,86.1446
847423,26.1405,86.2514
847424,26.2561,86.1599
847427,26.0183,86.3174
847428,26.1639,85.8128
847429,26.1162,86.0020
847451,26.4361,86.7668
847452,26.3195,86.5704
848101,25.8501,85.7769
848102,25.8801,85.7923
848113,25.9192,85.7154
848114,25.6756,85.8691
848115,25.9588,85.6589
848117,25.8197,85.9509
848121,25.8063,85.6897
848122,25.8223,85.6332
848125,26.0015,85.7051
848127,25.6830,85.7154
848129,25.8786,85.7410
848130,25.8417,85.6897
848131,25.8937,85.6538
848132,25.7805,85.8179
848133,25.9251,85.9202
848134,25.8519,85.8384
848160,25.9498,85.9611
848201,25.5909,86.2362
848202,25.6339,86.0734
848203,25.6413,86.3580
848204,25.6834,86.1548
848205,25.8152,86.2260
848206,25.7433,86.1853
848207,25.6750,86.2870
848208,25.8120,86.1039
848209,25.8713,86.1141
848210,25.7686,86.0275
848211,25.7142,85.9815
848213,25.7821,86.3174
848216,25.8109,86.0632
848236,25.7603,85.9407
848301,25.9700,85.8384
848302,25.9918,85.7769
848501,25.5636,85.6743
848502,25.6063,85.7205
848503,25.6156,85.8384
848504,25.6321,85.5921
848505,25.7290,85.6743
848506,25.5157,85.6538
851101,25.4112,86.1446
851111,25.5338,85.8691
851112,25.5314,85.9968
851113,25.4951,85.9662
851114,25.5064,85.9458
851115,25.5160,85.9739
851116,25.4726,86.0071
851117,25.4132,86.1116
851118,25.4250,85.9968
851120,25.5465,86.0096
851126,25.3891,86.2057
851127,25.5284,86.1039
851128,25.6269,85.9228
851129,25.3070,86.2362
851130,25.5365,86.1904
851131,25.4816,86.1243
851132,25.5504,86.0428
851133,25.5482,85.9611
851134,25.4156,86.0886
851135,25.4595,86.1853
851201,25.5534,86.6410
851202,25.4485,86.7115
851203,25.3168,86.6410
851204,25.5125,86.4086
851205,25.5506,86.5199
851210,25.4321,86.0428
851211,25.4500,86.2768
851212,25.3784,86.7517
851213,25.4880,86.6258
851214,25.4922,86.5502
851215,25.5603,86.4289
851216,25.3074,86.7517
851217,25.4410,86.3884
851218,25.3884,86.4137
852101,25.7505,87.0024
852105,26.3113,86.7215
852106,25.7861,86.4794
852107,25.8292,86.8120
852108,26.2534,86.7718
852109,26.2307,86.8120
852110,26.0137,86.6107
852111,26.2850,86.8672
852112,26.0341,87.0024
852113,25.8773,86.8521
852114,25.9371,86.8822
852115,25.7015,86.9223
852116,25.6086,87.0024
852121,25.9224,86.7517
852122,25.8923,87.0024
852123,25.9741,86.4390
852124,25.9423,86.5905
852125,26.2453,86.9424
852126,25.6925,86.5199
852127,25.7060,86.5905
852128,26.0530,86.7819
852129,25.6860,86.7517
852130,26.0715,86.5603
852131,26.1539,86.5502
852137,25.9799,86.6813
852138,26.2141,86.6006
852139,26.1616,86.8923
852161,25.5561,86.7617
852201,25.8898,86.6158
852202,25.8237,86.5704
852212,25.8464,86.5300
852213,25.5114,86.8822
852214,26.1169,87.0124
852215,26.4083,86.8421
852216,25.8676,86.4289
852217,25.7583,86.8120
852218,26.1594,86.7919
852219,25.8738,86.6913
852220,25.6061,86.8822
852221,25.8024,86.6712
853201,25.4176,86.9223
853202,25.3598,86.9924
853203,25.3810,86.8722
853204,25.4690,87.1223
853205,25.3277,87.1622
854101,25.4185,87.6088
854102,25.8947,87.1223
854103,25.4889,87.5692
854104,25.5201,87.3215
854105,25.5119,87.5297
854106,25.5349,87.4901
854107,25.5164,87.6260
854108,25.6635,87.4009
854109,25.5774,87.5544
854112,25.3025,87.7665
854113,25.3243,87.6482
854114,25.6260,87.2917
854115,25.5579,87.4505
854116,25.4920,87.7665
854117,25.4320,87.7173
854201,25.9578,87.3314
854202,25.8963,87.2021
854203,25.7641,87.0924
854204,25.6583,87.1223
854205,25.7071,87.2021
854301,25.7770,87.4654
854302,25.7775,87.4951
854303,25.7468,87.4307
854304,25.8534,87.4406
854305,25.7807,87.5124
854306,25.8156,87.3116
854311,26.1862,87.5594
854312,26.0418,87.4009
854315,25.9765,87.7370
854316,26.3338,87.2320
854317,25.7190,87.9139
854318,26.2750,87.2419
854325,26.0568,87.5890
854326,25.8088,87.5989
854327,25.9610,87.5099
854328,26.3641,87.2768
854329,26.1523,87.6482
854330,25.8901,87.5099
854331,26.3258,87.4406
854332,26.3857,87.4901
854333,26.2807,87.5594
854334,26.0613,87.1822
854335,26.2718,87.0824
854336,26.3790,87.1323
854337,25.6662,87.5594
854338,26.3322,87.1523
854339,26.4246,87.0524
854340,26.4581,86.9624
855101,26.3544,87.7370
855102,25.5424,87.9825
855105,25.7167,87.7567
855106,26.5371,88.1389
855107,26.1912,87.8746
855108,26.1376,87.8402
855113,25.5759,87.8353
855114,25.5735,87.6778
855115,26.3340,87.9531
855116,26.4668,88.1779
855117,26.3844,88.1877
